Артикул,Родительский артикул,Название (UA),Название модификации (UA),Раздел,Розмір,Цена,Валюта,Наличие,Отображать,Бренд,Выгружать на маркетплейсы,Фото,Описание товара (UA)
DR-2048-74-O,DR-2048-74-O,Комбінезон зимовий Аполло Чарівний Ліс з опушкою,Комбінезон зимовий Аполло Чарівний Ліс з опушкою 74/80 см,Одяг/Комбінезони,74/80,3095,UAH,Немає в наявності,Да,ДоРечі,Google Feed for Merchant Center,"https://dorechi.ua/content/images/27/fairy_forest_74_fur-19579465825530_+9422669f27.jpg;https://dorechi.ua/content/images/27/fairy_forest_74_fur-86498220514411_+fd57e98b03.jpg;https://dorechi.ua/content/images/27/fairy_forest_74_fur-59033678075442_+3d569ed4d0.jpg;https://dorechi.ua/content/images/27/fairy_forest_74_fur-69360226940285_+20b72769cd.jpg;https://dorechi.ua/content/images/27/fairy_forest_74_fur-46632995010925_+ae7b8e7a74.jpg;https://dorechi.ua/content/images/27/45699209854155_+926f0e9a04.jpeg;https://dorechi.ua/content/images/27/30644105860611_+97ff071951.jpeg;https://dorechi.ua/content/images/27/22254026189689_+1cc6d136c7.jpeg;https://dorechi.ua/content/images/27/15986167686511_+e1f782d0fd.jpeg;https://dorechi.ua/content/images/27/fairy_forest_74_fur_n-37179494051298_+d2bf3a2362.jpg","<p>Зимовий комбінезон Аполло ДоРечі - це 100% впевненості у теплі та комфорті вашої дитини.</p> <p>Він дуже практичний та зручний. Оздоблений великою кількістю світловідбивних елементів для безпеки на дорозі у темний час доби.</p> <p>Верх - мембранна тканина, яка забезпечить вітронепродуваємість та водовідштовхування в будь яку несприятливу погоду. Водонепроникність 10000 мм. Повітропроникність 5000 гр/м&sup2;.</p> <p>Надсучасний утеплювач Termoloft&trade; active 300 гр/м&sup2; гарантує відмінну теплоізоляцію та не втягує вологу ззовні. М&rsquo;яка структура волокна не стримує природний рух і підвищує відчуття комфорту в одязі.</p> <p>Підкладка:</p> <p>Груди та спинка - антипілінговий фліс Polar.</p> <p>Рукави та штанини - високоякісний підкладковий атлас, який є запорукою легкого та зручного одягання. А для найменших (у моделях 74 розміру) є тканеві відвороти на рукавах та штанинах, тому цей комбінезон можна використовувати вже з 6 місяців.</p> <p>Крій капюшону забезпечує його щільне прилягання до голови дитини та створює надійний захист від вітру та дощу.</p> <p>Еластичні манжети на рукавах та штанинах, резинка на талії та вільний продуманий крій дозволяють дитині вільно рухатись.</p> <p>Довга застібка, захищена внутрішньою вітрозахисною планкою, сприяє швидкому одяганню.</p> <p>Силіконові штрипки не дозволяють штанинам підстрибувати, коли малюк активно рухається.</p> <p>Зручна кишенька стане у пригоді для зберігання дитячих скарбів.</p> <p>Зверніть увагу, що комбінезон має близько 6 см для зростання.</p> <p>Температурний режим від +5 до - 20&deg;С.</p>"
DR-2095-74-O,DR-2095-74-O,Комбінезон зимовий Аполло Леопард з опушкою,Комбінезон зимовий Аполло Леопард з опушкою 74/80 см,Одяг/Комбінезони,74/80,3095,UAH,Немає в наявності,Да,ДоРечі,Google Feed for Merchant Center,"https://dorechi.ua/content/images/21/apollo_leopard_fur_74-75231542445257_+49ff69b913.jpg;https://dorechi.ua/content/images/21/apollo_leopard_fur_74-53742445376024_+d9f8d7edda.jpg;https://dorechi.ua/content/images/21/apollo_leopard_fur_74-93234766222022_+3cd546dc3b.jpg;https://dorechi.ua/content/images/21/apollo_leopard_fur_74-72456750629649_+64b957fc55.jpg;https://dorechi.ua/content/images/21/apollo_leopard_fur_74-34533130810642_+1b69213472.jpg;https://dorechi.ua/content/images/21/apollo_leopard_fur_74-82404662259779_+10341b8b8e.jpg;https://dorechi.ua/content/images/21/apollo_leopard_fur_74-52201302661607_+6d88862a73.jpg;https://dorechi.ua/content/images/21/apollo_leopard_fur_74-86433094319770_+49a22553c9.jpg","<p>Зимовий комбінезон Аполло ДоРечі - це 100% впевненості у теплі та комфорті вашої дитини.</p> <p>Він дуже практичний та зручний. Оздоблений великою кількістю світловідбивних елементів для безпеки на дорозі у темний час доби.</p> <p>Верх - мембранна тканина, яка забезпечить вітронепродуваємість та водовідштовхування в будь яку несприятливу погоду. Водонепроникність 10000 мм. Повітропроникність 5000 гр/м&sup2;.</p> <p>Надсучасний утеплювач Hollowsoft&trade; 300 гр/м&sup2; гарантує відмінну теплоізоляцію та не втягує вологу ззовні. М&rsquo;яка структура волокна не стримує природний рух і підвищує відчуття комфорту в одязі.</p> <p>Підкладка:</p> <p>Груди та спинка - антипілінговий фліс Polar.</p> <p>Рукави та штанини - високоякісний підкладковий атлас, який є запорукою легкого та зручного одягання.</p> <p>Крій капюшону забезпечує його щільне прилягання до голови дитини та створює надійний захист від вітру та дощу.</p> <p>Декор капюшону - штучне антиалергенне хутро, що кріпиться на застібку-молнію.</p> <p>Еластичні манжети на рукавах та штанинах, резинка на талії та вільний продуманий крій дозволяють дитині вільно рухатись.</p> <p>Довга застібка, захищена внутрішньою вітрозахисною планкою, сприяє швидкому одяганню.</p> <p>Силіконові штрипки не дозволяють штанинам підстрибувати, коли малюк активно рухається.</p> <p>Зручна кишенька стане у пригоді для зберігання дитячих скарбів.</p> <p>Зверніть увагу, що комбінезон має близько 6 см для зростання.</p> <p>Температурний режим від +5 до - 20&deg;С.</p>"
DR-2095-80-O,DR-2095-74-O,Комбінезон зимовий Аполло Леопард з опушкою,Комбінезон зимовий Аполло Леопард з опушкою 80/86 см,Одяг/Комбінезони,80/86,3095,UAH,В наявності,Да,ДоРечі,Google Feed for Merchant Center,"https://dorechi.ua/content/images/22/apollo_leopard_fur_80-93503349948689_+d1c847a21f.jpg;https://dorechi.ua/content/images/21/apollo_leopard_fur_74-53742445376024_+d9f8d7edda.jpg;https://dorechi.ua/content/images/21/apollo_leopard_fur_74-93234766222022_+3cd546dc3b.jpg;https://dorechi.ua/content/images/21/apollo_leopard_fur_74-72456750629649_+64b957fc55.jpg;https://dorechi.ua/content/images/21/apollo_leopard_fur_74-34533130810642_+1b69213472.jpg;https://dorechi.ua/content/images/21/apollo_leopard_fur_74-82404662259779_+10341b8b8e.jpg;https://dorechi.ua/content/images/21/apollo_leopard_fur_74-52201302661607_+6d88862a73.jpg;https://dorechi.ua/content/images/21/apollo_leopard_fur_74-86433094319770_+49a22553c9.jpg","<p>Зимовий комбінезон Аполло ДоРечі - це 100% впевненості у теплі та комфорті вашої дитини.</p> <p>Він дуже практичний та зручний. Оздоблений великою кількістю світловідбивних елементів для безпеки на дорозі у темний час доби.</p> <p>Верх - мембранна тканина, яка забезпечить вітронепродуваємість та водовідштовхування в будь яку несприятливу погоду. Водонепроникність 10000 мм. Повітропроникність 5000 гр/м&sup2;.</p> <p>Надсучасний утеплювач Hollowsoft&trade; 300 гр/м&sup2; гарантує відмінну теплоізоляцію та не втягує вологу ззовні. М&rsquo;яка структура волокна не стримує природний рух і підвищує відчуття комфорту в одязі.</p> <p>Підкладка:</p> <p>Груди та спинка - антипілінговий фліс Polar.</p> <p>Рукави та штанини - високоякісний підкладковий атлас, який є запорукою легкого та зручного одягання.</p> <p>Крій капюшону забезпечує його щільне прилягання до голови дитини та створює надійний захист від вітру та дощу.</p> <p>Декор капюшону - штучне антиалергенне хутро, що кріпиться на застібку-молнію.</p> <p>Еластичні манжети на рукавах та штанинах, резинка на талії та вільний продуманий крій дозволяють дитині вільно рухатись.</p> <p>Довга застібка, захищена внутрішньою вітрозахисною планкою, сприяє швидкому одяганню.</p> <p>Силіконові штрипки не дозволяють штанинам підстрибувати, коли малюк активно рухається.</p> <p>Зручна кишенька стане у пригоді для зберігання дитячих скарбів.</p> <p>Зверніть увагу, що комбінезон має близько 6 см для зростання.</p> <p>Температурний режим від +5 до - 20&deg;С.</p>"
DR-2095-86-O,DR-2095-74-O,Комбінезон зимовий Аполло Леопард з опушкою,Комбінезон зимовий Аполло Леопард з опушкою 86/92 см,Одяг/Комбінезони,86/92,3095,UAH,В наявності,Да,ДоРечі,Google Feed for Merchant Center,"https://dorechi.ua/content/images/23/apollo_leopard_fur_86-22846815555750_+690e1f638e.jpg;https://dorechi.ua/content/images/21/apollo_leopard_fur_74-53742445376024_+d9f8d7edda.jpg;https://dorechi.ua/content/images/21/apollo_leopard_fur_74-93234766222022_+3cd546dc3b.jpg;https://dorechi.ua/content/images/21/apollo_leopard_fur_74-72456750629649_+64b957fc55.jpg;https://dorechi.ua/content/images/21/apollo_leopard_fur_74-34533130810642_+1b69213472.jpg;https://dorechi.ua/content/images/21/apollo_leopard_fur_74-82404662259779_+10341b8b8e.jpg;https://dorechi.ua/content/images/21/apollo_leopard_fur_74-52201302661607_+6d88862a73.jpg;https://dorechi.ua/content/images/21/apollo_leopard_fur_74-86433094319770_+49a22553c9.jpg","<p>Зимовий комбінезон Аполло ДоРечі - це 100% впевненості у теплі та комфорті вашої дитини.</p> <p>Він дуже практичний та зручний. Оздоблений великою кількістю світловідбивних елементів для безпеки на дорозі у темний час доби.</p> <p>Верх - мембранна тканина, яка забезпечить вітронепродуваємість та водовідштовхування в будь яку несприятливу погоду. Водонепроникність 10000 мм. Повітропроникність 5000 гр/м&sup2;.</p> <p>Надсучасний утеплювач Hollowsoft&trade; 300 гр/м&sup2; гарантує відмінну теплоізоляцію та не втягує вологу ззовні. М&rsquo;яка структура волокна не стримує природний рух і підвищує відчуття комфорту в одязі.</p> <p>Підкладка:</p> <p>Груди та спинка - антипілінговий фліс Polar.</p> <p>Рукави та штанини - високоякісний підкладковий атлас, який є запорукою легкого та зручного одягання.</p> <p>Крій капюшону забезпечує його щільне прилягання до голови дитини та створює надійний захист від вітру та дощу.</p> <p>Декор капюшону - штучне антиалергенне хутро, що кріпиться на застібку-молнію.</p> <p>Еластичні манжети на рукавах та штанинах, резинка на талії та вільний продуманий крій дозволяють дитині вільно рухатись.</p> <p>Довга застібка, захищена внутрішньою вітрозахисною планкою, сприяє швидкому одяганню.</p> <p>Силіконові штрипки не дозволяють штанинам підстрибувати, коли малюк активно рухається.</p> <p>Зручна кишенька стане у пригоді для зберігання дитячих скарбів.</p> <p>Зверніть увагу, що комбінезон має близько 6 см для зростання.</p> <p>Температурний режим від +5 до - 20&deg;С.</p>"
DR-2095-92-O,DR-2095-74-O,Комбінезон зимовий Аполло Леопард з опушкою,Комбінезон зимовий Аполло Леопард з опушкою 92/98 см,Одяг/Комбінезони,92/98,3095,UAH,Немає в наявності,Да,ДоРечі,Google Feed for Merchant Center,"https://dorechi.ua/content/images/24/apollo_leopard_fur_92-45860300375195_+40f4bc4238.jpg;https://dorechi.ua/content/images/21/apollo_leopard_fur_74-53742445376024_+d9f8d7edda.jpg;https://dorechi.ua/content/images/21/apollo_leopard_fur_74-93234766222022_+3cd546dc3b.jpg;https://dorechi.ua/content/images/21/apollo_leopard_fur_74-72456750629649_+64b957fc55.jpg;https://dorechi.ua/content/images/21/apollo_leopard_fur_74-34533130810642_+1b69213472.jpg;https://dorechi.ua/content/images/21/apollo_leopard_fur_74-82404662259779_+10341b8b8e.jpg;https://dorechi.ua/content/images/21/apollo_leopard_fur_74-52201302661607_+6d88862a73.jpg;https://dorechi.ua/content/images/21/apollo_leopard_fur_74-86433094319770_+49a22553c9.jpg","<p>Зимовий комбінезон Аполло ДоРечі - це 100% впевненості у теплі та комфорті вашої дитини.</p> <p>Він дуже практичний та зручний. Оздоблений великою кількістю світловідбивних елементів для безпеки на дорозі у темний час доби.</p> <p>Верх - мембранна тканина, яка забезпечить вітронепродуваємість та водовідштовхування в будь яку несприятливу погоду. Водонепроникність 10000 мм. Повітропроникність 5000 гр/м&sup2;.</p> <p>Надсучасний утеплювач Hollowsoft&trade; 300 гр/м&sup2; гарантує відмінну теплоізоляцію та не втягує вологу ззовні. М&rsquo;яка структура волокна не стримує природний рух і підвищує відчуття комфорту в одязі.</p> <p>Підкладка:</p> <p>Груди та спинка - антипілінговий фліс Polar.</p> <p>Рукави та штанини - високоякісний підкладковий атлас, який є запорукою легкого та зручного одягання.</p> <p>Крій капюшону забезпечує його щільне прилягання до голови дитини та створює надійний захист від вітру та дощу.</p> <p>Декор капюшону - штучне антиалергенне хутро, що кріпиться на застібку-молнію.</p> <p>Еластичні манжети на рукавах та штанинах, резинка на талії та вільний продуманий крій дозволяють дитині вільно рухатись.</p> <p>Довга застібка, захищена внутрішньою вітрозахисною планкою, сприяє швидкому одяганню.</p> <p>Силіконові штрипки не дозволяють штанинам підстрибувати, коли малюк активно рухається.</p> <p>Зручна кишенька стане у пригоді для зберігання дитячих скарбів.</p> <p>Зверніть увагу, що комбінезон має близько 6 см для зростання.</p> <p>Температурний режим від +5 до - 20&deg;С.</p>"
DR-2118-74-O,DR-2118-74-O,Комбінезон зимовий Аполло Мамонт з опушкою,Комбінезон зимовий Аполло Мамонт з опушкою 74/80 см,Одяг/Комбінезони,74/80,3095,UAH,В наявності,Да,ДоРечі,Google Feed for Merchant Center,"https://dorechi.ua/content/images/17/apollo_mammoth_fur_74-39239223073778_+05c4da0cf5.jpg;https://dorechi.ua/content/images/17/apollo_mammoth_fur_74-85243727300311_+99e5060c11.jpg;https://dorechi.ua/content/images/17/apollo_mammoth_fur_74-71111385273300_+f879ce7eb9.jpg;https://dorechi.ua/content/images/17/apollo_mammoth_fur_74-80936889655482_+3c3bd3bd00.jpg;https://dorechi.ua/content/images/17/apollo_mammoth_fur_74-95135964584361_+39d06444f7.jpg;https://dorechi.ua/content/images/17/apollo_mammoth_fur_74-95020230896386_+69fa3fa29f.jpg;https://dorechi.ua/content/images/17/apollo_mammoth_fur_74-93798867596279_+a48fd05e40.jpg;https://dorechi.ua/content/images/17/apollo_mammoth_fur_74-45249417304105_+1c85ee9675.jpg;https://dorechi.ua/content/images/17/apollo_mammoth_fur_74-95160724068983_+042ca97daf.jpg","<p>Зимовий комбінезон Аполло ДоРечі - це 100% впевненості у теплі та комфорті вашої дитини.</p> <p>Він дуже практичний та зручний. Оздоблений великою кількістю світловідбивних елементів для безпеки на дорозі у темний час доби.</p> <p>Верх - мембранна тканина, яка забезпечить вітронепродуваємість та водовідштовхування в будь яку несприятливу погоду. Водонепроникність 10000 мм. Повітропроникність 5000 гр/м&sup2;.</p> <p>Надсучасний утеплювач Hollowsoft&trade; 300 гр/м&sup2; гарантує відмінну теплоізоляцію та не втягує вологу ззовні. М&rsquo;яка структура волокна не стримує природний рух і підвищує відчуття комфорту в одязі.</p> <p>Підкладка:</p> <p>Груди та спинка - антипілінговий фліс Polar.</p> <p>Рукави та штанини - високоякісний підкладковий атлас, який є запорукою легкого та зручного одягання.</p> <p>Крій капюшону забезпечує його щільне прилягання до голови дитини та створює надійний захист від вітру та дощу.</p> <p>Декор капюшону - штучне антиалергенне хутро, що кріпиться на застібку-молнію.</p> <p>Еластичні манжети на рукавах та штанинах, резинка на талії та вільний продуманий крій дозволяють дитині вільно рухатись.</p> <p>Довга застібка, захищена внутрішньою вітрозахисною планкою, сприяє швидкому одяганню.</p> <p>Силіконові штрипки не дозволяють штанинам підстрибувати, коли малюк активно рухається.</p> <p>Зручна кишенька стане у пригоді для зберігання дитячих скарбів.</p> <p>Зверніть увагу, що комбінезон має близько 6 см для зростання.</p> <p>Температурний режим від +5 до - 20&deg;С.</p>"
DR-2118-80-O,DR-2118-74-O,Комбінезон зимовий Аполло Мамонт з опушкою,Комбінезон зимовий Аполло Мамонт з опушкою 80/86 см,Одяг/Комбінезони,80/86,3095,UAH,Немає в наявності,Да,ДоРечі,Google Feed for Merchant Center,"https://dorechi.ua/content/images/18/apollo_mammoth_fur_80-27409510169754_+8c0d54686e.jpg;https://dorechi.ua/content/images/17/apollo_mammoth_fur_74-85243727300311_+99e5060c11.jpg;https://dorechi.ua/content/images/17/apollo_mammoth_fur_74-71111385273300_+f879ce7eb9.jpg;https://dorechi.ua/content/images/17/apollo_mammoth_fur_74-80936889655482_+3c3bd3bd00.jpg;https://dorechi.ua/content/images/17/apollo_mammoth_fur_74-95135964584361_+39d06444f7.jpg;https://dorechi.ua/content/images/17/apollo_mammoth_fur_74-95020230896386_+69fa3fa29f.jpg;https://dorechi.ua/content/images/17/apollo_mammoth_fur_74-93798867596279_+a48fd05e40.jpg;https://dorechi.ua/content/images/17/apollo_mammoth_fur_74-45249417304105_+1c85ee9675.jpg;https://dorechi.ua/content/images/17/apollo_mammoth_fur_74-95160724068983_+042ca97daf.jpg","<p>Зимовий комбінезон Аполло ДоРечі - це 100% впевненості у теплі та комфорті вашої дитини.</p> <p>Він дуже практичний та зручний. Оздоблений великою кількістю світловідбивних елементів для безпеки на дорозі у темний час доби.</p> <p>Верх - мембранна тканина, яка забезпечить вітронепродуваємість та водовідштовхування в будь яку несприятливу погоду. Водонепроникність 10000 мм. Повітропроникність 5000 гр/м&sup2;.</p> <p>Надсучасний утеплювач Hollowsoft&trade; 300 гр/м&sup2; гарантує відмінну теплоізоляцію та не втягує вологу ззовні. М&rsquo;яка структура волокна не стримує природний рух і підвищує відчуття комфорту в одязі.</p> <p>Підкладка:</p> <p>Груди та спинка - антипілінговий фліс Polar.</p> <p>Рукави та штанини - високоякісний підкладковий атлас, який є запорукою легкого та зручного одягання.</p> <p>Крій капюшону забезпечує його щільне прилягання до голови дитини та створює надійний захист від вітру та дощу.</p> <p>Декор капюшону - штучне антиалергенне хутро, що кріпиться на застібку-молнію.</p> <p>Еластичні манжети на рукавах та штанинах, резинка на талії та вільний продуманий крій дозволяють дитині вільно рухатись.</p> <p>Довга застібка, захищена внутрішньою вітрозахисною планкою, сприяє швидкому одяганню.</p> <p>Силіконові штрипки не дозволяють штанинам підстрибувати, коли малюк активно рухається.</p> <p>Зручна кишенька стане у пригоді для зберігання дитячих скарбів.</p> <p>Зверніть увагу, що комбінезон має близько 6 см для зростання.</p> <p>Температурний режим від +5 до - 20&deg;С.</p>"
DR-2118-86-O,DR-2118-74-O,Комбінезон зимовий Аполло Мамонт з опушкою,Комбінезон зимовий Аполло Мамонт з опушкою 86/92 см,Одяг/Комбінезони,86/92,3095,UAH,Немає в наявності,Да,ДоРечі,Google Feed for Merchant Center,"https://dorechi.ua/content/images/19/apollo_mammoth_fur_86-61223647638850_+e36a939349.jpg;https://dorechi.ua/content/images/17/apollo_mammoth_fur_74-85243727300311_+99e5060c11.jpg;https://dorechi.ua/content/images/17/apollo_mammoth_fur_74-71111385273300_+f879ce7eb9.jpg;https://dorechi.ua/content/images/17/apollo_mammoth_fur_74-80936889655482_+3c3bd3bd00.jpg;https://dorechi.ua/content/images/17/apollo_mammoth_fur_74-95135964584361_+39d06444f7.jpg;https://dorechi.ua/content/images/17/apollo_mammoth_fur_74-95020230896386_+69fa3fa29f.jpg;https://dorechi.ua/content/images/17/apollo_mammoth_fur_74-93798867596279_+a48fd05e40.jpg;https://dorechi.ua/content/images/17/apollo_mammoth_fur_74-45249417304105_+1c85ee9675.jpg;https://dorechi.ua/content/images/17/apollo_mammoth_fur_74-95160724068983_+042ca97daf.jpg","<p>Зимовий комбінезон Аполло ДоРечі - це 100% впевненості у теплі та комфорті вашої дитини.</p> <p>Він дуже практичний та зручний. Оздоблений великою кількістю світловідбивних елементів для безпеки на дорозі у темний час доби.</p> <p>Верх - мембранна тканина, яка забезпечить вітронепродуваємість та водовідштовхування в будь яку несприятливу погоду. Водонепроникність 10000 мм. Повітропроникність 5000 гр/м&sup2;.</p> <p>Надсучасний утеплювач Hollowsoft&trade; 300 гр/м&sup2; гарантує відмінну теплоізоляцію та не втягує вологу ззовні. М&rsquo;яка структура волокна не стримує природний рух і підвищує відчуття комфорту в одязі.</p> <p>Підкладка:</p> <p>Груди та спинка - антипілінговий фліс Polar.</p> <p>Рукави та штанини - високоякісний підкладковий атлас, який є запорукою легкого та зручного одягання.</p> <p>Крій капюшону забезпечує його щільне прилягання до голови дитини та створює надійний захист від вітру та дощу.</p> <p>Декор капюшону - штучне антиалергенне хутро, що кріпиться на застібку-молнію.</p> <p>Еластичні манжети на рукавах та штанинах, резинка на талії та вільний продуманий крій дозволяють дитині вільно рухатись.</p> <p>Довга застібка, захищена внутрішньою вітрозахисною планкою, сприяє швидкому одяганню.</p> <p>Силіконові штрипки не дозволяють штанинам підстрибувати, коли малюк активно рухається.</p> <p>Зручна кишенька стане у пригоді для зберігання дитячих скарбів.</p> <p>Зверніть увагу, що комбінезон має близько 6 см для зростання.</p> <p>Температурний режим від +5 до - 20&deg;С.</p>"
DR-2118-92-O,DR-2118-74-O,Комбінезон зимовий Аполло Мамонт з опушкою,Комбінезон зимовий Аполло Мамонт з опушкою 92/98 см,Одяг/Комбінезони,92/98,3095,UAH,В наявності,Да,ДоРечі,Google Feed for Merchant Center,"https://dorechi.ua/content/images/20/apollo_mammoth_fur_92-52949645652401_+6fc8695f73.jpg;https://dorechi.ua/content/images/17/apollo_mammoth_fur_74-85243727300311_+99e5060c11.jpg;https://dorechi.ua/content/images/17/apollo_mammoth_fur_74-71111385273300_+f879ce7eb9.jpg;https://dorechi.ua/content/images/17/apollo_mammoth_fur_74-80936889655482_+3c3bd3bd00.jpg;https://dorechi.ua/content/images/17/apollo_mammoth_fur_74-95135964584361_+39d06444f7.jpg;https://dorechi.ua/content/images/17/apollo_mammoth_fur_74-95020230896386_+69fa3fa29f.jpg;https://dorechi.ua/content/images/17/apollo_mammoth_fur_74-93798867596279_+a48fd05e40.jpg;https://dorechi.ua/content/images/17/apollo_mammoth_fur_74-45249417304105_+1c85ee9675.jpg;https://dorechi.ua/content/images/17/apollo_mammoth_fur_74-95160724068983_+042ca97daf.jpg","<p>Зимовий комбінезон Аполло ДоРечі - це 100% впевненості у теплі та комфорті вашої дитини.</p> <p>Він дуже практичний та зручний. Оздоблений великою кількістю світловідбивних елементів для безпеки на дорозі у темний час доби.</p> <p>Верх - мембранна тканина, яка забезпечить вітронепродуваємість та водовідштовхування в будь яку несприятливу погоду. Водонепроникність 10000 мм. Повітропроникність 5000 гр/м&sup2;.</p> <p>Надсучасний утеплювач Hollowsoft&trade; 300 гр/м&sup2; гарантує відмінну теплоізоляцію та не втягує вологу ззовні. М&rsquo;яка структура волокна не стримує природний рух і підвищує відчуття комфорту в одязі.</p> <p>Підкладка:</p> <p>Груди та спинка - антипілінговий фліс Polar.</p> <p>Рукави та штанини - високоякісний підкладковий атлас, який є запорукою легкого та зручного одягання.</p> <p>Крій капюшону забезпечує його щільне прилягання до голови дитини та створює надійний захист від вітру та дощу.</p> <p>Декор капюшону - штучне антиалергенне хутро, що кріпиться на застібку-молнію.</p> <p>Еластичні манжети на рукавах та штанинах, резинка на талії та вільний продуманий крій дозволяють дитині вільно рухатись.</p> <p>Довга застібка, захищена внутрішньою вітрозахисною планкою, сприяє швидкому одяганню.</p> <p>Силіконові штрипки не дозволяють штанинам підстрибувати, коли малюк активно рухається.</p> <p>Зручна кишенька стане у пригоді для зберігання дитячих скарбів.</p> <p>Зверніть увагу, що комбінезон має близько 6 см для зростання.</p> <p>Температурний режим від +5 до - 20&deg;С.</p>"
DR-2119-74-O,DR-2119-74-O,Комбінезон зимовий Аполло Перший сніг з опушкою,Комбінезон зимовий Аполло Перший сніг з опушкою 74/80 см,Одяг/Комбінезони,74/80,3095,UAH,Немає в наявності,Да,ДоРечі,Google Feed for Merchant Center,"https://dorechi.ua/content/images/45/apollo_first_snow_fur_74-34870303266112_+7550308a32.jpg;https://dorechi.ua/content/images/45/apollo_first_snow_fur_74-38081096650414_+4cb7cd8568.jpg;https://dorechi.ua/content/images/45/apollo_first_snow_fur_74-25465154923055_+62491883db.jpg;https://dorechi.ua/content/images/45/apollo_first_snow_fur_74-60969490968699_+ad8442925d.jpg;https://dorechi.ua/content/images/45/apollo_first_snow_fur_74-20176534840994_+fe679c3069.jpg;https://dorechi.ua/content/images/45/apollo_first_snow_fur_74-23313783863554_+380b01ba87.jpg;https://dorechi.ua/content/images/45/apollo_first_snow_fur_74-99692701808871_+ab6d565716.jpg;https://dorechi.ua/content/images/45/apollo_first_snow_fur_74-17091130785608_+7be5095103.jpg;https://dorechi.ua/content/images/45/apollo_first_snow_fur_74-36958785121162_+f774050e97.jpg","<p>Зимовий комбінезон Аполло ДоРечі - це 100% впевненості у теплі та комфорті вашої дитини.</p> <p>Він дуже практичний та зручний. Оздоблений великою кількістю світловідбивних елементів для безпеки на дорозі у темний час доби.</p> <p>Верх - мембранна тканина, яка забезпечить вітронепродуваємість та водовідштовхування в будь яку несприятливу погоду. Водонепроникність 10000 мм. Повітропроникність 5000 гр/м&sup2;.</p> <p>Надсучасний утеплювач Holllowsoft&trade; 300 гр/м&sup2; гарантує відмінну теплоізоляцію та не втягує вологу ззовні. М&rsquo;яка структура волокна не стримує природний рух і підвищує відчуття комфорту в одязі.</p> <p>Підкладка:</p> <p>Груди та спинка - антипілінговий фліс Polar.</p> <p>Рукави та штанини - високоякісний підкладковий атлас, який є запорукою легкого та зручного одягання.</p> <p>Крій капюшону забезпечує його щільне прилягання до голови дитини та створює надійний захист від вітру та дощу.</p> <p>Декор капюшону - штучне антиалергенне хутро, що кріпиться на застібку-молнію.</p> <p>Еластичні манжети на рукавах та штанинах, резинка на талії та вільний продуманий крій дозволяють дитині вільно рухатись.</p> <p>Довга застібка, захищена внутрішньою вітрозахисною планкою, сприяє швидкому одяганню.</p> <p>Силіконові штрипки не дозволяють штанинам підстрибувати, коли малюк активно рухається.</p> <p>Зручна кишенька стане у пригоді для зберігання дитячих скарбів.</p> <p>Зверніть увагу, що комбінезон має близько 6 см для зростання.</p> <p>Температурний режим від +5 до - 20&deg;С.</p>"
DR-2119-80-O,DR-2119-74-O,Комбінезон зимовий Аполло Перший сніг з опушкою,Комбінезон зимовий Аполло Перший сніг з опушкою 80/86 см,Одяг/Комбінезони,80/86,3095,UAH,В наявності,Да,ДоРечі,Google Feed for Merchant Center,"https://dorechi.ua/content/images/46/apollo_first_snow_fur_80-70675750366305_+325d83eacc.jpg;https://dorechi.ua/content/images/45/apollo_first_snow_fur_74-38081096650414_+4cb7cd8568.jpg;https://dorechi.ua/content/images/45/apollo_first_snow_fur_74-25465154923055_+62491883db.jpg;https://dorechi.ua/content/images/45/apollo_first_snow_fur_74-60969490968699_+ad8442925d.jpg;https://dorechi.ua/content/images/45/apollo_first_snow_fur_74-20176534840994_+fe679c3069.jpg;https://dorechi.ua/content/images/45/apollo_first_snow_fur_74-23313783863554_+380b01ba87.jpg;https://dorechi.ua/content/images/45/apollo_first_snow_fur_74-99692701808871_+ab6d565716.jpg;https://dorechi.ua/content/images/45/apollo_first_snow_fur_74-17091130785608_+7be5095103.jpg;https://dorechi.ua/content/images/45/apollo_first_snow_fur_74-36958785121162_+f774050e97.jpg","<p>Зимовий комбінезон Аполло ДоРечі - це 100% впевненості у теплі та комфорті вашої дитини.</p> <p>Він дуже практичний та зручний. Оздоблений великою кількістю світловідбивних елементів для безпеки на дорозі у темний час доби.</p> <p>Верх - мембранна тканина, яка забезпечить вітронепродуваємість та водовідштовхування в будь яку несприятливу погоду. Водонепроникність 10000 мм. Повітропроникність 5000 гр/м&sup2;.</p> <p>Надсучасний утеплювач Holllowsoft&trade; 300 гр/м&sup2; гарантує відмінну теплоізоляцію та не втягує вологу ззовні. М&rsquo;яка структура волокна не стримує природний рух і підвищує відчуття комфорту в одязі.</p> <p>Підкладка:</p> <p>Груди та спинка - антипілінговий фліс Polar.</p> <p>Рукави та штанини - високоякісний підкладковий атлас, який є запорукою легкого та зручного одягання.</p> <p>Крій капюшону забезпечує його щільне прилягання до голови дитини та створює надійний захист від вітру та дощу.</p> <p>Декор капюшону - штучне антиалергенне хутро, що кріпиться на застібку-молнію.</p> <p>Еластичні манжети на рукавах та штанинах, резинка на талії та вільний продуманий крій дозволяють дитині вільно рухатись.</p> <p>Довга застібка, захищена внутрішньою вітрозахисною планкою, сприяє швидкому одяганню.</p> <p>Силіконові штрипки не дозволяють штанинам підстрибувати, коли малюк активно рухається.</p> <p>Зручна кишенька стане у пригоді для зберігання дитячих скарбів.</p> <p>Зверніть увагу, що комбінезон має близько 6 см для зростання.</p> <p>Температурний режим від +5 до - 20&deg;С.</p>"
DR-2119-86-O,DR-2119-74-O,Комбінезон зимовий Аполло Перший сніг з опушкою,Комбінезон зимовий Аполло Перший сніг з опушкою 86/92 см,Одяг/Комбінезони,86/92,3095,UAH,В наявності,Да,ДоРечі,Google Feed for Merchant Center,"https://dorechi.ua/content/images/47/apollo_first_snow_fur_86-41921070499970_+b8552095ce.jpg;https://dorechi.ua/content/images/45/apollo_first_snow_fur_74-38081096650414_+4cb7cd8568.jpg;https://dorechi.ua/content/images/45/apollo_first_snow_fur_74-25465154923055_+62491883db.jpg;https://dorechi.ua/content/images/45/apollo_first_snow_fur_74-60969490968699_+ad8442925d.jpg;https://dorechi.ua/content/images/45/apollo_first_snow_fur_74-20176534840994_+fe679c3069.jpg;https://dorechi.ua/content/images/45/apollo_first_snow_fur_74-23313783863554_+380b01ba87.jpg;https://dorechi.ua/content/images/45/apollo_first_snow_fur_74-99692701808871_+ab6d565716.jpg;https://dorechi.ua/content/images/45/apollo_first_snow_fur_74-17091130785608_+7be5095103.jpg;https://dorechi.ua/content/images/45/apollo_first_snow_fur_74-36958785121162_+f774050e97.jpg","<p>Зимовий комбінезон Аполло ДоРечі - це 100% впевненості у теплі та комфорті вашої дитини.</p> <p>Він дуже практичний та зручний. Оздоблений великою кількістю світловідбивних елементів для безпеки на дорозі у темний час доби.</p> <p>Верх - мембранна тканина, яка забезпечить вітронепродуваємість та водовідштовхування в будь яку несприятливу погоду. Водонепроникність 10000 мм. Повітропроникність 5000 гр/м&sup2;.</p> <p>Надсучасний утеплювач Holllowsoft&trade; 300 гр/м&sup2; гарантує відмінну теплоізоляцію та не втягує вологу ззовні. М&rsquo;яка структура волокна не стримує природний рух і підвищує відчуття комфорту в одязі.</p> <p>Підкладка:</p> <p>Груди та спинка - антипілінговий фліс Polar.</p> <p>Рукави та штанини - високоякісний підкладковий атлас, який є запорукою легкого та зручного одягання.</p> <p>Крій капюшону забезпечує його щільне прилягання до голови дитини та створює надійний захист від вітру та дощу.</p> <p>Декор капюшону - штучне антиалергенне хутро, що кріпиться на застібку-молнію.</p> <p>Еластичні манжети на рукавах та штанинах, резинка на талії та вільний продуманий крій дозволяють дитині вільно рухатись.</p> <p>Довга застібка, захищена внутрішньою вітрозахисною планкою, сприяє швидкому одяганню.</p> <p>Силіконові штрипки не дозволяють штанинам підстрибувати, коли малюк активно рухається.</p> <p>Зручна кишенька стане у пригоді для зберігання дитячих скарбів.</p> <p>Зверніть увагу, що комбінезон має близько 6 см для зростання.</p> <p>Температурний режим від +5 до - 20&deg;С.</p>"
DR-2119-92-O,DR-2119-74-O,Комбінезон зимовий Аполло Перший сніг з опушкою,Комбінезон зимовий Аполло Перший сніг з опушкою 92/98 см,Одяг/Комбінезони,92/98,3095,UAH,В наявності,Да,ДоРечі,Google Feed for Merchant Center,"https://dorechi.ua/content/images/48/apollo_first_snow_fur_92-88520055841769_+8a8536e53d.jpg;https://dorechi.ua/content/images/45/apollo_first_snow_fur_74-38081096650414_+4cb7cd8568.jpg;https://dorechi.ua/content/images/45/apollo_first_snow_fur_74-25465154923055_+62491883db.jpg;https://dorechi.ua/content/images/45/apollo_first_snow_fur_74-60969490968699_+ad8442925d.jpg;https://dorechi.ua/content/images/45/apollo_first_snow_fur_74-20176534840994_+fe679c3069.jpg;https://dorechi.ua/content/images/45/apollo_first_snow_fur_74-23313783863554_+380b01ba87.jpg;https://dorechi.ua/content/images/45/apollo_first_snow_fur_74-99692701808871_+ab6d565716.jpg;https://dorechi.ua/content/images/45/apollo_first_snow_fur_74-17091130785608_+7be5095103.jpg;https://dorechi.ua/content/images/45/apollo_first_snow_fur_74-36958785121162_+f774050e97.jpg","<p>Зимовий комбінезон Аполло ДоРечі - це 100% впевненості у теплі та комфорті вашої дитини.</p> <p>Він дуже практичний та зручний. Оздоблений великою кількістю світловідбивних елементів для безпеки на дорозі у темний час доби.</p> <p>Верх - мембранна тканина, яка забезпечить вітронепродуваємість та водовідштовхування в будь яку несприятливу погоду. Водонепроникність 10000 мм. Повітропроникність 5000 гр/м&sup2;.</p> <p>Надсучасний утеплювач Holllowsoft&trade; 300 гр/м&sup2; гарантує відмінну теплоізоляцію та не втягує вологу ззовні. М&rsquo;яка структура волокна не стримує природний рух і підвищує відчуття комфорту в одязі.</p> <p>Підкладка:</p> <p>Груди та спинка - антипілінговий фліс Polar.</p> <p>Рукави та штанини - високоякісний підкладковий атлас, який є запорукою легкого та зручного одягання.</p> <p>Крій капюшону забезпечує його щільне прилягання до голови дитини та створює надійний захист від вітру та дощу.</p> <p>Декор капюшону - штучне антиалергенне хутро, що кріпиться на застібку-молнію.</p> <p>Еластичні манжети на рукавах та штанинах, резинка на талії та вільний продуманий крій дозволяють дитині вільно рухатись.</p> <p>Довга застібка, захищена внутрішньою вітрозахисною планкою, сприяє швидкому одяганню.</p> <p>Силіконові штрипки не дозволяють штанинам підстрибувати, коли малюк активно рухається.</p> <p>Зручна кишенька стане у пригоді для зберігання дитячих скарбів.</p> <p>Зверніть увагу, що комбінезон має близько 6 см для зростання.</p> <p>Температурний режим від +5 до - 20&deg;С.</p>"
DR-2120-74-O,DR-2120-74-O,Комбінезон зимовий Аполло Зимова галявина з опушкою,Комбінезон зимовий Аполло Зимова галявина з опушкою 74/80 см,Одяг/Комбінезони,74/80,3095,UAH,Немає в наявності,Да,ДоРечі,Google Feed for Merchant Center,"https://dorechi.ua/content/images/3/apollo_winter_meadow_fur_74-11403711160024_+4d0af83558.jpg;https://dorechi.ua/content/images/3/apollo_winter_meadow_fur_74-44345065877755_+faf97c5b41.jpg;https://dorechi.ua/content/images/3/apollo_winter_meadow_fur_74-28177623341747_+88d00a309d.jpg;https://dorechi.ua/content/images/3/apollo_winter_meadow_fur_74-50813526458330_+03bae31f00.jpg;https://dorechi.ua/content/images/3/apollo_winter_meadow_fur_74-67440838539385_+2253dbdc1c.jpg;https://dorechi.ua/content/images/3/apollo_winter_meadow_fur_74-30157855662376_+75f3ab410c.jpg;https://dorechi.ua/content/images/3/apollo_winter_meadow_fur_74-23538352117608_+fdb4812b12.jpg;https://dorechi.ua/content/images/3/apollo_winter_meadow_fur_74-98167450513934_+dadb162956.jpg;https://dorechi.ua/content/images/3/apollo_winter_meadow_fur_74-28399552503751_+72cc7e9fa5.jpg","<p>Зимовий комбінезон Аполло ДоРечі - це 100% впевненості у теплі та комфорті вашої дитини.</p> <p>Він дуже практичний та зручний. Оздоблений великою кількістю світловідбивних елементів для безпеки на дорозі у темний час доби.</p> <p>Верх - мембранна тканина, яка забезпечить вітронепродуваємість та водовідштовхування в будь яку несприятливу погоду. Водонепроникність 10000 мм. Повітропроникність 5000 гр/м&sup2;.</p> <p>Надсучасний утеплювач Hollowsoft&trade; 300 гр/м&sup2; гарантує відмінну теплоізоляцію та не втягує вологу ззовні. М&rsquo;яка структура волокна не стримує природний рух і підвищує відчуття комфорту в одязі.</p> <p>Підкладка:</p> <p>Груди та спинка - антипілінговий фліс Polar.</p> <p>Рукави та штанини - високоякісний підкладковий атлас, який є запорукою легкого та зручного одягання.</p> <p>Крій капюшону забезпечує його щільне прилягання до голови дитини та створює надійний захист від вітру та дощу.</p> <p>Декор капюшону - штучне антиалергенне хутро, що кріпиться на застібку-молнію.</p> <p>Еластичні манжети на рукавах та штанинах, резинка на талії та вільний продуманий крій дозволяють дитині вільно рухатись.</p> <p>Довга застібка, захищена внутрішньою вітрозахисною планкою, сприяє швидкому одяганню.</p> <p>Силіконові штрипки не дозволяють штанинам підстрибувати, коли малюк активно рухається.</p> <p>Зручна кишенька стане у пригоді для зберігання дитячих скарбів.</p> <p>Зверніть увагу, що комбінезон має близько 6 см для зростання.</p> <p>Температурний режим від +5 до - 20&deg;С.</p>"
DR-2120-80-O,DR-2120-74-O,Комбінезон зимовий Аполло Зимова галявина з опушкою,Комбінезон зимовий Аполло Зимова галявина з опушкою 80/86 см,Одяг/Комбінезони,80/86,3095,UAH,Немає в наявності,Да,ДоРечі,Google Feed for Merchant Center,"https://dorechi.ua/content/images/4/apollo_winter_meadow_fur_80-47605541781202_+5109c59742.jpg;https://dorechi.ua/content/images/3/apollo_winter_meadow_fur_74-44345065877755_+faf97c5b41.jpg;https://dorechi.ua/content/images/3/apollo_winter_meadow_fur_74-28177623341747_+88d00a309d.jpg;https://dorechi.ua/content/images/3/apollo_winter_meadow_fur_74-50813526458330_+03bae31f00.jpg;https://dorechi.ua/content/images/3/apollo_winter_meadow_fur_74-67440838539385_+2253dbdc1c.jpg;https://dorechi.ua/content/images/3/apollo_winter_meadow_fur_74-30157855662376_+75f3ab410c.jpg;https://dorechi.ua/content/images/3/apollo_winter_meadow_fur_74-23538352117608_+fdb4812b12.jpg;https://dorechi.ua/content/images/3/apollo_winter_meadow_fur_74-98167450513934_+dadb162956.jpg;https://dorechi.ua/content/images/3/apollo_winter_meadow_fur_74-28399552503751_+72cc7e9fa5.jpg","<p>Зимовий комбінезон Аполло ДоРечі - це 100% впевненості у теплі та комфорті вашої дитини.</p> <p>Він дуже практичний та зручний. Оздоблений великою кількістю світловідбивних елементів для безпеки на дорозі у темний час доби.</p> <p>Верх - мембранна тканина, яка забезпечить вітронепродуваємість та водовідштовхування в будь яку несприятливу погоду. Водонепроникність 10000 мм. Повітропроникність 5000 гр/м&sup2;.</p> <p>Надсучасний утеплювач Hollowsoft&trade; 300 гр/м&sup2; гарантує відмінну теплоізоляцію та не втягує вологу ззовні. М&rsquo;яка структура волокна не стримує природний рух і підвищує відчуття комфорту в одязі.</p> <p>Підкладка:</p> <p>Груди та спинка - антипілінговий фліс Polar.</p> <p>Рукави та штанини - високоякісний підкладковий атлас, який є запорукою легкого та зручного одягання.</p> <p>Крій капюшону забезпечує його щільне прилягання до голови дитини та створює надійний захист від вітру та дощу.</p> <p>Декор капюшону - штучне антиалергенне хутро, що кріпиться на застібку-молнію.</p> <p>Еластичні манжети на рукавах та штанинах, резинка на талії та вільний продуманий крій дозволяють дитині вільно рухатись.</p> <p>Довга застібка, захищена внутрішньою вітрозахисною планкою, сприяє швидкому одяганню.</p> <p>Силіконові штрипки не дозволяють штанинам підстрибувати, коли малюк активно рухається.</p> <p>Зручна кишенька стане у пригоді для зберігання дитячих скарбів.</p> <p>Зверніть увагу, що комбінезон має близько 6 см для зростання.</p> <p>Температурний режим від +5 до - 20&deg;С.</p>"
DR-2120-86-O,DR-2120-74-O,Комбінезон зимовий Аполло Зимова галявина з опушкою,Комбінезон зимовий Аполло Зимова галявина з опушкою 86/92 см,Одяг/Комбінезони,86/92,3095,UAH,В наявності,Да,ДоРечі,Google Feed for Merchant Center,"https://dorechi.ua/content/images/5/apollo_winter_meadow_fur_86-24925052058515_+56c6054b25.jpg;https://dorechi.ua/content/images/3/apollo_winter_meadow_fur_74-44345065877755_+faf97c5b41.jpg;https://dorechi.ua/content/images/3/apollo_winter_meadow_fur_74-28177623341747_+88d00a309d.jpg;https://dorechi.ua/content/images/3/apollo_winter_meadow_fur_74-50813526458330_+03bae31f00.jpg;https://dorechi.ua/content/images/3/apollo_winter_meadow_fur_74-67440838539385_+2253dbdc1c.jpg;https://dorechi.ua/content/images/3/apollo_winter_meadow_fur_74-30157855662376_+75f3ab410c.jpg;https://dorechi.ua/content/images/3/apollo_winter_meadow_fur_74-23538352117608_+fdb4812b12.jpg;https://dorechi.ua/content/images/3/apollo_winter_meadow_fur_74-98167450513934_+dadb162956.jpg;https://dorechi.ua/content/images/3/apollo_winter_meadow_fur_74-28399552503751_+72cc7e9fa5.jpg","<p>Зимовий комбінезон Аполло ДоРечі - це 100% впевненості у теплі та комфорті вашої дитини.</p> <p>Він дуже практичний та зручний. Оздоблений великою кількістю світловідбивних елементів для безпеки на дорозі у темний час доби.</p> <p>Верх - мембранна тканина, яка забезпечить вітронепродуваємість та водовідштовхування в будь яку несприятливу погоду. Водонепроникність 10000 мм. Повітропроникність 5000 гр/м&sup2;.</p> <p>Надсучасний утеплювач Hollowsoft&trade; 300 гр/м&sup2; гарантує відмінну теплоізоляцію та не втягує вологу ззовні. М&rsquo;яка структура волокна не стримує природний рух і підвищує відчуття комфорту в одязі.</p> <p>Підкладка:</p> <p>Груди та спинка - антипілінговий фліс Polar.</p> <p>Рукави та штанини - високоякісний підкладковий атлас, який є запорукою легкого та зручного одягання.</p> <p>Крій капюшону забезпечує його щільне прилягання до голови дитини та створює надійний захист від вітру та дощу.</p> <p>Декор капюшону - штучне антиалергенне хутро, що кріпиться на застібку-молнію.</p> <p>Еластичні манжети на рукавах та штанинах, резинка на талії та вільний продуманий крій дозволяють дитині вільно рухатись.</p> <p>Довга застібка, захищена внутрішньою вітрозахисною планкою, сприяє швидкому одяганню.</p> <p>Силіконові штрипки не дозволяють штанинам підстрибувати, коли малюк активно рухається.</p> <p>Зручна кишенька стане у пригоді для зберігання дитячих скарбів.</p> <p>Зверніть увагу, що комбінезон має близько 6 см для зростання.</p> <p>Температурний режим від +5 до - 20&deg;С.</p>"
DR-2120-92-O,DR-2120-74-O,Комбінезон зимовий Аполло Зимова галявина з опушкою,Комбінезон зимовий Аполло Зимова галявина з опушкою 92/98 см,Одяг/Комбінезони,92/98,3095,UAH,В наявності,Да,ДоРечі,Google Feed for Merchant Center,"https://dorechi.ua/content/images/6/apollo_winter_meadow_fur_92-97266983100588_+f839c29106.jpg;https://dorechi.ua/content/images/3/apollo_winter_meadow_fur_74-44345065877755_+faf97c5b41.jpg;https://dorechi.ua/content/images/3/apollo_winter_meadow_fur_74-28177623341747_+88d00a309d.jpg;https://dorechi.ua/content/images/3/apollo_winter_meadow_fur_74-50813526458330_+03bae31f00.jpg;https://dorechi.ua/content/images/3/apollo_winter_meadow_fur_74-67440838539385_+2253dbdc1c.jpg;https://dorechi.ua/content/images/3/apollo_winter_meadow_fur_74-30157855662376_+75f3ab410c.jpg;https://dorechi.ua/content/images/3/apollo_winter_meadow_fur_74-23538352117608_+fdb4812b12.jpg;https://dorechi.ua/content/images/3/apollo_winter_meadow_fur_74-98167450513934_+dadb162956.jpg;https://dorechi.ua/content/images/3/apollo_winter_meadow_fur_74-28399552503751_+72cc7e9fa5.jpg","<p>Зимовий комбінезон Аполло ДоРечі - це 100% впевненості у теплі та комфорті вашої дитини.</p> <p>Він дуже практичний та зручний. Оздоблений великою кількістю світловідбивних елементів для безпеки на дорозі у темний час доби.</p> <p>Верх - мембранна тканина, яка забезпечить вітронепродуваємість та водовідштовхування в будь яку несприятливу погоду. Водонепроникність 10000 мм. Повітропроникність 5000 гр/м&sup2;.</p> <p>Надсучасний утеплювач Hollowsoft&trade; 300 гр/м&sup2; гарантує відмінну теплоізоляцію та не втягує вологу ззовні. М&rsquo;яка структура волокна не стримує природний рух і підвищує відчуття комфорту в одязі.</p> <p>Підкладка:</p> <p>Груди та спинка - антипілінговий фліс Polar.</p> <p>Рукави та штанини - високоякісний підкладковий атлас, який є запорукою легкого та зручного одягання.</p> <p>Крій капюшону забезпечує його щільне прилягання до голови дитини та створює надійний захист від вітру та дощу.</p> <p>Декор капюшону - штучне антиалергенне хутро, що кріпиться на застібку-молнію.</p> <p>Еластичні манжети на рукавах та штанинах, резинка на талії та вільний продуманий крій дозволяють дитині вільно рухатись.</p> <p>Довга застібка, захищена внутрішньою вітрозахисною планкою, сприяє швидкому одяганню.</p> <p>Силіконові штрипки не дозволяють штанинам підстрибувати, коли малюк активно рухається.</p> <p>Зручна кишенька стане у пригоді для зберігання дитячих скарбів.</p> <p>Зверніть увагу, що комбінезон має близько 6 см для зростання.</p> <p>Температурний режим від +5 до - 20&deg;С.</p>"
DR-2087,DR-2087,Конверт Тренд Леопард,Конверт Тренд Леопард,Виписка та хрещення/Конверти для новонароджених,,2895,UAH,В наявності,Да,ДоРечі,Google Feed for Merchant Center,"https://dorechi.ua/content/images/3/trend_leopard-11412626683719_+b0df945dc1.jpg;https://dorechi.ua/content/images/3/trend_leopard-63749453840331_+e18707bc3c.jpg;https://dorechi.ua/content/images/3/trend_leopard-95219431657584_+2e1ae46462.jpg;https://dorechi.ua/content/images/3/trend_leopard-32566652823567_+2c9fe26a28.jpg;https://dorechi.ua/content/images/3/trend_leopard-42774826769765_+4596947245.jpg;https://dorechi.ua/content/images/3/trend_leopard-20875586144941_+41f8ef46df.jpg;https://dorechi.ua/content/images/3/trend_leopard-96131554677987_+40fb42f902.jpg;https://dorechi.ua/content/images/3/trend_leopard-26121517599088_+46ceb52cc0.jpg","<h2>Тренд ДоРечі - це великий зимовий флісовий конверт, який робить прогулянки у холодну пору року приємними, комфортними і значно довшими!</h2> <p>Спроектований спеціально для використання у прогулянкових колясках. Так само теплий, як конверти на овчині, але при цьому його можна безпечно прати у пральній машинці. Нагадаємо, що конверти на овчині обов&#39;язково віддавати у хімчистку, тому що овчина з натуральної вовни під час звичайного прання збивається і стає схожою на вовняний плед.</p> <ul> <li>Нижня частина ідеально лягає по спинці візка.</li> <li>Зручний глибокий капюшон</li> <li>Можна використовувати як у звичайних прогулянкових блоках, так і у сидіннях типу &laquo;кокон&raquo;.</li> <li>Низ конверту не плаский, як зазвичай, а має додатковий об&#39;єм з розрахунку на зимове взуття.</li> <li>Всередині, у місці контакту з чобітками, є захист від забруднення - мембранна тканина чорного кольору, яку можна просто протерти вологою серветкою. У цій частині конверту теплоту овчини компенсують 3 додаткових шари синтепону.</li> <li>Світловідбивні елементи для безпеки на дорозі у темну частину доби.</li> <li>Надійна фіксація на сидінні за допогомою накидної ""спіднички"".</li> <li>3 довгі вертикальні отвори для ременів безпеки, які підходять для більшості візочків.</li>
</ul> <p>Крім цього, додатковими приємними перевагами є:</p> <ul> <li>Можливість роз&#39;єднання на 2 окремі частини та використання кожної окремо як накидку чи килимок для ігор.</li> <li>Двостороння застібка-блискавка.</li> <li>Можливість використання у санках</li> <li>Яскравий принт чи стильна геометрична відстрочка підкреслюють Вашу непересічну індивідуальність.</li>
</ul> <p>Технічні характеристики:</p> <p>Довжина: 100см</p> <p>Ширина: 48 см</p> <p>Верх: мембранна тканина з вітро- та водовідштовхуючим покриттям.</p> <p>Утеплювач: силіконізований синтепон, щільністю 400 гр/м2 (у 2 рази більше, ніж у конвертах на овчині)</p> <p>Підкладка: щільний антиалергенний фліс Polar турецького виробництва, який практично не кошлатиться (перевірено сотнями клієнтів)</p> <p>Розрахований для дітей від 6 місяців до 3х років.</p>"
DR-2109,DR-2109,Конверт Тренд Мамонт,Конверт Тренд Мамонт,Виписка та хрещення/Конверти для новонароджених,,2895,UAH,В наявності,Да,ДоРечі,Google Feed for Merchant Center,"https://dorechi.ua/content/images/9/trend_mammoth-53859735492145_+c9784d5690.jpg;https://dorechi.ua/content/images/9/trend_mammoth-78942936031460_+cee8eb8b60.jpg;https://dorechi.ua/content/images/9/trend_mammoth-83726597688599_+a9a93b44a5.jpg;https://dorechi.ua/content/images/9/trend_first_snow-67199695764134_+149df73dfd.jpg;https://dorechi.ua/content/images/9/trend_first_snow-51634873434058_+b697ea9107.jpg;https://dorechi.ua/content/images/9/trend_first_snow-80494721417036_+dc71837baf.jpg;https://dorechi.ua/content/images/9/trend_first_snow-84380547518171_+25157dc833.jpg","<h2>Тренд ДоРечі - це великий зимовий флісовий конверт, який робить прогулянки у холодну пору року приємними, комфортними і значно довшими!</h2> <p>Спроектований спеціально для використання у прогулянкових колясках. Так само теплий, як конверти на овчині, але при цьому його можна безпечно прати у пральній машинці. Нагадаємо, що конверти на овчині обов&#39;язково віддавати у хімчистку, тому що овчина з натуральної вовни під час звичайного прання збивається і стає схожою на вовняний плед.</p> <ul> <li>Нижня частина ідеально лягає по спинці візка.</li> <li>Зручний глибокий капюшон</li> <li>Можна використовувати як у звичайних прогулянкових блоках, так і у сидіннях типу &laquo;кокон&raquo;.</li> <li>Низ конверту не плаский, як зазвичай, а має додатковий об&#39;єм з розрахунку на зимове взуття.</li> <li>Всередині, у місці контакту з чобітками, є захист від забруднення - мембранна тканина чорного кольору, яку можна просто протерти вологою серветкою. У цій частині конверту теплоту овчини компенсують 3 додаткових шари синтепону.</li> <li>Світловідбивні елементи для безпеки на дорозі у темну частину доби.</li> <li>Надійна фіксація на сидінні за допогомою накидної ""спіднички"".</li> <li>3 довгі вертикальні отвори для ременів безпеки, які підходять для більшості візочків.</li>
</ul> <p>Крім цього, додатковими приємними перевагами є:</p> <ul> <li>Можливість роз&#39;єднання на 2 окремі частини та використання кожної окремо як накидку чи килимок для ігор.</li> <li>Двостороння застібка-блискавка.</li> <li>Можливість використання у санках</li> <li>Яскравий принт чи стильна геометрична відстрочка підкреслюють Вашу непересічну індивідуальність.</li>
</ul> <p>Технічні характеристики:</p> <p>Довжина: 100см</p> <p>Ширина: 48 см</p> <p>Верх: мембранна тканина з вітро- та водовідштовхуючим покриттям.</p> <p>Утеплювач: силіконізований синтепон, щільністю 400 гр/м2 (у 2 рази більше, ніж у конвертах на овчині)</p> <p>Підкладка: щільний антиалергенний фліс Polar турецького виробництва, який практично не кошлатиться (перевірено сотнями клієнтів)</p> <p>Розрахований для дітей від 6 місяців до 3х років.</p>"
DR-2110,DR-2110,Конверт Тренд Перший сніг,Конверт Тренд Перший сніг,Виписка та хрещення/Конверти для новонароджених,,2895,UAH,В наявності,Да,ДоРечі,Google Feed for Merchant Center,"https://dorechi.ua/content/images/10/trend_first_snow-37181250136230_+c1a9728f71.jpg;https://dorechi.ua/content/images/10/19103859474356_+511208c9b9.jpg;https://dorechi.ua/content/images/10/trend_first_snow-16313073512601_+3568afcb60.jpg;https://dorechi.ua/content/images/10/trend_first_snow-58732933727433_+91c4ed0250.jpg;https://dorechi.ua/content/images/10/trend_first_snow-70271976997009_+c963d13338.jpg;https://dorechi.ua/content/images/10/trend_first_snow-62096103815604_+b2ca7c5b33.jpg;https://dorechi.ua/content/images/10/trend_first_snow-66610319310206_+81d57aa857.jpg","<h2>Тренд ДоРечі - це великий зимовий флісовий конверт, який робить прогулянки у холодну пору року приємними, комфортними і значно довшими!</h2> <p>Спроектований спеціально для використання у прогулянкових колясках. Так само теплий, як конверти на овчині, але при цьому його можна безпечно прати у пральній машинці. Нагадаємо, що конверти на овчині обов&#39;язково віддавати у хімчистку, тому що овчина з натуральної вовни під час звичайного прання збивається і стає схожою на вовняний плед.</p> <ul> <li>Нижня частина ідеально лягає по спинці візка.</li> <li>Зручний глибокий капюшон</li> <li>Можна використовувати як у звичайних прогулянкових блоках, так і у сидіннях типу &laquo;кокон&raquo;.</li> <li>Низ конверту не плаский, як зазвичай, а має додатковий об&#39;єм з розрахунку на зимове взуття.</li> <li>Всередині, у місці контакту з чобітками, є захист від забруднення - мембранна тканина чорного кольору, яку можна просто протерти вологою серветкою. У цій частині конверту теплоту овчини компенсують 3 додаткових шари синтепону.</li> <li>Світловідбивні елементи для безпеки на дорозі у темну частину доби.</li> <li>Надійна фіксація на сидінні за допогомою накидної ""спіднички"".</li> <li>3 довгі вертикальні отвори для ременів безпеки, які підходять для більшості візочків.</li>
</ul> <p>Крім цього, додатковими приємними перевагами є:</p> <ul> <li>Можливість роз&#39;єднання на 2 окремі частини та використання кожної окремо як накидку чи килимок для ігор.</li> <li>Двостороння застібка-блискавка.</li> <li>Можливість використання у санках</li> <li>Яскравий принт чи стильна геометрична відстрочка підкреслюють Вашу непересічну індивідуальність.</li>
</ul> <p>Технічні характеристики:</p> <p>Довжина: 100см</p> <p>Ширина: 48 см</p> <p>Верх: мембранна тканина з вітро- та водовідштовхуючим покриттям.</p> <p>Утеплювач: силіконізований синтепон, щільністю 400 гр/м2 (у 2 рази більше, ніж у конвертах на овчині)</p> <p>Підкладка: щільний антиалергенний фліс Polar турецького виробництва, який практично не кошлатиться (перевірено сотнями клієнтів)</p> <p>Розрахований для дітей від 6 місяців до 3х років.</p>"
DR-2111,DR-2111,Конверт Тренд Зимова галявина,Конверт Тренд Зимова галявина,Виписка та хрещення/Конверти для новонароджених,,2895,UAH,В наявності,Да,ДоРечі,Google Feed for Merchant Center,"https://dorechi.ua/content/images/11/trend_winter_meadow-65781367004491_+0f1c7def39.jpg;https://dorechi.ua/content/images/11/trend_winter_meadow-32227825352171_+9558687886.jpg;https://dorechi.ua/content/images/11/trend_winter_meadow-68269182049839_+6294cc9bf4.jpg;https://dorechi.ua/content/images/11/trend_winter_meadow-59776535817874_+624740ca03.jpg;https://dorechi.ua/content/images/11/trend_winter_meadow-28487813655576_+c64020968c.jpg;https://dorechi.ua/content/images/11/trend_winter_meadow-64230526546880_+1398162bd6.jpg","<h2>Тренд ДоРечі - це великий зимовий флісовий конверт, який робить прогулянки у холодну пору року приємними, комфортними і значно довшими!</h2> <p>Спроектований спеціально для використання у прогулянкових колясках. Так само теплий, як конверти на овчині, але при цьому його можна безпечно прати у пральній машинці. Нагадаємо, що конверти на овчині обов&#39;язково віддавати у хімчистку, тому що овчина з натуральної вовни під час звичайного прання збивається і стає схожою на вовняний плед.</p> <ul> <li>Нижня частина ідеально лягає по спинці візка.</li> <li>Зручний глибокий капюшон</li> <li>Можна використовувати як у звичайних прогулянкових блоках, так і у сидіннях типу &laquo;кокон&raquo;.</li> <li>Низ конверту не плаский, як зазвичай, а має додатковий об&#39;єм з розрахунку на зимове взуття.</li> <li>Всередині, у місці контакту з чобітками, є захист від забруднення - мембранна тканина чорного кольору, яку можна просто протерти вологою серветкою. У цій частині конверту теплоту овчини компенсують 3 додаткових шари синтепону.</li> <li>Світловідбивні елементи для безпеки на дорозі у темну частину доби.</li> <li>Надійна фіксація на сидінні за допогомою накидної ""спіднички"".</li> <li>3 довгі вертикальні отвори для ременів безпеки, які підходять для більшості візочків.</li>
</ul> <p>Крім цього, додатковими приємними перевагами є:</p> <ul> <li>Можливість роз&#39;єднання на 2 окремі частини та використання кожної окремо як накидку чи килимок для ігор.</li> <li>Двостороння застібка-блискавка.</li> <li>Можливість використання у санках</li> <li>Яскравий принт чи стильна геометрична відстрочка підкреслюють Вашу непересічну індивідуальність.</li>
</ul> <p>Технічні характеристики:</p> <p>Довжина: 100см</p> <p>Ширина: 48 см</p> <p>Верх: мембранна тканина з вітро- та водовідштовхуючим покриттям.</p> <p>Утеплювач: силіконізований синтепон, щільністю 400 гр/м2 (у 2 рази більше, ніж у конвертах на овчині)</p> <p>Підкладка: щільний антиалергенний фліс Polar турецького виробництва, який практично не кошлатиться (перевірено сотнями клієнтів)</p> <p>Розрахований для дітей від 6 місяців до 3х років.</p>"
DR-2048-74,DR-2048-74,Комбінезон зимовий Аполло Чарівний Ліс,Комбінезон зимовий Аполло Чарівний Ліс 74/80 см,Одяг/Комбінезони,74/80,2750,UAH,Немає в наявності,Да,ДоРечі,Google Feed for Merchant Center,"https://dorechi.ua/content/images/23/fairy_forest_74-71938953304757_+9754b5c728.jpg;https://dorechi.ua/content/images/23/fairy_forest_74-28231724676308_+db5dd506d9.jpg;https://dorechi.ua/content/images/23/fairy_forest_74-50773448151330_+836eb9fde7.jpg;https://dorechi.ua/content/images/23/fairy_forest_74-81421169199398_+1c0d16a17e.jpg;https://dorechi.ua/content/images/23/fairy_forest_74-78840913516294_+dd467a7077.jpg;https://dorechi.ua/content/images/23/fairy_forest_74-55088152019176_+40ef1edeeb.jpg;https://dorechi.ua/content/images/23/fairy_forest_74-51399789905000_+daa78d323d.jpg;https://dorechi.ua/content/images/23/fairy_forest_74-85183110072579_+570349200d.jpg;https://dorechi.ua/content/images/23/fairy_forest_74-44598507275225_+46eba4d221.jpg;https://dorechi.ua/content/images/23/fairy_forest_74-82320190570175_+0a69551773.jpg;https://dorechi.ua/content/images/23/fairy_forest_74_n-67023337038137_+f29c90dc26.jpg","<p>Зимовий комбінезон Аполло ДоРечі - це 100% впевненості у теплі та комфорті вашої дитини.</p> <p>Він дуже практичний та зручний. Оздоблений великою кількістю світловідбивних елементів для безпеки на дорозі у темний час доби.</p> <p>Верх - мембранна тканина, яка забезпечить вітронепродуваємість та водовідштовхування в будь яку несприятливу погоду. Водонепроникність 10000 мм. Повітропроникність 5000 гр/м&sup2;.</p> <p>Надсучасний утеплювач Hollowsoft&trade; 300 гр/м&sup2; гарантує відмінну теплоізоляцію та не втягує вологу ззовні. М&rsquo;яка структура волокна не стримує природний рух і підвищує відчуття комфорту в одязі.</p> <p>Підкладка:</p> <p>Груди та спинка - антипілінговий фліс Polar.</p> <p>Рукави та штанини - високоякісний підкладковий атлас, який є запорукою легкого та зручного одягання. А для найменших (у моделях 74 розміру) є тканеві відвороти на рукавах та штанинах, тому цей комбінезон можна використовувати вже з 6 місяців.</p> <p>Крій капюшону забезпечує його щільне прилягання до голови дитини та створює надійний захист від вітру та дощу.</p> <p>Еластичні манжети на рукавах та штанинах, резинка на талії та вільний продуманий крій дозволяють дитині вільно рухатись.</p> <p>Довга застібка, захищена внутрішньою вітрозахисною планкою, сприяє швидкому одяганню.</p> <p>Силіконові штрипки не дозволяють штанинам підстрибувати, коли малюк активно рухається.</p> <p>Зручна кишенька стане у пригоді для зберігання дитячих скарбів.</p> <p>Зверніть увагу, що комбінезон має близько 6 см для зростання.</p> <p>Температурний режим від +5 до - 20&deg;С.</p>"
DR-2095-74,DR-2095-74,Комбінезон зимовий Аполло Леопард,Комбінезон зимовий Аполло Леопард 74/80 см,Одяг/Комбінезони,74/80,2750,UAH,В наявності,Да,ДоРечі,Google Feed for Merchant Center,"https://dorechi.ua/content/images/17/apollo_leopard_74-97944984674773_+7626e7d7e5.jpg;https://dorechi.ua/content/images/17/apollo_leopard_74-73664260262476_+62f5d1cca9.jpg;https://dorechi.ua/content/images/17/apollo_leopard_74-19029890890507_+b33b0fdfa8.jpg;https://dorechi.ua/content/images/17/apollo_leopard_74-20515906476650_+9ecb52c87f.jpg;https://dorechi.ua/content/images/17/apollo_leopard_74-87588584712675_+6c63f88474.jpg;https://dorechi.ua/content/images/17/apollo_leopard_74-92238067811938_+e1395088b7.jpg;https://dorechi.ua/content/images/17/apollo_leopard_74-45792103804610_+5164455bea.jpg;https://dorechi.ua/content/images/17/apollo_leopard_74-89620102843652_+29c0cf44f2.jpg","<p>Зимовий комбінезон Аполло ДоРечі - це 100% впевненості у теплі та комфорті вашої дитини.</p> <p>Він дуже практичний та зручний. Оздоблений великою кількістю світловідбивних елементів для безпеки на дорозі у темний час доби.</p> <p>Верх - мембранна тканина, яка забезпечить вітронепродуваємість та водовідштовхування в будь яку несприятливу погоду. Водонепроникність 10000 мм. Повітропроникність 5000 гр/м&sup2;.</p> <p>Надсучасний утеплювач Termoloft&trade; active 300 гр/м&sup2; гарантує відмінну теплоізоляцію та не втягує вологу ззовні. М&rsquo;яка структура волокна не стримує природний рух і підвищує відчуття комфорту в одязі.</p> <p>Підкладка:</p> <p>Груди та спинка - антипілінговий фліс Polar.</p> <p>Рукави та штанини - високоякісний підкладковий атлас, який є запорукою легкого та зручного одягання. А для найменших (у моделях 74 розміру) є тканеві відвороти на рукавах та штанинах, тому цей комбінезон можна використовувати вже з 6 місяців.</p> <p>Крій капюшону забезпечує його щільне прилягання до голови дитини та створює надійний захист від вітру та дощу.</p> <p>Еластичні манжети на рукавах та штанинах, резинка на талії та вільний продуманий крій дозволяють дитині вільно рухатись.</p> <p>Довга застібка, захищена внутрішньою вітрозахисною планкою, сприяє швидкому одяганню.</p> <p>Силіконові штрипки не дозволяють штанинам підстрибувати, коли малюк активно рухається.</p> <p>Зручна кишенька стане у пригоді для зберігання дитячих скарбів.</p> <p>Зверніть увагу, що комбінезон має близько 6 см для зростання.</p> <p>Температурний режим від +5 до - 20&deg;С.</p>"
DR-2095-80,DR-2095-74,Комбінезон зимовий Аполло Леопард,Комбінезон зимовий Аполло Леопард 80/86 см,Одяг/Комбінезони,80/86,2750,UAH,В наявності,Да,ДоРечі,Google Feed for Merchant Center,"https://dorechi.ua/content/images/18/apollo_leopard_80-77970279208217_+26967dfa55.jpg;https://dorechi.ua/content/images/17/apollo_leopard_74-73664260262476_+62f5d1cca9.jpg;https://dorechi.ua/content/images/17/apollo_leopard_74-19029890890507_+b33b0fdfa8.jpg;https://dorechi.ua/content/images/17/apollo_leopard_74-20515906476650_+9ecb52c87f.jpg;https://dorechi.ua/content/images/17/apollo_leopard_74-87588584712675_+6c63f88474.jpg;https://dorechi.ua/content/images/17/apollo_leopard_74-92238067811938_+e1395088b7.jpg;https://dorechi.ua/content/images/17/apollo_leopard_74-45792103804610_+5164455bea.jpg;https://dorechi.ua/content/images/17/apollo_leopard_74-89620102843652_+29c0cf44f2.jpg","<p>Зимовий комбінезон Аполло ДоРечі - це 100% впевненості у теплі та комфорті вашої дитини.</p> <p>Він дуже практичний та зручний. Оздоблений великою кількістю світловідбивних елементів для безпеки на дорозі у темний час доби.</p> <p>Верх - мембранна тканина, яка забезпечить вітронепродуваємість та водовідштовхування в будь яку несприятливу погоду. Водонепроникність 10000 мм. Повітропроникність 5000 гр/м&sup2;.</p> <p>Надсучасний утеплювач Termoloft&trade; active 300 гр/м&sup2; гарантує відмінну теплоізоляцію та не втягує вологу ззовні. М&rsquo;яка структура волокна не стримує природний рух і підвищує відчуття комфорту в одязі.</p> <p>Підкладка:</p> <p>Груди та спинка - антипілінговий фліс Polar.</p> <p>Рукави та штанини - високоякісний підкладковий атлас, який є запорукою легкого та зручного одягання. А для найменших (у моделях 74 розміру) є тканеві відвороти на рукавах та штанинах, тому цей комбінезон можна використовувати вже з 6 місяців.</p> <p>Крій капюшону забезпечує його щільне прилягання до голови дитини та створює надійний захист від вітру та дощу.</p> <p>Еластичні манжети на рукавах та штанинах, резинка на талії та вільний продуманий крій дозволяють дитині вільно рухатись.</p> <p>Довга застібка, захищена внутрішньою вітрозахисною планкою, сприяє швидкому одяганню.</p> <p>Силіконові штрипки не дозволяють штанинам підстрибувати, коли малюк активно рухається.</p> <p>Зручна кишенька стане у пригоді для зберігання дитячих скарбів.</p> <p>Зверніть увагу, що комбінезон має близько 6 см для зростання.</p> <p>Температурний режим від +5 до - 20&deg;С.</p>"
DR-2095-86,DR-2095-74,Комбінезон зимовий Аполло Леопард,Комбінезон зимовий Аполло Леопард 86/92 см,Одяг/Комбінезони,86/92,2750,UAH,В наявності,Да,ДоРечі,Google Feed for Merchant Center,"https://dorechi.ua/content/images/19/apollo_leopard_86-49961826810863_+ec45f70e40.jpg;https://dorechi.ua/content/images/17/apollo_leopard_74-73664260262476_+62f5d1cca9.jpg;https://dorechi.ua/content/images/17/apollo_leopard_74-19029890890507_+b33b0fdfa8.jpg;https://dorechi.ua/content/images/17/apollo_leopard_74-20515906476650_+9ecb52c87f.jpg;https://dorechi.ua/content/images/17/apollo_leopard_74-87588584712675_+6c63f88474.jpg;https://dorechi.ua/content/images/17/apollo_leopard_74-92238067811938_+e1395088b7.jpg;https://dorechi.ua/content/images/17/apollo_leopard_74-45792103804610_+5164455bea.jpg;https://dorechi.ua/content/images/17/apollo_leopard_74-89620102843652_+29c0cf44f2.jpg","<p>Зимовий комбінезон Аполло ДоРечі - це 100% впевненості у теплі та комфорті вашої дитини.</p> <p>Він дуже практичний та зручний. Оздоблений великою кількістю світловідбивних елементів для безпеки на дорозі у темний час доби.</p> <p>Верх - мембранна тканина, яка забезпечить вітронепродуваємість та водовідштовхування в будь яку несприятливу погоду. Водонепроникність 10000 мм. Повітропроникність 5000 гр/м&sup2;.</p> <p>Надсучасний утеплювач Termoloft&trade; active 300 гр/м&sup2; гарантує відмінну теплоізоляцію та не втягує вологу ззовні. М&rsquo;яка структура волокна не стримує природний рух і підвищує відчуття комфорту в одязі.</p> <p>Підкладка:</p> <p>Груди та спинка - антипілінговий фліс Polar.</p> <p>Рукави та штанини - високоякісний підкладковий атлас, який є запорукою легкого та зручного одягання. А для найменших (у моделях 74 розміру) є тканеві відвороти на рукавах та штанинах, тому цей комбінезон можна використовувати вже з 6 місяців.</p> <p>Крій капюшону забезпечує його щільне прилягання до голови дитини та створює надійний захист від вітру та дощу.</p> <p>Еластичні манжети на рукавах та штанинах, резинка на талії та вільний продуманий крій дозволяють дитині вільно рухатись.</p> <p>Довга застібка, захищена внутрішньою вітрозахисною планкою, сприяє швидкому одяганню.</p> <p>Силіконові штрипки не дозволяють штанинам підстрибувати, коли малюк активно рухається.</p> <p>Зручна кишенька стане у пригоді для зберігання дитячих скарбів.</p> <p>Зверніть увагу, що комбінезон має близько 6 см для зростання.</p> <p>Температурний режим від +5 до - 20&deg;С.</p>"
DR-2095-92,DR-2095-74,Комбінезон зимовий Аполло Леопард,Комбінезон зимовий Аполло Леопард 92/98 см,Одяг/Комбінезони,92/98,2750,UAH,В наявності,Да,ДоРечі,Google Feed for Merchant Center,"https://dorechi.ua/content/images/20/apollo_leopard_92-45561348071559_+bc2aa89409.jpg;https://dorechi.ua/content/images/17/apollo_leopard_74-73664260262476_+62f5d1cca9.jpg;https://dorechi.ua/content/images/17/apollo_leopard_74-19029890890507_+b33b0fdfa8.jpg;https://dorechi.ua/content/images/17/apollo_leopard_74-20515906476650_+9ecb52c87f.jpg;https://dorechi.ua/content/images/17/apollo_leopard_74-87588584712675_+6c63f88474.jpg;https://dorechi.ua/content/images/17/apollo_leopard_74-92238067811938_+e1395088b7.jpg;https://dorechi.ua/content/images/17/apollo_leopard_74-45792103804610_+5164455bea.jpg;https://dorechi.ua/content/images/17/apollo_leopard_74-89620102843652_+29c0cf44f2.jpg","<p>Зимовий комбінезон Аполло ДоРечі - це 100% впевненості у теплі та комфорті вашої дитини.</p> <p>Він дуже практичний та зручний. Оздоблений великою кількістю світловідбивних елементів для безпеки на дорозі у темний час доби.</p> <p>Верх - мембранна тканина, яка забезпечить вітронепродуваємість та водовідштовхування в будь яку несприятливу погоду. Водонепроникність 10000 мм. Повітропроникність 5000 гр/м&sup2;.</p> <p>Надсучасний утеплювач Termoloft&trade; active 300 гр/м&sup2; гарантує відмінну теплоізоляцію та не втягує вологу ззовні. М&rsquo;яка структура волокна не стримує природний рух і підвищує відчуття комфорту в одязі.</p> <p>Підкладка:</p> <p>Груди та спинка - антипілінговий фліс Polar.</p> <p>Рукави та штанини - високоякісний підкладковий атлас, який є запорукою легкого та зручного одягання. А для найменших (у моделях 74 розміру) є тканеві відвороти на рукавах та штанинах, тому цей комбінезон можна використовувати вже з 6 місяців.</p> <p>Крій капюшону забезпечує його щільне прилягання до голови дитини та створює надійний захист від вітру та дощу.</p> <p>Еластичні манжети на рукавах та штанинах, резинка на талії та вільний продуманий крій дозволяють дитині вільно рухатись.</p> <p>Довга застібка, захищена внутрішньою вітрозахисною планкою, сприяє швидкому одяганню.</p> <p>Силіконові штрипки не дозволяють штанинам підстрибувати, коли малюк активно рухається.</p> <p>Зручна кишенька стане у пригоді для зберігання дитячих скарбів.</p> <p>Зверніть увагу, що комбінезон має близько 6 см для зростання.</p> <p>Температурний режим від +5 до - 20&deg;С.</p>"
DR-2118-74,DR-2118-74,Комбінезон зимовий Аполло Мамонт,Комбінезон зимовий Аполло Мамонт 74/80 см,Одяг/Комбінезони,74/80,2750,UAH,В наявності,Да,ДоРечі,Google Feed for Merchant Center,"https://dorechi.ua/content/images/41/apollo_mammoth_74-64655432955321_+ee01c4f6eb.jpg;https://dorechi.ua/content/images/41/apollo_mammoth_74-13480027681395_+a72697c34c.jpg;https://dorechi.ua/content/images/41/apollo_mammoth_74-76223184002861_+5970729794.jpg;https://dorechi.ua/content/images/41/apollo_mammoth_74-55017161105322_+e0bb9dfde5.jpg;https://dorechi.ua/content/images/41/apollo_mammoth_74-35436537273353_+e17592c8c3.jpg;https://dorechi.ua/content/images/41/apollo_mammoth_74-81377857308793_+aed884220b.jpg;https://dorechi.ua/content/images/41/apollo_mammoth_74-60869689421002_+e6831b2ed7.jpg;https://dorechi.ua/content/images/41/apollo_mammoth_74-53809100356005_+a8f4a29c78.jpg","<p>Зимовий комбінезон Аполло ДоРечі - це 100% впевненості у теплі та комфорті вашої дитини.</p> <p>Він дуже практичний та зручний. Оздоблений великою кількістю світловідбивних елементів для безпеки на дорозі у темний час доби.</p> <p>Верх - мембранна тканина, яка забезпечить вітронепродуваємість та водовідштовхування в будь яку несприятливу погоду. Водонепроникність 10000 мм. Повітропроникність 5000 гр/м&sup2;.</p> <p>Надсучасний утеплювач Hollowsoft&trade; 300 гр/м&sup2; гарантує відмінну теплоізоляцію та не втягує вологу ззовні. М&rsquo;яка структура волокна не стримує природний рух і підвищує відчуття комфорту в одязі.</p> <p>Підкладка:</p> <p>Груди та спинка - антипілінговий фліс Polar.</p> <p>Рукави та штанини - високоякісний підкладковий атлас, який є запорукою легкого та зручного одягання. А для найменших (у моделях 74 розміру) є тканеві відвороти на рукавах та штанинах, тому цей комбінезон можна використовувати вже з 6 місяців.</p> <p>Крій капюшону забезпечує його щільне прилягання до голови дитини та створює надійний захист від вітру та дощу.</p> <p>Еластичні манжети на рукавах та штанинах, резинка на талії та вільний продуманий крій дозволяють дитині вільно рухатись.</p> <p>Довга застібка, захищена внутрішньою вітрозахисною планкою, сприяє швидкому одяганню.</p> <p>Силіконові штрипки не дозволяють штанинам підстрибувати, коли малюк активно рухається.</p> <p>Зручна кишенька стане у пригоді для зберігання дитячих скарбів.</p> <p>Зверніть увагу, що комбінезон має близько 6 см для зростання.</p> <p>Температурний режим від +5 до - 20&deg;С.</p>"
DR-2118-80,DR-2118-74,Комбінезон зимовий Аполло Мамонт,Комбінезон зимовий Аполло Мамонт 80/86 см,Одяг/Комбінезони,80/86,2750,UAH,В наявності,Да,ДоРечі,Google Feed for Merchant Center,"https://dorechi.ua/content/images/42/apollo_mammoth_80-13308749339556_+5f602e2821.jpg;https://dorechi.ua/content/images/41/apollo_mammoth_74-13480027681395_+a72697c34c.jpg;https://dorechi.ua/content/images/41/apollo_mammoth_74-76223184002861_+5970729794.jpg;https://dorechi.ua/content/images/41/apollo_mammoth_74-55017161105322_+e0bb9dfde5.jpg;https://dorechi.ua/content/images/41/apollo_mammoth_74-35436537273353_+e17592c8c3.jpg;https://dorechi.ua/content/images/41/apollo_mammoth_74-81377857308793_+aed884220b.jpg;https://dorechi.ua/content/images/41/apollo_mammoth_74-60869689421002_+e6831b2ed7.jpg;https://dorechi.ua/content/images/41/apollo_mammoth_74-53809100356005_+a8f4a29c78.jpg","<p>Зимовий комбінезон Аполло ДоРечі - це 100% впевненості у теплі та комфорті вашої дитини.</p> <p>Він дуже практичний та зручний. Оздоблений великою кількістю світловідбивних елементів для безпеки на дорозі у темний час доби.</p> <p>Верх - мембранна тканина, яка забезпечить вітронепродуваємість та водовідштовхування в будь яку несприятливу погоду. Водонепроникність 10000 мм. Повітропроникність 5000 гр/м&sup2;.</p> <p>Надсучасний утеплювач Hollowsoft&trade; 300 гр/м&sup2; гарантує відмінну теплоізоляцію та не втягує вологу ззовні. М&rsquo;яка структура волокна не стримує природний рух і підвищує відчуття комфорту в одязі.</p> <p>Підкладка:</p> <p>Груди та спинка - антипілінговий фліс Polar.</p> <p>Рукави та штанини - високоякісний підкладковий атлас, який є запорукою легкого та зручного одягання. А для найменших (у моделях 74 розміру) є тканеві відвороти на рукавах та штанинах, тому цей комбінезон можна використовувати вже з 6 місяців.</p> <p>Крій капюшону забезпечує його щільне прилягання до голови дитини та створює надійний захист від вітру та дощу.</p> <p>Еластичні манжети на рукавах та штанинах, резинка на талії та вільний продуманий крій дозволяють дитині вільно рухатись.</p> <p>Довга застібка, захищена внутрішньою вітрозахисною планкою, сприяє швидкому одяганню.</p> <p>Силіконові штрипки не дозволяють штанинам підстрибувати, коли малюк активно рухається.</p> <p>Зручна кишенька стане у пригоді для зберігання дитячих скарбів.</p> <p>Зверніть увагу, що комбінезон має близько 6 см для зростання.</p> <p>Температурний режим від +5 до - 20&deg;С.</p>"
DR-2118-86,DR-2118-74,Комбінезон зимовий Аполло Мамонт,Комбінезон зимовий Аполло Мамонт 86/92 см,Одяг/Комбінезони,86/92,2750,UAH,В наявності,Да,ДоРечі,Google Feed for Merchant Center,"https://dorechi.ua/content/images/43/apollo_mammoth_86-81578545185259_+b2f3e1990b.jpg;https://dorechi.ua/content/images/41/apollo_mammoth_74-13480027681395_+a72697c34c.jpg;https://dorechi.ua/content/images/41/apollo_mammoth_74-76223184002861_+5970729794.jpg;https://dorechi.ua/content/images/41/apollo_mammoth_74-55017161105322_+e0bb9dfde5.jpg;https://dorechi.ua/content/images/41/apollo_mammoth_74-35436537273353_+e17592c8c3.jpg;https://dorechi.ua/content/images/41/apollo_mammoth_74-81377857308793_+aed884220b.jpg;https://dorechi.ua/content/images/41/apollo_mammoth_74-60869689421002_+e6831b2ed7.jpg;https://dorechi.ua/content/images/41/apollo_mammoth_74-53809100356005_+a8f4a29c78.jpg","<p>Зимовий комбінезон Аполло ДоРечі - це 100% впевненості у теплі та комфорті вашої дитини.</p> <p>Він дуже практичний та зручний. Оздоблений великою кількістю світловідбивних елементів для безпеки на дорозі у темний час доби.</p> <p>Верх - мембранна тканина, яка забезпечить вітронепродуваємість та водовідштовхування в будь яку несприятливу погоду. Водонепроникність 10000 мм. Повітропроникність 5000 гр/м&sup2;.</p> <p>Надсучасний утеплювач Hollowsoft&trade; 300 гр/м&sup2; гарантує відмінну теплоізоляцію та не втягує вологу ззовні. М&rsquo;яка структура волокна не стримує природний рух і підвищує відчуття комфорту в одязі.</p> <p>Підкладка:</p> <p>Груди та спинка - антипілінговий фліс Polar.</p> <p>Рукави та штанини - високоякісний підкладковий атлас, який є запорукою легкого та зручного одягання. А для найменших (у моделях 74 розміру) є тканеві відвороти на рукавах та штанинах, тому цей комбінезон можна використовувати вже з 6 місяців.</p> <p>Крій капюшону забезпечує його щільне прилягання до голови дитини та створює надійний захист від вітру та дощу.</p> <p>Еластичні манжети на рукавах та штанинах, резинка на талії та вільний продуманий крій дозволяють дитині вільно рухатись.</p> <p>Довга застібка, захищена внутрішньою вітрозахисною планкою, сприяє швидкому одяганню.</p> <p>Силіконові штрипки не дозволяють штанинам підстрибувати, коли малюк активно рухається.</p> <p>Зручна кишенька стане у пригоді для зберігання дитячих скарбів.</p> <p>Зверніть увагу, що комбінезон має близько 6 см для зростання.</p> <p>Температурний режим від +5 до - 20&deg;С.</p>"
DR-2118-92,DR-2118-74,Комбінезон зимовий Аполло Мамонт,Комбінезон зимовий Аполло Мамонт 92/98 см,Одяг/Комбінезони,92/98,2750,UAH,В наявності,Да,ДоРечі,Google Feed for Merchant Center,"https://dorechi.ua/content/images/44/apollo_mammoth_92-24037911916557_+5e5e721c62.jpg;https://dorechi.ua/content/images/41/apollo_mammoth_74-13480027681395_+a72697c34c.jpg;https://dorechi.ua/content/images/41/apollo_mammoth_74-76223184002861_+5970729794.jpg;https://dorechi.ua/content/images/41/apollo_mammoth_74-55017161105322_+e0bb9dfde5.jpg;https://dorechi.ua/content/images/41/apollo_mammoth_74-35436537273353_+e17592c8c3.jpg;https://dorechi.ua/content/images/41/apollo_mammoth_74-81377857308793_+aed884220b.jpg;https://dorechi.ua/content/images/41/apollo_mammoth_74-60869689421002_+e6831b2ed7.jpg;https://dorechi.ua/content/images/41/apollo_mammoth_74-53809100356005_+a8f4a29c78.jpg","<p>Зимовий комбінезон Аполло ДоРечі - це 100% впевненості у теплі та комфорті вашої дитини.</p> <p>Він дуже практичний та зручний. Оздоблений великою кількістю світловідбивних елементів для безпеки на дорозі у темний час доби.</p> <p>Верх - мембранна тканина, яка забезпечить вітронепродуваємість та водовідштовхування в будь яку несприятливу погоду. Водонепроникність 10000 мм. Повітропроникність 5000 гр/м&sup2;.</p> <p>Надсучасний утеплювач Hollowsoft&trade; 300 гр/м&sup2; гарантує відмінну теплоізоляцію та не втягує вологу ззовні. М&rsquo;яка структура волокна не стримує природний рух і підвищує відчуття комфорту в одязі.</p> <p>Підкладка:</p> <p>Груди та спинка - антипілінговий фліс Polar.</p> <p>Рукави та штанини - високоякісний підкладковий атлас, який є запорукою легкого та зручного одягання. А для найменших (у моделях 74 розміру) є тканеві відвороти на рукавах та штанинах, тому цей комбінезон можна використовувати вже з 6 місяців.</p> <p>Крій капюшону забезпечує його щільне прилягання до голови дитини та створює надійний захист від вітру та дощу.</p> <p>Еластичні манжети на рукавах та штанинах, резинка на талії та вільний продуманий крій дозволяють дитині вільно рухатись.</p> <p>Довга застібка, захищена внутрішньою вітрозахисною планкою, сприяє швидкому одяганню.</p> <p>Силіконові штрипки не дозволяють штанинам підстрибувати, коли малюк активно рухається.</p> <p>Зручна кишенька стане у пригоді для зберігання дитячих скарбів.</p> <p>Зверніть увагу, що комбінезон має близько 6 см для зростання.</p> <p>Температурний режим від +5 до - 20&deg;С.</p>"
DR-2119-74,DR-2119-74,Комбінезон зимовий Аполло Перший сніг,Комбінезон зимовий Аполло Перший сніг 74/80 см,Одяг/Комбінезони,74/80,2750,UAH,В наявності,Да,ДоРечі,Google Feed for Merchant Center,"https://dorechi.ua/content/images/49/apollo_first_snow_74-47551914176955_+ada16e283b.jpg;https://dorechi.ua/content/images/49/apollo_first_snow_74-27104433684020_+8fc727398f.jpg;https://dorechi.ua/content/images/49/apollo_first_snow_74-29971652607466_+4386a45022.jpg;https://dorechi.ua/content/images/49/apollo_first_snow_74-65325461251397_+b6e7482c9a.jpg;https://dorechi.ua/content/images/49/apollo_first_snow_74-55831927563215_+6a0199d8a8.jpg;https://dorechi.ua/content/images/49/apollo_first_snow_74-39460472550181_+535c1d08f1.jpg;https://dorechi.ua/content/images/49/apollo_first_snow_74-84883487814901_+869b092e89.jpg;https://dorechi.ua/content/images/49/apollo_first_snow_74-98420257536205_+13841111ea.jpg","<p>Зимовий комбінезон Аполло ДоРечі - це 100% впевненості у теплі та комфорті вашої дитини.</p> <p>Він дуже практичний та зручний. Оздоблений великою кількістю світловідбивних елементів для безпеки на дорозі у темний час доби.</p> <p>Верх - мембранна тканина, яка забезпечить вітронепродуваємість та водовідштовхування в будь яку несприятливу погоду. Водонепроникність 10000 мм. Повітропроникність 5000 гр/м&sup2;.</p> <p>Надсучасний утеплювач Hollowsoft&trade; active 300 гр/м&sup2; гарантує відмінну теплоізоляцію та не втягує вологу ззовні. М&rsquo;яка структура волокна не стримує природний рух і підвищує відчуття комфорту в одязі.</p> <p>Підкладка:</p> <p>Груди та спинка - антипілінговий фліс Polar.</p> <p>Рукави та штанини - високоякісний підкладковий атлас, який є запорукою легкого та зручного одягання. А для найменших (у моделях 74 розміру) є тканеві відвороти на рукавах та штанинах, тому цей комбінезон можна використовувати вже з 6 місяців.</p> <p>Крій капюшону забезпечує його щільне прилягання до голови дитини та створює надійний захист від вітру та дощу.</p> <p>Еластичні манжети на рукавах та штанинах, резинка на талії та вільний продуманий крій дозволяють дитині вільно рухатись.</p> <p>Довга застібка, захищена внутрішньою вітрозахисною планкою, сприяє швидкому одяганню.</p> <p>Силіконові штрипки не дозволяють штанинам підстрибувати, коли малюк активно рухається.</p> <p>Зручна кишенька стане у пригоді для зберігання дитячих скарбів.</p> <p>Зверніть увагу, що комбінезон має близько 6 см для зростання.</p> <p>Температурний режим від +5 до - 20&deg;С.</p>"
DR-2119-80,DR-2119-74,Комбінезон зимовий Аполло Перший сніг,Комбінезон зимовий Аполло Перший сніг 80/86 см,Одяг/Комбінезони,80/86,2750,UAH,В наявності,Да,ДоРечі,Google Feed for Merchant Center,"https://dorechi.ua/content/images/50/apollo_first_snow_80-95168168145940_+10412b232b.jpg;https://dorechi.ua/content/images/49/apollo_first_snow_74-27104433684020_+8fc727398f.jpg;https://dorechi.ua/content/images/49/apollo_first_snow_74-29971652607466_+4386a45022.jpg;https://dorechi.ua/content/images/49/apollo_first_snow_74-65325461251397_+b6e7482c9a.jpg;https://dorechi.ua/content/images/49/apollo_first_snow_74-55831927563215_+6a0199d8a8.jpg;https://dorechi.ua/content/images/49/apollo_first_snow_74-39460472550181_+535c1d08f1.jpg;https://dorechi.ua/content/images/49/apollo_first_snow_74-84883487814901_+869b092e89.jpg;https://dorechi.ua/content/images/49/apollo_first_snow_74-98420257536205_+13841111ea.jpg","<p>Зимовий комбінезон Аполло ДоРечі - це 100% впевненості у теплі та комфорті вашої дитини.</p> <p>Він дуже практичний та зручний. Оздоблений великою кількістю світловідбивних елементів для безпеки на дорозі у темний час доби.</p> <p>Верх - мембранна тканина, яка забезпечить вітронепродуваємість та водовідштовхування в будь яку несприятливу погоду. Водонепроникність 10000 мм. Повітропроникність 5000 гр/м&sup2;.</p> <p>Надсучасний утеплювач Hollowsoft&trade; active 300 гр/м&sup2; гарантує відмінну теплоізоляцію та не втягує вологу ззовні. М&rsquo;яка структура волокна не стримує природний рух і підвищує відчуття комфорту в одязі.</p> <p>Підкладка:</p> <p>Груди та спинка - антипілінговий фліс Polar.</p> <p>Рукави та штанини - високоякісний підкладковий атлас, який є запорукою легкого та зручного одягання. А для найменших (у моделях 74 розміру) є тканеві відвороти на рукавах та штанинах, тому цей комбінезон можна використовувати вже з 6 місяців.</p> <p>Крій капюшону забезпечує його щільне прилягання до голови дитини та створює надійний захист від вітру та дощу.</p> <p>Еластичні манжети на рукавах та штанинах, резинка на талії та вільний продуманий крій дозволяють дитині вільно рухатись.</p> <p>Довга застібка, захищена внутрішньою вітрозахисною планкою, сприяє швидкому одяганню.</p> <p>Силіконові штрипки не дозволяють штанинам підстрибувати, коли малюк активно рухається.</p> <p>Зручна кишенька стане у пригоді для зберігання дитячих скарбів.</p> <p>Зверніть увагу, що комбінезон має близько 6 см для зростання.</p> <p>Температурний режим від +5 до - 20&deg;С.</p>"
DR-2119-86,DR-2119-74,Комбінезон зимовий Аполло Перший сніг,Комбінезон зимовий Аполло Перший сніг 86/92 см,Одяг/Комбінезони,86/92,2750,UAH,В наявності,Да,ДоРечі,Google Feed for Merchant Center,"https://dorechi.ua/content/images/1/apollo_first_snow_86-83239482665910_+673b229f29.jpg;https://dorechi.ua/content/images/49/apollo_first_snow_74-27104433684020_+8fc727398f.jpg;https://dorechi.ua/content/images/49/apollo_first_snow_74-29971652607466_+4386a45022.jpg;https://dorechi.ua/content/images/49/apollo_first_snow_74-65325461251397_+b6e7482c9a.jpg;https://dorechi.ua/content/images/49/apollo_first_snow_74-55831927563215_+6a0199d8a8.jpg;https://dorechi.ua/content/images/49/apollo_first_snow_74-39460472550181_+535c1d08f1.jpg;https://dorechi.ua/content/images/49/apollo_first_snow_74-84883487814901_+869b092e89.jpg;https://dorechi.ua/content/images/49/apollo_first_snow_74-98420257536205_+13841111ea.jpg","<p>Зимовий комбінезон Аполло ДоРечі - це 100% впевненості у теплі та комфорті вашої дитини.</p> <p>Він дуже практичний та зручний. Оздоблений великою кількістю світловідбивних елементів для безпеки на дорозі у темний час доби.</p> <p>Верх - мембранна тканина, яка забезпечить вітронепродуваємість та водовідштовхування в будь яку несприятливу погоду. Водонепроникність 10000 мм. Повітропроникність 5000 гр/м&sup2;.</p> <p>Надсучасний утеплювач Hollowsoft&trade; active 300 гр/м&sup2; гарантує відмінну теплоізоляцію та не втягує вологу ззовні. М&rsquo;яка структура волокна не стримує природний рух і підвищує відчуття комфорту в одязі.</p> <p>Підкладка:</p> <p>Груди та спинка - антипілінговий фліс Polar.</p> <p>Рукави та штанини - високоякісний підкладковий атлас, який є запорукою легкого та зручного одягання. А для найменших (у моделях 74 розміру) є тканеві відвороти на рукавах та штанинах, тому цей комбінезон можна використовувати вже з 6 місяців.</p> <p>Крій капюшону забезпечує його щільне прилягання до голови дитини та створює надійний захист від вітру та дощу.</p> <p>Еластичні манжети на рукавах та штанинах, резинка на талії та вільний продуманий крій дозволяють дитині вільно рухатись.</p> <p>Довга застібка, захищена внутрішньою вітрозахисною планкою, сприяє швидкому одяганню.</p> <p>Силіконові штрипки не дозволяють штанинам підстрибувати, коли малюк активно рухається.</p> <p>Зручна кишенька стане у пригоді для зберігання дитячих скарбів.</p> <p>Зверніть увагу, що комбінезон має близько 6 см для зростання.</p> <p>Температурний режим від +5 до - 20&deg;С.</p>"
DR-2119-92,DR-2119-74,Комбінезон зимовий Аполло Перший сніг,Комбінезон зимовий Аполло Перший сніг 92/98 см,Одяг/Комбінезони,92/98,2750,UAH,В наявності,Да,ДоРечі,Google Feed for Merchant Center,"https://dorechi.ua/content/images/2/apollo_first_snow_92-25850798208141_+303c6f945c.jpg;https://dorechi.ua/content/images/49/apollo_first_snow_74-27104433684020_+8fc727398f.jpg;https://dorechi.ua/content/images/49/apollo_first_snow_74-29971652607466_+4386a45022.jpg;https://dorechi.ua/content/images/49/apollo_first_snow_74-65325461251397_+b6e7482c9a.jpg;https://dorechi.ua/content/images/49/apollo_first_snow_74-55831927563215_+6a0199d8a8.jpg;https://dorechi.ua/content/images/49/apollo_first_snow_74-39460472550181_+535c1d08f1.jpg;https://dorechi.ua/content/images/49/apollo_first_snow_74-84883487814901_+869b092e89.jpg;https://dorechi.ua/content/images/49/apollo_first_snow_74-98420257536205_+13841111ea.jpg","<p>Зимовий комбінезон Аполло ДоРечі - це 100% впевненості у теплі та комфорті вашої дитини.</p> <p>Він дуже практичний та зручний. Оздоблений великою кількістю світловідбивних елементів для безпеки на дорозі у темний час доби.</p> <p>Верх - мембранна тканина, яка забезпечить вітронепродуваємість та водовідштовхування в будь яку несприятливу погоду. Водонепроникність 10000 мм. Повітропроникність 5000 гр/м&sup2;.</p> <p>Надсучасний утеплювач Hollowsoft&trade; active 300 гр/м&sup2; гарантує відмінну теплоізоляцію та не втягує вологу ззовні. М&rsquo;яка структура волокна не стримує природний рух і підвищує відчуття комфорту в одязі.</p> <p>Підкладка:</p> <p>Груди та спинка - антипілінговий фліс Polar.</p> <p>Рукави та штанини - високоякісний підкладковий атлас, який є запорукою легкого та зручного одягання. А для найменших (у моделях 74 розміру) є тканеві відвороти на рукавах та штанинах, тому цей комбінезон можна використовувати вже з 6 місяців.</p> <p>Крій капюшону забезпечує його щільне прилягання до голови дитини та створює надійний захист від вітру та дощу.</p> <p>Еластичні манжети на рукавах та штанинах, резинка на талії та вільний продуманий крій дозволяють дитині вільно рухатись.</p> <p>Довга застібка, захищена внутрішньою вітрозахисною планкою, сприяє швидкому одяганню.</p> <p>Силіконові штрипки не дозволяють штанинам підстрибувати, коли малюк активно рухається.</p> <p>Зручна кишенька стане у пригоді для зберігання дитячих скарбів.</p> <p>Зверніть увагу, що комбінезон має близько 6 см для зростання.</p> <p>Температурний режим від +5 до - 20&deg;С.</p>"
DR-2120-74,DR-2120-74,Комбінезон зимовий Аполло Зимова галявина,Комбінезон зимовий Аполло Зимова галявина 74/80 см,Одяг/Комбінезони,74/80,2750,UAH,В наявності,Да,ДоРечі,Google Feed for Merchant Center,"https://dorechi.ua/content/images/7/apollo_winter_meadow_74-75433084972190_+18bab6e070.jpg;https://dorechi.ua/content/images/7/apollo_winter_meadow_74-31372371918917_+ad5bb2e747.jpg;https://dorechi.ua/content/images/7/apollo_winter_meadow_74-38971381690328_+97613173e2.jpg;https://dorechi.ua/content/images/7/apollo_winter_meadow_74-95934646876171_+27db914e87.jpg;https://dorechi.ua/content/images/7/apollo_winter_meadow_74-14455341987657_+6bbebc755b.jpg;https://dorechi.ua/content/images/7/apollo_winter_meadow_74-94565598184228_+a8b8c9d67d.jpg;https://dorechi.ua/content/images/7/apollo_winter_meadow_74-40473769608267_+50aea68853.jpg;https://dorechi.ua/content/images/7/apollo_winter_meadow_74-68106024156660_+df485c75cb.jpg","<p>Зимовий комбінезон Аполло ДоРечі - це 100% впевненості у теплі та комфорті вашої дитини.</p> <p>Він дуже практичний та зручний. Оздоблений великою кількістю світловідбивних елементів для безпеки на дорозі у темний час доби.</p> <p>Верх - мембранна тканина, яка забезпечить вітронепродуваємість та водовідштовхування в будь яку несприятливу погоду. Водонепроникність 10000 мм. Повітропроникність 5000 гр/м&sup2;.</p> <p>Надсучасний утеплювач Hollowsoft&trade; active 300 гр/м&sup2; гарантує відмінну теплоізоляцію та не втягує вологу ззовні. М&rsquo;яка структура волокна не стримує природний рух і підвищує відчуття комфорту в одязі.</p> <p>Підкладка:</p> <p>Груди та спинка - антипілінговий фліс Polar.</p> <p>Рукави та штанини - високоякісний підкладковий атлас, який є запорукою легкого та зручного одягання. А для найменших (у моделях 74 розміру) є тканеві відвороти на рукавах та штанинах, тому цей комбінезон можна використовувати вже з 6 місяців.</p> <p>Крій капюшону забезпечує його щільне прилягання до голови дитини та створює надійний захист від вітру та дощу.</p> <p>Еластичні манжети на рукавах та штанинах, резинка на талії та вільний продуманий крій дозволяють дитині вільно рухатись.</p> <p>Довга застібка, захищена внутрішньою вітрозахисною планкою, сприяє швидкому одяганню.</p> <p>Силіконові штрипки не дозволяють штанинам підстрибувати, коли малюк активно рухається.</p> <p>Зручна кишенька стане у пригоді для зберігання дитячих скарбів.</p> <p>Зверніть увагу, що комбінезон має близько 6 см для зростання.</p> <p>Температурний режим від +5 до - 20&deg;С.</p>"
DR-2120-80,DR-2120-74,Комбінезон зимовий Аполло Зимова галявина,Комбінезон зимовий Аполло Зимова галявина 80/86 см,Одяг/Комбінезони,80/86,2750,UAH,В наявності,Да,ДоРечі,Google Feed for Merchant Center,"https://dorechi.ua/content/images/8/apollo_winter_meadow_80-51575763933764_+898f7bd7ff.jpg;https://dorechi.ua/content/images/7/apollo_winter_meadow_74-31372371918917_+ad5bb2e747.jpg;https://dorechi.ua/content/images/7/apollo_winter_meadow_74-38971381690328_+97613173e2.jpg;https://dorechi.ua/content/images/7/apollo_winter_meadow_74-95934646876171_+27db914e87.jpg;https://dorechi.ua/content/images/7/apollo_winter_meadow_74-14455341987657_+6bbebc755b.jpg;https://dorechi.ua/content/images/7/apollo_winter_meadow_74-94565598184228_+a8b8c9d67d.jpg;https://dorechi.ua/content/images/7/apollo_winter_meadow_74-40473769608267_+50aea68853.jpg;https://dorechi.ua/content/images/7/apollo_winter_meadow_74-68106024156660_+df485c75cb.jpg","<p>Зимовий комбінезон Аполло ДоРечі - це 100% впевненості у теплі та комфорті вашої дитини.</p> <p>Він дуже практичний та зручний. Оздоблений великою кількістю світловідбивних елементів для безпеки на дорозі у темний час доби.</p> <p>Верх - мембранна тканина, яка забезпечить вітронепродуваємість та водовідштовхування в будь яку несприятливу погоду. Водонепроникність 10000 мм. Повітропроникність 5000 гр/м&sup2;.</p> <p>Надсучасний утеплювач Hollowsoft&trade; active 300 гр/м&sup2; гарантує відмінну теплоізоляцію та не втягує вологу ззовні. М&rsquo;яка структура волокна не стримує природний рух і підвищує відчуття комфорту в одязі.</p> <p>Підкладка:</p> <p>Груди та спинка - антипілінговий фліс Polar.</p> <p>Рукави та штанини - високоякісний підкладковий атлас, який є запорукою легкого та зручного одягання. А для найменших (у моделях 74 розміру) є тканеві відвороти на рукавах та штанинах, тому цей комбінезон можна використовувати вже з 6 місяців.</p> <p>Крій капюшону забезпечує його щільне прилягання до голови дитини та створює надійний захист від вітру та дощу.</p> <p>Еластичні манжети на рукавах та штанинах, резинка на талії та вільний продуманий крій дозволяють дитині вільно рухатись.</p> <p>Довга застібка, захищена внутрішньою вітрозахисною планкою, сприяє швидкому одяганню.</p> <p>Силіконові штрипки не дозволяють штанинам підстрибувати, коли малюк активно рухається.</p> <p>Зручна кишенька стане у пригоді для зберігання дитячих скарбів.</p> <p>Зверніть увагу, що комбінезон має близько 6 см для зростання.</p> <p>Температурний режим від +5 до - 20&deg;С.</p>"
DR-2120-86,DR-2120-74,Комбінезон зимовий Аполло Зимова галявина,Комбінезон зимовий Аполло Зимова галявина 86/92 см,Одяг/Комбінезони,86/92,2750,UAH,В наявності,Да,ДоРечі,Google Feed for Merchant Center,"https://dorechi.ua/content/images/9/apollo_winter_meadow_86-20174783545700_+46acaa2f6e.jpg;https://dorechi.ua/content/images/7/apollo_winter_meadow_74-31372371918917_+ad5bb2e747.jpg;https://dorechi.ua/content/images/7/apollo_winter_meadow_74-38971381690328_+97613173e2.jpg;https://dorechi.ua/content/images/7/apollo_winter_meadow_74-95934646876171_+27db914e87.jpg;https://dorechi.ua/content/images/7/apollo_winter_meadow_74-14455341987657_+6bbebc755b.jpg;https://dorechi.ua/content/images/7/apollo_winter_meadow_74-94565598184228_+a8b8c9d67d.jpg;https://dorechi.ua/content/images/7/apollo_winter_meadow_74-40473769608267_+50aea68853.jpg;https://dorechi.ua/content/images/7/apollo_winter_meadow_74-68106024156660_+df485c75cb.jpg","<p>Зимовий комбінезон Аполло ДоРечі - це 100% впевненості у теплі та комфорті вашої дитини.</p> <p>Він дуже практичний та зручний. Оздоблений великою кількістю світловідбивних елементів для безпеки на дорозі у темний час доби.</p> <p>Верх - мембранна тканина, яка забезпечить вітронепродуваємість та водовідштовхування в будь яку несприятливу погоду. Водонепроникність 10000 мм. Повітропроникність 5000 гр/м&sup2;.</p> <p>Надсучасний утеплювач Hollowsoft&trade; active 300 гр/м&sup2; гарантує відмінну теплоізоляцію та не втягує вологу ззовні. М&rsquo;яка структура волокна не стримує природний рух і підвищує відчуття комфорту в одязі.</p> <p>Підкладка:</p> <p>Груди та спинка - антипілінговий фліс Polar.</p> <p>Рукави та штанини - високоякісний підкладковий атлас, який є запорукою легкого та зручного одягання. А для найменших (у моделях 74 розміру) є тканеві відвороти на рукавах та штанинах, тому цей комбінезон можна використовувати вже з 6 місяців.</p> <p>Крій капюшону забезпечує його щільне прилягання до голови дитини та створює надійний захист від вітру та дощу.</p> <p>Еластичні манжети на рукавах та штанинах, резинка на талії та вільний продуманий крій дозволяють дитині вільно рухатись.</p> <p>Довга застібка, захищена внутрішньою вітрозахисною планкою, сприяє швидкому одяганню.</p> <p>Силіконові штрипки не дозволяють штанинам підстрибувати, коли малюк активно рухається.</p> <p>Зручна кишенька стане у пригоді для зберігання дитячих скарбів.</p> <p>Зверніть увагу, що комбінезон має близько 6 см для зростання.</p> <p>Температурний режим від +5 до - 20&deg;С.</p>"
DR-2120-92,DR-2120-74,Комбінезон зимовий Аполло Зимова галявина,Комбінезон зимовий Аполло Зимова галявина 92/98 см,Одяг/Комбінезони,92/98,2750,UAH,В наявності,Да,ДоРечі,Google Feed for Merchant Center,"https://dorechi.ua/content/images/10/apollo_winter_meadow_92-67891111479217_+7d4cff447b.jpg;https://dorechi.ua/content/images/7/apollo_winter_meadow_74-31372371918917_+ad5bb2e747.jpg;https://dorechi.ua/content/images/7/apollo_winter_meadow_74-38971381690328_+97613173e2.jpg;https://dorechi.ua/content/images/7/apollo_winter_meadow_74-95934646876171_+27db914e87.jpg;https://dorechi.ua/content/images/7/apollo_winter_meadow_74-14455341987657_+6bbebc755b.jpg;https://dorechi.ua/content/images/7/apollo_winter_meadow_74-94565598184228_+a8b8c9d67d.jpg;https://dorechi.ua/content/images/7/apollo_winter_meadow_74-40473769608267_+50aea68853.jpg;https://dorechi.ua/content/images/7/apollo_winter_meadow_74-68106024156660_+df485c75cb.jpg","<p>Зимовий комбінезон Аполло ДоРечі - це 100% впевненості у теплі та комфорті вашої дитини.</p> <p>Він дуже практичний та зручний. Оздоблений великою кількістю світловідбивних елементів для безпеки на дорозі у темний час доби.</p> <p>Верх - мембранна тканина, яка забезпечить вітронепродуваємість та водовідштовхування в будь яку несприятливу погоду. Водонепроникність 10000 мм. Повітропроникність 5000 гр/м&sup2;.</p> <p>Надсучасний утеплювач Hollowsoft&trade; active 300 гр/м&sup2; гарантує відмінну теплоізоляцію та не втягує вологу ззовні. М&rsquo;яка структура волокна не стримує природний рух і підвищує відчуття комфорту в одязі.</p> <p>Підкладка:</p> <p>Груди та спинка - антипілінговий фліс Polar.</p> <p>Рукави та штанини - високоякісний підкладковий атлас, який є запорукою легкого та зручного одягання. А для найменших (у моделях 74 розміру) є тканеві відвороти на рукавах та штанинах, тому цей комбінезон можна використовувати вже з 6 місяців.</p> <p>Крій капюшону забезпечує його щільне прилягання до голови дитини та створює надійний захист від вітру та дощу.</p> <p>Еластичні манжети на рукавах та штанинах, резинка на талії та вільний продуманий крій дозволяють дитині вільно рухатись.</p> <p>Довга застібка, захищена внутрішньою вітрозахисною планкою, сприяє швидкому одяганню.</p> <p>Силіконові штрипки не дозволяють штанинам підстрибувати, коли малюк активно рухається.</p> <p>Зручна кишенька стане у пригоді для зберігання дитячих скарбів.</p> <p>Зверніть увагу, що комбінезон має близько 6 см для зростання.</p> <p>Температурний режим від +5 до - 20&deg;С.</p>"
DR-1894-80-ON,DR-1894-80-ON,Комбінезон зимовий Аполло Синій з опушкою,Комбінезон зимовий Аполло Синій з опушкою 80/86 см,Одяг/Комбінезони,80/86,2650,UAH,Немає в наявності,Да,ДоРечі,Google Feed for Merchant Center,"https://dorechi.ua/content/images/17/apollo_navy_blue_80_o-76602170734911_+f4f91ad446.jpg;https://dorechi.ua/content/images/17/apollo_navy_blue_80_o-12216470497765_+bfea3848ed.jpg;https://dorechi.ua/content/images/45/15788141783447_+064f225bf8.jpeg;https://dorechi.ua/content/images/17/apollo_navy_blue_80_o-84987907960350_+b01aa71f9b.jpg;https://dorechi.ua/content/images/45/34243045073150_+9c1e4b8e73.jpeg;https://dorechi.ua/content/images/17/apollo_navy_blue_80_o-46302197005879_+1ab9803e36.jpg;https://dorechi.ua/content/images/45/apollo_navy_blue_74_fur-21090531479813_+776c5de0d8.jpg;https://dorechi.ua/content/images/45/apollo_navy_blue_74_fur-56787609751636_+904078478b.jpeg;https://dorechi.ua/content/images/45/apollo_navy_blue_74_fur-47714549491541_+5f143f12b6.jpg","<p>Зимовий комбінезон Аполло ДоРечі - це 100% впевненості у теплі та комфорті вашої дитини.</p>

<p>Він дуже практичний та зручний. Оздоблений великою кількістю світловідбивних елементів для безпеки на дорозі у темний час доби.</p>

<p>Верх - мембранна тканина, яка забезпечить вітронепродуваємість та водовідштовхування в будь яку несприятливу погоду. Водонепроникність 10000 мм. Повітропроникність 5000 гр/м&sup2;.</p>

<p>Надсучасний утеплювач Hollowsoft&trade; 300 гр/м&sup2; гарантує відмінну теплоізоляцію та не втягує вологу ззовні. М&rsquo;яка структура волокна не стримує природний рух і підвищує відчуття комфорту в одязі.</p>

<p>Підкладка:</p>

<p>Груди та спинка - антипілінговий фліс Polar.</p>

<p>Рукави та штанини - високоякісний підкладковий атлас, який є запорукою легкого та зручного одягання.</p>

<p>Крій капюшону забезпечує його щільне прилягання до голови дитини та створює надійний захист від вітру та дощу.</p>

<p>Декор капюшону - штучне антиалергенне хутро, що кріпиться на застібку-молнію.</p>

<p>Еластичні манжети на рукавах та штанинах, резинка на талії та вільний продуманий крій дозволяють дитині вільно рухатись.</p>

<p>Довга застібка, захищена внутрішньою вітрозахисною планкою, сприяє швидкому одяганню.</p>

<p>Силіконові штрипки не дозволяють штанинам підстрибувати, коли малюк активно рухається.</p>

<p>Зручна кишенька стане у пригоді для зберігання дитячих скарбів.</p>

<p>Зверніть увагу, що комбінезон має близько 6 см для зростання.</p>

<p>Температурний режим від +5 до - 20&deg;С.</p>"
DR-1891-74-O,DR-1891-74-O,Комбінезон зимовий Аполло Бежевий з опушкою,Комбінезон зимовий Аполло Бежевий з опушкою 74/80 см,Одяг/Комбінезони,74/80,2650,UAH,Немає в наявності,Да,ДоРечі,Google Feed for Merchant Center,"https://dorechi.ua/content/images/11/apollo_beige_fur_74-60668306875904_+8da1481d0f.jpg;https://dorechi.ua/content/images/11/apollo_beige_fur_74-69620626825762_+a192d5c721.jpg;https://dorechi.ua/content/images/11/apollo_beige_fur_74-44478145902891_+25045900a9.jpg;https://dorechi.ua/content/images/11/apollo_beige_fur_74-26644336323838_+3b2785fc28.jpg;https://dorechi.ua/content/images/11/apollo_beige_fur_74-47865320086522_+0eae9220be.jpg;https://dorechi.ua/content/images/11/apollo_beige_fur_74-41735602101983_+43fa85f5d6.jpg;https://dorechi.ua/content/images/11/apollo_beige_fur_74-63666622317416_+2af4dda094.jpg;https://dorechi.ua/content/images/11/apollo_beige_fur_74-94741535724969_+45235b5109.jpg;https://dorechi.ua/content/images/11/apollo_beige_fur_74-55418907396229_+023f400c1a.jpg","<p>Зимовий комбінезон Аполло ДоРечі надасть 100% впевненості у теплі та комфорті вашої дитини. Ми створили комбінезон Аполло таким надійним, щоб, у разі необхідності, його можна було захопити з собою в далеку подорож у космос.</p> <p>Він дуже практичний та зручний. Оздоблений великою кількістю світловідбивних елементів для безпеки на дорозі у темний час доби.</p> <p>Верх - мембранна тканина, яка забезпечить вітронепродуваємість та водовідштовхування в будь яку несприятливу погоду. Водонепроникність 10000 мм. Повітропроникність 5000 гр/м&sup2;.</p> <p>Надсучасний утеплювач Hollowsoft&trade; 300 гр/м&sup2; гарантує відмінну теплоізоляцію та не втягує вологу ззовні. М&rsquo;яка структура волокна не стримує природний рух і підвищує відчуття комфорту в одязі.</p> <p>Підкладка: </p> <ul> <li>Груди та спинка - антипілінговий фліс Polar.</li> <li>Рукави та штанини - високоякісний підкладковий атлас, який є запорукою легкого та зручного одягання.</li>
</ul> <p>Крій капюшону забезпечує його щільне прилягання до голови дитини та створює надійний захист від вітру та дощу. До речі, за бажання, Ви можете придбати модель з додатковою опушкою з м&rsquo;якого штучного хутра на капюшоні. </p> <p>Еластичні манжети на рукавах та штанинах, резинка на талії та вільний продуманий крій дозволяють дитині вільно рухатись.</p> <p>Довга застібка, захищена внутрішньою вітрозахисною планкою, сприяє швидкому одяганню.</p> <p>Силіконові штрипки не дозволяють штанинам підстрибувати, коли малюк активно рухається.</p> <p>Зручна кишенька стане у пригоді для зберегання дитячих скарбів.</p> <p>Температурний режим від +5 до - 20&deg;С.</p>"
DR-1891-80-O,DR-1891-74-O,Комбінезон зимовий Аполло Бежевий з опушкою,Комбінезон зимовий Аполло Бежевий з опушкою 80/86 см,Одяг/Комбінезони,80/86,2650,UAH,Немає в наявності,Да,ДоРечі,Google Feed for Merchant Center,"https://dorechi.ua/content/images/12/apollo_beige_fur_80-63319257715651_+70c0dcd5a7.jpg;https://dorechi.ua/content/images/11/apollo_beige_fur_74-69620626825762_+a192d5c721.jpg;https://dorechi.ua/content/images/11/apollo_beige_fur_74-44478145902891_+25045900a9.jpg;https://dorechi.ua/content/images/11/apollo_beige_fur_74-26644336323838_+3b2785fc28.jpg;https://dorechi.ua/content/images/11/apollo_beige_fur_74-47865320086522_+0eae9220be.jpg;https://dorechi.ua/content/images/11/apollo_beige_fur_74-41735602101983_+43fa85f5d6.jpg;https://dorechi.ua/content/images/11/apollo_beige_fur_74-63666622317416_+2af4dda094.jpg;https://dorechi.ua/content/images/11/apollo_beige_fur_74-94741535724969_+45235b5109.jpg;https://dorechi.ua/content/images/11/apollo_beige_fur_74-55418907396229_+023f400c1a.jpg","<p>Зимовий комбінезон Аполло ДоРечі надасть 100% впевненості у теплі та комфорті вашої дитини. Ми створили комбінезон Аполло таким надійним, щоб, у разі необхідності, його можна було захопити з собою в далеку подорож у космос.</p> <p>Він дуже практичний та зручний. Оздоблений великою кількістю світловідбивних елементів для безпеки на дорозі у темний час доби.</p> <p>Верх - мембранна тканина, яка забезпечить вітронепродуваємість та водовідштовхування в будь яку несприятливу погоду. Водонепроникність 10000 мм. Повітропроникність 5000 гр/м&sup2;.</p> <p>Надсучасний утеплювач Hollowsoft&trade; 300 гр/м&sup2; гарантує відмінну теплоізоляцію та не втягує вологу ззовні. М&rsquo;яка структура волокна не стримує природний рух і підвищує відчуття комфорту в одязі.</p> <p>Підкладка: </p> <ul> <li>Груди та спинка - антипілінговий фліс Polar.</li> <li>Рукави та штанини - високоякісний підкладковий атлас, який є запорукою легкого та зручного одягання.</li>
</ul> <p>Крій капюшону забезпечує його щільне прилягання до голови дитини та створює надійний захист від вітру та дощу. До речі, за бажання, Ви можете придбати модель з додатковою опушкою з м&rsquo;якого штучного хутра на капюшоні. </p> <p>Еластичні манжети на рукавах та штанинах, резинка на талії та вільний продуманий крій дозволяють дитині вільно рухатись.</p> <p>Довга застібка, захищена внутрішньою вітрозахисною планкою, сприяє швидкому одяганню.</p> <p>Силіконові штрипки не дозволяють штанинам підстрибувати, коли малюк активно рухається.</p> <p>Зручна кишенька стане у пригоді для зберегання дитячих скарбів.</p> <p>Температурний режим від +5 до - 20&deg;С.</p>"
DR-1891-86-O,DR-1891-74-O,Комбінезон зимовий Аполло Бежевий з опушкою,Комбінезон зимовий Аполло Бежевий з опушкою 86/92 см,Одяг/Комбінезони,86/92,2650,UAH,Немає в наявності,Да,ДоРечі,Google Feed for Merchant Center,"https://dorechi.ua/content/images/13/apollo_beige_fur_86-24810454146486_+9702809da7.jpg;https://dorechi.ua/content/images/11/apollo_beige_fur_74-69620626825762_+a192d5c721.jpg;https://dorechi.ua/content/images/11/apollo_beige_fur_74-44478145902891_+25045900a9.jpg;https://dorechi.ua/content/images/11/apollo_beige_fur_74-26644336323838_+3b2785fc28.jpg;https://dorechi.ua/content/images/11/apollo_beige_fur_74-47865320086522_+0eae9220be.jpg;https://dorechi.ua/content/images/11/apollo_beige_fur_74-41735602101983_+43fa85f5d6.jpg;https://dorechi.ua/content/images/11/apollo_beige_fur_74-63666622317416_+2af4dda094.jpg;https://dorechi.ua/content/images/11/apollo_beige_fur_74-94741535724969_+45235b5109.jpg;https://dorechi.ua/content/images/11/apollo_beige_fur_74-55418907396229_+023f400c1a.jpg","<p>Зимовий комбінезон Аполло ДоРечі надасть 100% впевненості у теплі та комфорті вашої дитини. Ми створили комбінезон Аполло таким надійним, щоб, у разі необхідності, його можна було захопити з собою в далеку подорож у космос.</p> <p>Він дуже практичний та зручний. Оздоблений великою кількістю світловідбивних елементів для безпеки на дорозі у темний час доби.</p> <p>Верх - мембранна тканина, яка забезпечить вітронепродуваємість та водовідштовхування в будь яку несприятливу погоду. Водонепроникність 10000 мм. Повітропроникність 5000 гр/м&sup2;.</p> <p>Надсучасний утеплювач Hollowsoft&trade; 300 гр/м&sup2; гарантує відмінну теплоізоляцію та не втягує вологу ззовні. М&rsquo;яка структура волокна не стримує природний рух і підвищує відчуття комфорту в одязі.</p> <p>Підкладка: </p> <ul> <li>Груди та спинка - антипілінговий фліс Polar.</li> <li>Рукави та штанини - високоякісний підкладковий атлас, який є запорукою легкого та зручного одягання.</li>
</ul> <p>Крій капюшону забезпечує його щільне прилягання до голови дитини та створює надійний захист від вітру та дощу. До речі, за бажання, Ви можете придбати модель з додатковою опушкою з м&rsquo;якого штучного хутра на капюшоні. </p> <p>Еластичні манжети на рукавах та штанинах, резинка на талії та вільний продуманий крій дозволяють дитині вільно рухатись.</p> <p>Довга застібка, захищена внутрішньою вітрозахисною планкою, сприяє швидкому одяганню.</p> <p>Силіконові штрипки не дозволяють штанинам підстрибувати, коли малюк активно рухається.</p> <p>Зручна кишенька стане у пригоді для зберегання дитячих скарбів.</p> <p>Температурний режим від +5 до - 20&deg;С.</p>"
DR-1891-92-O,DR-1891-74-O,Комбінезон зимовий Аполло Бежевий з опушкою,Комбінезон зимовий Аполло Бежевий з опушкою 92/98 см,Одяг/Комбінезони,92/98,2650,UAH,Немає в наявності,Да,ДоРечі,Google Feed for Merchant Center,"https://dorechi.ua/content/images/14/apollo_beige_fur_92-36316010191299_+b0269fa21d.jpg;https://dorechi.ua/content/images/11/apollo_beige_fur_74-69620626825762_+a192d5c721.jpg;https://dorechi.ua/content/images/11/apollo_beige_fur_74-44478145902891_+25045900a9.jpg;https://dorechi.ua/content/images/11/apollo_beige_fur_74-26644336323838_+3b2785fc28.jpg;https://dorechi.ua/content/images/11/apollo_beige_fur_74-47865320086522_+0eae9220be.jpg;https://dorechi.ua/content/images/11/apollo_beige_fur_74-41735602101983_+43fa85f5d6.jpg;https://dorechi.ua/content/images/11/apollo_beige_fur_74-63666622317416_+2af4dda094.jpg;https://dorechi.ua/content/images/11/apollo_beige_fur_74-94741535724969_+45235b5109.jpg;https://dorechi.ua/content/images/11/apollo_beige_fur_74-55418907396229_+023f400c1a.jpg","<p>Зимовий комбінезон Аполло ДоРечі надасть 100% впевненості у теплі та комфорті вашої дитини. Ми створили комбінезон Аполло таким надійним, щоб, у разі необхідності, його можна було захопити з собою в далеку подорож у космос.</p> <p>Він дуже практичний та зручний. Оздоблений великою кількістю світловідбивних елементів для безпеки на дорозі у темний час доби.</p> <p>Верх - мембранна тканина, яка забезпечить вітронепродуваємість та водовідштовхування в будь яку несприятливу погоду. Водонепроникність 10000 мм. Повітропроникність 5000 гр/м&sup2;.</p> <p>Надсучасний утеплювач Hollowsoft&trade; 300 гр/м&sup2; гарантує відмінну теплоізоляцію та не втягує вологу ззовні. М&rsquo;яка структура волокна не стримує природний рух і підвищує відчуття комфорту в одязі.</p> <p>Підкладка: </p> <ul> <li>Груди та спинка - антипілінговий фліс Polar.</li> <li>Рукави та штанини - високоякісний підкладковий атлас, який є запорукою легкого та зручного одягання.</li>
</ul> <p>Крій капюшону забезпечує його щільне прилягання до голови дитини та створює надійний захист від вітру та дощу. До речі, за бажання, Ви можете придбати модель з додатковою опушкою з м&rsquo;якого штучного хутра на капюшоні. </p> <p>Еластичні манжети на рукавах та штанинах, резинка на талії та вільний продуманий крій дозволяють дитині вільно рухатись.</p> <p>Довга застібка, захищена внутрішньою вітрозахисною планкою, сприяє швидкому одяганню.</p> <p>Силіконові штрипки не дозволяють штанинам підстрибувати, коли малюк активно рухається.</p> <p>Зручна кишенька стане у пригоді для зберегання дитячих скарбів.</p> <p>Температурний режим від +5 до - 20&deg;С.</p>"
DR-1894-74-ON,DR-1894-80-ON,Комбінезон зимовий Аполло Синій з опушкою,Комбінезон зимовий Аполло Синій з опушкою 74/80 см,Одяг/Комбінезони,74/80,2650,UAH,Немає в наявності,Да,ДоРечі,Google Feed for Merchant Center,"https://dorechi.ua/content/images/45/apollo_navy_blue_74_fur-57047644027710_+df9badcfb4.jpg;https://dorechi.ua/content/images/17/apollo_navy_blue_80_o-12216470497765_+bfea3848ed.jpg;https://dorechi.ua/content/images/45/15788141783447_+064f225bf8.jpeg;https://dorechi.ua/content/images/17/apollo_navy_blue_80_o-84987907960350_+b01aa71f9b.jpg;https://dorechi.ua/content/images/45/34243045073150_+9c1e4b8e73.jpeg;https://dorechi.ua/content/images/17/apollo_navy_blue_80_o-46302197005879_+1ab9803e36.jpg;https://dorechi.ua/content/images/45/apollo_navy_blue_74_fur-21090531479813_+776c5de0d8.jpg;https://dorechi.ua/content/images/45/apollo_navy_blue_74_fur-56787609751636_+904078478b.jpeg;https://dorechi.ua/content/images/45/apollo_navy_blue_74_fur-47714549491541_+5f143f12b6.jpg","<p>Зимовий комбінезон Аполло ДоРечі - це 100% впевненості у теплі та комфорті вашої дитини.</p>

<p>Він дуже практичний та зручний. Оздоблений великою кількістю світловідбивних елементів для безпеки на дорозі у темний час доби.</p>

<p>Верх - мембранна тканина, яка забезпечить вітронепродуваємість та водовідштовхування в будь яку несприятливу погоду. Водонепроникність 10000 мм. Повітропроникність 5000 гр/м&sup2;.</p>

<p>Надсучасний утеплювач Hollowsoft&trade; 300 гр/м&sup2; гарантує відмінну теплоізоляцію та не втягує вологу ззовні. М&rsquo;яка структура волокна не стримує природний рух і підвищує відчуття комфорту в одязі.</p>

<p>Підкладка:</p>

<p>Груди та спинка - антипілінговий фліс Polar.</p>

<p>Рукави та штанини - високоякісний підкладковий атлас, який є запорукою легкого та зручного одягання.</p>

<p>Крій капюшону забезпечує його щільне прилягання до голови дитини та створює надійний захист від вітру та дощу.</p>

<p>Декор капюшону - штучне антиалергенне хутро, що кріпиться на застібку-молнію.</p>

<p>Еластичні манжети на рукавах та штанинах, резинка на талії та вільний продуманий крій дозволяють дитині вільно рухатись.</p>

<p>Довга застібка, захищена внутрішньою вітрозахисною планкою, сприяє швидкому одяганню.</p>

<p>Силіконові штрипки не дозволяють штанинам підстрибувати, коли малюк активно рухається.</p>

<p>Зручна кишенька стане у пригоді для зберігання дитячих скарбів.</p>

<p>Зверніть увагу, що комбінезон має близько 6 см для зростання.</p>

<p>Температурний режим від +5 до - 20&deg;С.</p>"
DR-1894-86-ON,DR-1894-80-ON,Комбінезон зимовий Аполло Синій з опушкою,Комбінезон зимовий Аполло Синій з опушкою 86/92 см,Одяг/Комбінезони,86/92,2650,UAH,Немає в наявності,Да,ДоРечі,Google Feed for Merchant Center,"https://dorechi.ua/content/images/18/apollo_navy_blue_86_o-89390833689713_+fb7997d85a.jpg;https://dorechi.ua/content/images/17/apollo_navy_blue_80_o-12216470497765_+bfea3848ed.jpg;https://dorechi.ua/content/images/45/15788141783447_+064f225bf8.jpeg;https://dorechi.ua/content/images/17/apollo_navy_blue_80_o-84987907960350_+b01aa71f9b.jpg;https://dorechi.ua/content/images/45/34243045073150_+9c1e4b8e73.jpeg;https://dorechi.ua/content/images/17/apollo_navy_blue_80_o-46302197005879_+1ab9803e36.jpg;https://dorechi.ua/content/images/45/apollo_navy_blue_74_fur-21090531479813_+776c5de0d8.jpg;https://dorechi.ua/content/images/45/apollo_navy_blue_74_fur-56787609751636_+904078478b.jpeg;https://dorechi.ua/content/images/45/apollo_navy_blue_74_fur-47714549491541_+5f143f12b6.jpg","<p>Зимовий комбінезон Аполло ДоРечі - це 100% впевненості у теплі та комфорті вашої дитини.</p>

<p>Він дуже практичний та зручний. Оздоблений великою кількістю світловідбивних елементів для безпеки на дорозі у темний час доби.</p>

<p>Верх - мембранна тканина, яка забезпечить вітронепродуваємість та водовідштовхування в будь яку несприятливу погоду. Водонепроникність 10000 мм. Повітропроникність 5000 гр/м&sup2;.</p>

<p>Надсучасний утеплювач Hollowsoft&trade; 300 гр/м&sup2; гарантує відмінну теплоізоляцію та не втягує вологу ззовні. М&rsquo;яка структура волокна не стримує природний рух і підвищує відчуття комфорту в одязі.</p>

<p>Підкладка:</p>

<p>Груди та спинка - антипілінговий фліс Polar.</p>

<p>Рукави та штанини - високоякісний підкладковий атлас, який є запорукою легкого та зручного одягання.</p>

<p>Крій капюшону забезпечує його щільне прилягання до голови дитини та створює надійний захист від вітру та дощу.</p>

<p>Декор капюшону - штучне антиалергенне хутро, що кріпиться на застібку-молнію.</p>

<p>Еластичні манжети на рукавах та штанинах, резинка на талії та вільний продуманий крій дозволяють дитині вільно рухатись.</p>

<p>Довга застібка, захищена внутрішньою вітрозахисною планкою, сприяє швидкому одяганню.</p>

<p>Силіконові штрипки не дозволяють штанинам підстрибувати, коли малюк активно рухається.</p>

<p>Зручна кишенька стане у пригоді для зберігання дитячих скарбів.</p>

<p>Зверніть увагу, що комбінезон має близько 6 см для зростання.</p>

<p>Температурний режим від +5 до - 20&deg;С.</p>"
DR-1894-92-ON,DR-1894-80-ON,Комбінезон зимовий Аполло Синій з опушкою,Комбінезон зимовий Аполло Синій з опушкою 92/98 см,Одяг/Комбінезони,92/98,2650,UAH,Немає в наявності,Да,ДоРечі,Google Feed for Merchant Center,"https://dorechi.ua/content/images/19/apollo_navy_blue_92_o-29479923856760_+afc35ad093.jpg;https://dorechi.ua/content/images/17/apollo_navy_blue_80_o-12216470497765_+bfea3848ed.jpg;https://dorechi.ua/content/images/45/15788141783447_+064f225bf8.jpeg;https://dorechi.ua/content/images/17/apollo_navy_blue_80_o-84987907960350_+b01aa71f9b.jpg;https://dorechi.ua/content/images/45/34243045073150_+9c1e4b8e73.jpeg;https://dorechi.ua/content/images/17/apollo_navy_blue_80_o-46302197005879_+1ab9803e36.jpg;https://dorechi.ua/content/images/45/apollo_navy_blue_74_fur-21090531479813_+776c5de0d8.jpg;https://dorechi.ua/content/images/45/apollo_navy_blue_74_fur-56787609751636_+904078478b.jpeg;https://dorechi.ua/content/images/45/apollo_navy_blue_74_fur-47714549491541_+5f143f12b6.jpg","<p>Зимовий комбінезон Аполло ДоРечі - це 100% впевненості у теплі та комфорті вашої дитини.</p>

<p>Він дуже практичний та зручний. Оздоблений великою кількістю світловідбивних елементів для безпеки на дорозі у темний час доби.</p>

<p>Верх - мембранна тканина, яка забезпечить вітронепродуваємість та водовідштовхування в будь яку несприятливу погоду. Водонепроникність 10000 мм. Повітропроникність 5000 гр/м&sup2;.</p>

<p>Надсучасний утеплювач Hollowsoft&trade; 300 гр/м&sup2; гарантує відмінну теплоізоляцію та не втягує вологу ззовні. М&rsquo;яка структура волокна не стримує природний рух і підвищує відчуття комфорту в одязі.</p>

<p>Підкладка:</p>

<p>Груди та спинка - антипілінговий фліс Polar.</p>

<p>Рукави та штанини - високоякісний підкладковий атлас, який є запорукою легкого та зручного одягання.</p>

<p>Крій капюшону забезпечує його щільне прилягання до голови дитини та створює надійний захист від вітру та дощу.</p>

<p>Декор капюшону - штучне антиалергенне хутро, що кріпиться на застібку-молнію.</p>

<p>Еластичні манжети на рукавах та штанинах, резинка на талії та вільний продуманий крій дозволяють дитині вільно рухатись.</p>

<p>Довга застібка, захищена внутрішньою вітрозахисною планкою, сприяє швидкому одяганню.</p>

<p>Силіконові штрипки не дозволяють штанинам підстрибувати, коли малюк активно рухається.</p>

<p>Зручна кишенька стане у пригоді для зберігання дитячих скарбів.</p>

<p>Зверніть увагу, що комбінезон має близько 6 см для зростання.</p>

<p>Температурний режим від +5 до - 20&deg;С.</p>"
DR-2075-74-O,DR-2075-74-O,Комбінезон зимовий Аполло Зелений з опушкою,Комбінезон зимовий Аполло Зелений з опушкою 74/80 см,Одяг/Комбінезони,74/80,2650,UAH,В наявності,Да,ДоРечі,Google Feed for Merchant Center,"https://dorechi.ua/content/images/13/apollo_green_fur_74-31369855496357_+b9b13e71e0.jpg;https://dorechi.ua/content/images/13/apollo_green_fur_74-70806170025715_+8a5f629e2e.jpg;https://dorechi.ua/content/images/13/apollo_green_fur_74-56544716818146_+6b89257f46.jpg;https://dorechi.ua/content/images/13/apollo_green_fur_74-48027314591486_+224cf6b352.jpg;https://dorechi.ua/content/images/13/apollo_green_fur_74-92433169064501_+9c184e0f53.jpg;https://dorechi.ua/content/images/13/apollo_green_fur_74-65116632976814_+4a171303aa.jpg;https://dorechi.ua/content/images/13/apollo_green_fur_74-84047150826776_+e396add2a1.jpg;https://dorechi.ua/content/images/13/apollo_green_fur_74-61648238513078_+880654deb8.jpg;https://dorechi.ua/content/images/13/apollo_green_fur_74-26877870677821_+65815dce15.jpg;https://dorechi.ua/content/images/13/apollo_green_fur_74-14807154753602_+0c601a2f9f.jpg","<p>Зимовий комбінезон Аполло ДоРечі - це 100% впевненості у теплі та комфорті вашої дитини.</p> <p>Він дуже практичний та зручний. Оздоблений великою кількістю світловідбивних елементів для безпеки на дорозі у темний час доби.</p> <p>Верх - мембранна тканина, яка забезпечить вітронепродуваємість та водовідштовхування в будь яку несприятливу погоду. Водонепроникність 10000 мм. Повітропроникність 5000 гр/м&sup2;.</p> <p>Надсучасний утеплювач Hollowsoft&trade; 300 гр/м&sup2; гарантує відмінну теплоізоляцію та не втягує вологу ззовні. М&rsquo;яка структура волокна не стримує природний рух і підвищує відчуття комфорту в одязі.</p> <p>Підкладка:</p> <p>Груди та спинка - антипілінговий фліс Polar.</p> <p>Рукави та штанини - високоякісний підкладковий атлас, який є запорукою легкого та зручного одягання.</p> <p>Крій капюшону забезпечує його щільне прилягання до голови дитини та створює надійний захист від вітру та дощу.</p> <p>Декор капюшону - штучне антиалергенне хутро, що кріпиться на застібку-молнію.</p> <p>Еластичні манжети на рукавах та штанинах, резинка на талії та вільний продуманий крій дозволяють дитині вільно рухатись.</p> <p>Довга застібка, захищена внутрішньою вітрозахисною планкою, сприяє швидкому одяганню.</p> <p>Силіконові штрипки не дозволяють штанинам підстрибувати, коли малюк активно рухається.</p> <p>Зручна кишенька стане у пригоді для зберігання дитячих скарбів.</p> <p>Зверніть увагу, що комбінезон має близько 6 см для зростання.</p> <p>Температурний режим від +5 до - 20&deg;С.</p>"
DR-2075-80-O,DR-2075-74-O,Комбінезон зимовий Аполло Зелений з опушкою,Комбінезон зимовий Аполло Зелений з опушкою 80/86 см,Одяг/Комбінезони,80/86,2650,UAH,Немає в наявності,Да,ДоРечі,Google Feed for Merchant Center,"https://dorechi.ua/content/images/14/apollo_green_fur_80-24699821434437_+16ad654da5.jpg;https://dorechi.ua/content/images/13/apollo_green_fur_74-70806170025715_+8a5f629e2e.jpg;https://dorechi.ua/content/images/13/apollo_green_fur_74-56544716818146_+6b89257f46.jpg;https://dorechi.ua/content/images/13/apollo_green_fur_74-48027314591486_+224cf6b352.jpg;https://dorechi.ua/content/images/13/apollo_green_fur_74-92433169064501_+9c184e0f53.jpg;https://dorechi.ua/content/images/13/apollo_green_fur_74-65116632976814_+4a171303aa.jpg;https://dorechi.ua/content/images/13/apollo_green_fur_74-84047150826776_+e396add2a1.jpg;https://dorechi.ua/content/images/13/apollo_green_fur_74-61648238513078_+880654deb8.jpg;https://dorechi.ua/content/images/13/apollo_green_fur_74-26877870677821_+65815dce15.jpg;https://dorechi.ua/content/images/13/apollo_green_fur_74-14807154753602_+0c601a2f9f.jpg","<p>Зимовий комбінезон Аполло ДоРечі - це 100% впевненості у теплі та комфорті вашої дитини.</p> <p>Він дуже практичний та зручний. Оздоблений великою кількістю світловідбивних елементів для безпеки на дорозі у темний час доби.</p> <p>Верх - мембранна тканина, яка забезпечить вітронепродуваємість та водовідштовхування в будь яку несприятливу погоду. Водонепроникність 10000 мм. Повітропроникність 5000 гр/м&sup2;.</p> <p>Надсучасний утеплювач Hollowsoft&trade; 300 гр/м&sup2; гарантує відмінну теплоізоляцію та не втягує вологу ззовні. М&rsquo;яка структура волокна не стримує природний рух і підвищує відчуття комфорту в одязі.</p> <p>Підкладка:</p> <p>Груди та спинка - антипілінговий фліс Polar.</p> <p>Рукави та штанини - високоякісний підкладковий атлас, який є запорукою легкого та зручного одягання.</p> <p>Крій капюшону забезпечує його щільне прилягання до голови дитини та створює надійний захист від вітру та дощу.</p> <p>Декор капюшону - штучне антиалергенне хутро, що кріпиться на застібку-молнію.</p> <p>Еластичні манжети на рукавах та штанинах, резинка на талії та вільний продуманий крій дозволяють дитині вільно рухатись.</p> <p>Довга застібка, захищена внутрішньою вітрозахисною планкою, сприяє швидкому одяганню.</p> <p>Силіконові штрипки не дозволяють штанинам підстрибувати, коли малюк активно рухається.</p> <p>Зручна кишенька стане у пригоді для зберігання дитячих скарбів.</p> <p>Зверніть увагу, що комбінезон має близько 6 см для зростання.</p> <p>Температурний режим від +5 до - 20&deg;С.</p>"
DR-2075-86-O,DR-2075-74-O,Комбінезон зимовий Аполло Зелений з опушкою,Комбінезон зимовий Аполло Зелений з опушкою 86/92 см,Одяг/Комбінезони,86/92,2650,UAH,Немає в наявності,Да,ДоРечі,Google Feed for Merchant Center,"https://dorechi.ua/content/images/15/apollo_green_fur_86-21479016608490_+41a37dab09.jpg;https://dorechi.ua/content/images/13/apollo_green_fur_74-70806170025715_+8a5f629e2e.jpg;https://dorechi.ua/content/images/13/apollo_green_fur_74-56544716818146_+6b89257f46.jpg;https://dorechi.ua/content/images/13/apollo_green_fur_74-48027314591486_+224cf6b352.jpg;https://dorechi.ua/content/images/13/apollo_green_fur_74-92433169064501_+9c184e0f53.jpg;https://dorechi.ua/content/images/13/apollo_green_fur_74-65116632976814_+4a171303aa.jpg;https://dorechi.ua/content/images/13/apollo_green_fur_74-84047150826776_+e396add2a1.jpg;https://dorechi.ua/content/images/13/apollo_green_fur_74-61648238513078_+880654deb8.jpg;https://dorechi.ua/content/images/13/apollo_green_fur_74-26877870677821_+65815dce15.jpg;https://dorechi.ua/content/images/13/apollo_green_fur_74-14807154753602_+0c601a2f9f.jpg","<p>Зимовий комбінезон Аполло ДоРечі - це 100% впевненості у теплі та комфорті вашої дитини.</p> <p>Він дуже практичний та зручний. Оздоблений великою кількістю світловідбивних елементів для безпеки на дорозі у темний час доби.</p> <p>Верх - мембранна тканина, яка забезпечить вітронепродуваємість та водовідштовхування в будь яку несприятливу погоду. Водонепроникність 10000 мм. Повітропроникність 5000 гр/м&sup2;.</p> <p>Надсучасний утеплювач Hollowsoft&trade; 300 гр/м&sup2; гарантує відмінну теплоізоляцію та не втягує вологу ззовні. М&rsquo;яка структура волокна не стримує природний рух і підвищує відчуття комфорту в одязі.</p> <p>Підкладка:</p> <p>Груди та спинка - антипілінговий фліс Polar.</p> <p>Рукави та штанини - високоякісний підкладковий атлас, який є запорукою легкого та зручного одягання.</p> <p>Крій капюшону забезпечує його щільне прилягання до голови дитини та створює надійний захист від вітру та дощу.</p> <p>Декор капюшону - штучне антиалергенне хутро, що кріпиться на застібку-молнію.</p> <p>Еластичні манжети на рукавах та штанинах, резинка на талії та вільний продуманий крій дозволяють дитині вільно рухатись.</p> <p>Довга застібка, захищена внутрішньою вітрозахисною планкою, сприяє швидкому одяганню.</p> <p>Силіконові штрипки не дозволяють штанинам підстрибувати, коли малюк активно рухається.</p> <p>Зручна кишенька стане у пригоді для зберігання дитячих скарбів.</p> <p>Зверніть увагу, що комбінезон має близько 6 см для зростання.</p> <p>Температурний режим від +5 до - 20&deg;С.</p>"
DR-2075-92-O,DR-2075-74-O,Комбінезон зимовий Аполло Зелений з опушкою,Комбінезон зимовий Аполло Зелений з опушкою 92/98 см,Одяг/Комбінезони,92/98,2650,UAH,В наявності,Да,ДоРечі,Google Feed for Merchant Center,"https://dorechi.ua/content/images/16/apollo_green_fur_92-22644889649315_+3b32d5d04b.jpg;https://dorechi.ua/content/images/13/apollo_green_fur_74-70806170025715_+8a5f629e2e.jpg;https://dorechi.ua/content/images/13/apollo_green_fur_74-56544716818146_+6b89257f46.jpg;https://dorechi.ua/content/images/13/apollo_green_fur_74-48027314591486_+224cf6b352.jpg;https://dorechi.ua/content/images/13/apollo_green_fur_74-92433169064501_+9c184e0f53.jpg;https://dorechi.ua/content/images/13/apollo_green_fur_74-65116632976814_+4a171303aa.jpg;https://dorechi.ua/content/images/13/apollo_green_fur_74-84047150826776_+e396add2a1.jpg;https://dorechi.ua/content/images/13/apollo_green_fur_74-61648238513078_+880654deb8.jpg;https://dorechi.ua/content/images/13/apollo_green_fur_74-26877870677821_+65815dce15.jpg;https://dorechi.ua/content/images/13/apollo_green_fur_74-14807154753602_+0c601a2f9f.jpg","<p>Зимовий комбінезон Аполло ДоРечі - це 100% впевненості у теплі та комфорті вашої дитини.</p> <p>Він дуже практичний та зручний. Оздоблений великою кількістю світловідбивних елементів для безпеки на дорозі у темний час доби.</p> <p>Верх - мембранна тканина, яка забезпечить вітронепродуваємість та водовідштовхування в будь яку несприятливу погоду. Водонепроникність 10000 мм. Повітропроникність 5000 гр/м&sup2;.</p> <p>Надсучасний утеплювач Hollowsoft&trade; 300 гр/м&sup2; гарантує відмінну теплоізоляцію та не втягує вологу ззовні. М&rsquo;яка структура волокна не стримує природний рух і підвищує відчуття комфорту в одязі.</p> <p>Підкладка:</p> <p>Груди та спинка - антипілінговий фліс Polar.</p> <p>Рукави та штанини - високоякісний підкладковий атлас, який є запорукою легкого та зручного одягання.</p> <p>Крій капюшону забезпечує його щільне прилягання до голови дитини та створює надійний захист від вітру та дощу.</p> <p>Декор капюшону - штучне антиалергенне хутро, що кріпиться на застібку-молнію.</p> <p>Еластичні манжети на рукавах та штанинах, резинка на талії та вільний продуманий крій дозволяють дитині вільно рухатись.</p> <p>Довга застібка, захищена внутрішньою вітрозахисною планкою, сприяє швидкому одяганню.</p> <p>Силіконові штрипки не дозволяють штанинам підстрибувати, коли малюк активно рухається.</p> <p>Зручна кишенька стане у пригоді для зберігання дитячих скарбів.</p> <p>Зверніть увагу, що комбінезон має близько 6 см для зростання.</p> <p>Температурний режим від +5 до - 20&deg;С.</p>"
DR-2076-74-O,DR-2076-74-O,Комбінезон зимовий Аполло Чорний з опушкою,Комбінезон зимовий Аполло Чорний з опушкою 74/80 см,Одяг/Комбінезони,74/80,2650,UAH,В наявності,Да,ДоРечі,Google Feed for Merchant Center,"https://dorechi.ua/content/images/9/apollo_black_fur_74-79445913584792_+a10b6c3e4c.jpg;https://dorechi.ua/content/images/9/apollo_black_fur_74-21969421436442_+54e7c1efee.jpg;https://dorechi.ua/content/images/9/apollo_black_fur_74-86207640783562_+8eb8dd3332.jpg;https://dorechi.ua/content/images/9/apollo_black_fur_74-62641016971527_+5a372b1f36.jpg;https://dorechi.ua/content/images/9/apollo_black_fur_74-20199241621151_+433f47222f.jpg;https://dorechi.ua/content/images/9/apollo_black_fur_74-50171043795454_+9136e3c682.jpg;https://dorechi.ua/content/images/9/apollo_black_fur_74-27084094947257_+3b51a34aeb.jpg;https://dorechi.ua/content/images/9/apollo_black_fur_74-49527452011813_+a1048fbb3a.jpg;https://dorechi.ua/content/images/9/apollo_black_fur_74-97548919923246_+fac75521ca.jpg;https://dorechi.ua/content/images/9/apollo_black_fur_74-41044319865521_+911f07fd7c.jpg;https://dorechi.ua/content/images/9/apollo_black_fur_74-26646985598117_+7d5894d193.jpg","<p>Зимовий комбінезон Аполло ДоРечі надасть 100% впевненості у теплі та комфорті вашої дитини. Ми створили комбінезон Аполло таким надійним, щоб, у разі необхідності, його можна було захопити з собою в далеку подорож у космос.</p> <p>Він дуже практичний та зручний. Оздоблений великою кількістю світловідбивних елементів для безпеки на дорозі у темний час доби.</p> <p>Верх - мембранна тканина, яка забезпечить вітронепродуваємість та водовідштовхування в будь яку несприятливу погоду. Водонепроникність 10000 мм. Повітропроникність 5000 гр/м&sup2;.</p> <p>Надсучасний утеплювач Hollowsoft&trade; 300 гр/м&sup2; гарантує відмінну теплоізоляцію та не втягує вологу ззовні. М&rsquo;яка структура волокна не стримує природний рух і підвищує відчуття комфорту в одязі.</p> <p>Підкладка: </p> <ul> <li>Груди та спинка - антипілінговий фліс Polar.</li> <li>Рукави та штанини - високоякісний підкладковий атлас, який є запорукою легкого та зручного одягання.</li>
</ul> <p>Крій капюшону забезпечує його щільне прилягання до голови дитини та створює надійний захист від вітру та дощу. До речі, за бажання, Ви можете придбати модель з додатковою опушкою з м&rsquo;якого штучного хутра на капюшоні. </p> <p>Еластичні манжети на рукавах та штанинах, резинка на талії та вільний продуманий крій дозволяють дитині вільно рухатись.</p> <p>Довга застібка, захищена внутрішньою вітрозахисною планкою, сприяє швидкому одяганню.</p> <p>Силіконові штрипки не дозволяють штанинам підстрибувати, коли малюк активно рухається.</p> <p>Зручна кишенька стане у пригоді для зберегання дитячих скарбів.</p> <p>Температурний режим від +5 до - 20&deg;С.</p>"
DR-2076-80-O,DR-2076-74-O,Комбінезон зимовий Аполло Чорний з опушкою,Комбінезон зимовий Аполло Чорний з опушкою 80/86 см,Одяг/Комбінезони,80/86,2650,UAH,Немає в наявності,Да,ДоРечі,Google Feed for Merchant Center,"https://dorechi.ua/content/images/10/apollo_black_fur_80-22191227743583_+60cb588143.jpg;https://dorechi.ua/content/images/9/apollo_black_fur_74-21969421436442_+54e7c1efee.jpg;https://dorechi.ua/content/images/9/apollo_black_fur_74-86207640783562_+8eb8dd3332.jpg;https://dorechi.ua/content/images/9/apollo_black_fur_74-62641016971527_+5a372b1f36.jpg;https://dorechi.ua/content/images/9/apollo_black_fur_74-20199241621151_+433f47222f.jpg;https://dorechi.ua/content/images/9/apollo_black_fur_74-50171043795454_+9136e3c682.jpg;https://dorechi.ua/content/images/9/apollo_black_fur_74-27084094947257_+3b51a34aeb.jpg;https://dorechi.ua/content/images/9/apollo_black_fur_74-49527452011813_+a1048fbb3a.jpg;https://dorechi.ua/content/images/9/apollo_black_fur_74-97548919923246_+fac75521ca.jpg;https://dorechi.ua/content/images/9/apollo_black_fur_74-41044319865521_+911f07fd7c.jpg;https://dorechi.ua/content/images/9/apollo_black_fur_74-26646985598117_+7d5894d193.jpg","<p>Зимовий комбінезон Аполло ДоРечі надасть 100% впевненості у теплі та комфорті вашої дитини. Ми створили комбінезон Аполло таким надійним, щоб, у разі необхідності, його можна було захопити з собою в далеку подорож у космос.</p> <p>Він дуже практичний та зручний. Оздоблений великою кількістю світловідбивних елементів для безпеки на дорозі у темний час доби.</p> <p>Верх - мембранна тканина, яка забезпечить вітронепродуваємість та водовідштовхування в будь яку несприятливу погоду. Водонепроникність 10000 мм. Повітропроникність 5000 гр/м&sup2;.</p> <p>Надсучасний утеплювач Hollowsoft&trade; 300 гр/м&sup2; гарантує відмінну теплоізоляцію та не втягує вологу ззовні. М&rsquo;яка структура волокна не стримує природний рух і підвищує відчуття комфорту в одязі.</p> <p>Підкладка: </p> <ul> <li>Груди та спинка - антипілінговий фліс Polar.</li> <li>Рукави та штанини - високоякісний підкладковий атлас, який є запорукою легкого та зручного одягання.</li>
</ul> <p>Крій капюшону забезпечує його щільне прилягання до голови дитини та створює надійний захист від вітру та дощу. До речі, за бажання, Ви можете придбати модель з додатковою опушкою з м&rsquo;якого штучного хутра на капюшоні. </p> <p>Еластичні манжети на рукавах та штанинах, резинка на талії та вільний продуманий крій дозволяють дитині вільно рухатись.</p> <p>Довга застібка, захищена внутрішньою вітрозахисною планкою, сприяє швидкому одяганню.</p> <p>Силіконові штрипки не дозволяють штанинам підстрибувати, коли малюк активно рухається.</p> <p>Зручна кишенька стане у пригоді для зберегання дитячих скарбів.</p> <p>Температурний режим від +5 до - 20&deg;С.</p>"
DR-2076-86-O,DR-2076-74-O,Комбінезон зимовий Аполло Чорний з опушкою,Комбінезон зимовий Аполло Чорний з опушкою 86/92 см,Одяг/Комбінезони,86/92,2650,UAH,В наявності,Да,ДоРечі,Google Feed for Merchant Center,"https://dorechi.ua/content/images/11/apollo_black_fur_86-77202490083319_+f9ae5b844e.jpg;https://dorechi.ua/content/images/9/apollo_black_fur_74-21969421436442_+54e7c1efee.jpg;https://dorechi.ua/content/images/9/apollo_black_fur_74-86207640783562_+8eb8dd3332.jpg;https://dorechi.ua/content/images/9/apollo_black_fur_74-62641016971527_+5a372b1f36.jpg;https://dorechi.ua/content/images/9/apollo_black_fur_74-20199241621151_+433f47222f.jpg;https://dorechi.ua/content/images/9/apollo_black_fur_74-50171043795454_+9136e3c682.jpg;https://dorechi.ua/content/images/9/apollo_black_fur_74-27084094947257_+3b51a34aeb.jpg;https://dorechi.ua/content/images/9/apollo_black_fur_74-49527452011813_+a1048fbb3a.jpg;https://dorechi.ua/content/images/9/apollo_black_fur_74-97548919923246_+fac75521ca.jpg;https://dorechi.ua/content/images/9/apollo_black_fur_74-41044319865521_+911f07fd7c.jpg;https://dorechi.ua/content/images/9/apollo_black_fur_74-26646985598117_+7d5894d193.jpg","<p>Зимовий комбінезон Аполло ДоРечі надасть 100% впевненості у теплі та комфорті вашої дитини. Ми створили комбінезон Аполло таким надійним, щоб, у разі необхідності, його можна було захопити з собою в далеку подорож у космос.</p> <p>Він дуже практичний та зручний. Оздоблений великою кількістю світловідбивних елементів для безпеки на дорозі у темний час доби.</p> <p>Верх - мембранна тканина, яка забезпечить вітронепродуваємість та водовідштовхування в будь яку несприятливу погоду. Водонепроникність 10000 мм. Повітропроникність 5000 гр/м&sup2;.</p> <p>Надсучасний утеплювач Hollowsoft&trade; 300 гр/м&sup2; гарантує відмінну теплоізоляцію та не втягує вологу ззовні. М&rsquo;яка структура волокна не стримує природний рух і підвищує відчуття комфорту в одязі.</p> <p>Підкладка: </p> <ul> <li>Груди та спинка - антипілінговий фліс Polar.</li> <li>Рукави та штанини - високоякісний підкладковий атлас, який є запорукою легкого та зручного одягання.</li>
</ul> <p>Крій капюшону забезпечує його щільне прилягання до голови дитини та створює надійний захист від вітру та дощу. До речі, за бажання, Ви можете придбати модель з додатковою опушкою з м&rsquo;якого штучного хутра на капюшоні. </p> <p>Еластичні манжети на рукавах та штанинах, резинка на талії та вільний продуманий крій дозволяють дитині вільно рухатись.</p> <p>Довга застібка, захищена внутрішньою вітрозахисною планкою, сприяє швидкому одяганню.</p> <p>Силіконові штрипки не дозволяють штанинам підстрибувати, коли малюк активно рухається.</p> <p>Зручна кишенька стане у пригоді для зберегання дитячих скарбів.</p> <p>Температурний режим від +5 до - 20&deg;С.</p>"
DR-2076-92-O,DR-2076-74-O,Комбінезон зимовий Аполло Чорний з опушкою,Комбінезон зимовий Аполло Чорний з опушкою 92/98 см,Одяг/Комбінезони,92/98,2650,UAH,Немає в наявності,Да,ДоРечі,Google Feed for Merchant Center,"https://dorechi.ua/content/images/12/apollo_black_fur_92-17602187975829_+13916adccc.jpg;https://dorechi.ua/content/images/9/apollo_black_fur_74-21969421436442_+54e7c1efee.jpg;https://dorechi.ua/content/images/9/apollo_black_fur_74-86207640783562_+8eb8dd3332.jpg;https://dorechi.ua/content/images/9/apollo_black_fur_74-62641016971527_+5a372b1f36.jpg;https://dorechi.ua/content/images/9/apollo_black_fur_74-20199241621151_+433f47222f.jpg;https://dorechi.ua/content/images/9/apollo_black_fur_74-50171043795454_+9136e3c682.jpg;https://dorechi.ua/content/images/9/apollo_black_fur_74-27084094947257_+3b51a34aeb.jpg;https://dorechi.ua/content/images/9/apollo_black_fur_74-49527452011813_+a1048fbb3a.jpg;https://dorechi.ua/content/images/9/apollo_black_fur_74-97548919923246_+fac75521ca.jpg;https://dorechi.ua/content/images/9/apollo_black_fur_74-41044319865521_+911f07fd7c.jpg;https://dorechi.ua/content/images/9/apollo_black_fur_74-26646985598117_+7d5894d193.jpg","<p>Зимовий комбінезон Аполло ДоРечі надасть 100% впевненості у теплі та комфорті вашої дитини. Ми створили комбінезон Аполло таким надійним, щоб, у разі необхідності, його можна було захопити з собою в далеку подорож у космос.</p> <p>Він дуже практичний та зручний. Оздоблений великою кількістю світловідбивних елементів для безпеки на дорозі у темний час доби.</p> <p>Верх - мембранна тканина, яка забезпечить вітронепродуваємість та водовідштовхування в будь яку несприятливу погоду. Водонепроникність 10000 мм. Повітропроникність 5000 гр/м&sup2;.</p> <p>Надсучасний утеплювач Hollowsoft&trade; 300 гр/м&sup2; гарантує відмінну теплоізоляцію та не втягує вологу ззовні. М&rsquo;яка структура волокна не стримує природний рух і підвищує відчуття комфорту в одязі.</p> <p>Підкладка: </p> <ul> <li>Груди та спинка - антипілінговий фліс Polar.</li> <li>Рукави та штанини - високоякісний підкладковий атлас, який є запорукою легкого та зручного одягання.</li>
</ul> <p>Крій капюшону забезпечує його щільне прилягання до голови дитини та створює надійний захист від вітру та дощу. До речі, за бажання, Ви можете придбати модель з додатковою опушкою з м&rsquo;якого штучного хутра на капюшоні. </p> <p>Еластичні манжети на рукавах та штанинах, резинка на талії та вільний продуманий крій дозволяють дитині вільно рухатись.</p> <p>Довга застібка, захищена внутрішньою вітрозахисною планкою, сприяє швидкому одяганню.</p> <p>Силіконові штрипки не дозволяють штанинам підстрибувати, коли малюк активно рухається.</p> <p>Зручна кишенька стане у пригоді для зберегання дитячих скарбів.</p> <p>Температурний режим від +5 до - 20&deg;С.</p>"
DR-2121-74-O,DR-2121-74-O,Комбінезон зимовий Аполло Шоколадний з опушкою,Комбінезон зимовий Аполло Шоколадний з опушкою 74/80 см,Одяг/Комбінезони,74/80,2650,UAH,В наявності,Да,ДоРечі,Google Feed for Merchant Center,"https://dorechi.ua/content/images/19/apollo_chocolate_fur_74-60684340424926_+bac2cd9cbe.jpg;https://dorechi.ua/content/images/19/apollo_chocolate_fur_74-37004005468264_+6b05834f59.jpg;https://dorechi.ua/content/images/19/apollo_chocolate_fur_74-43488206229919_+5181875d3c.jpg;https://dorechi.ua/content/images/19/apollo_chocolate_fur_74-23788864109496_+b4c1207087.jpg;https://dorechi.ua/content/images/19/apollo_chocolate_fur_74-68669739071703_+9077465117.jpg;https://dorechi.ua/content/images/19/apollo_chocolate_fur_74-51108832455638_+06d2700b1c.jpg;https://dorechi.ua/content/images/19/apollo_chocolate_fur_74-88943244463268_+630046afa4.jpg;https://dorechi.ua/content/images/19/apollo_chocolate_fur_74-34475745682740_+b0e7d56e29.jpg;https://dorechi.ua/content/images/19/apollo_chocolate_fur_74-41794757785827_+ef3a77b1a7.jpg;https://dorechi.ua/content/images/19/apollo_chocolate_fur_74-27870620323209_+7c7d1111a5.jpg","<p>Зимовий комбінезон Аполло ДоРечі надасть 100% впевненості у теплі та комфорті вашої дитини. Ми створили комбінезон Аполло таким надійним, щоб, у разі необхідності, його можна було захопити з собою в далеку подорож у космос.</p> <p>Він дуже практичний та зручний. Оздоблений великою кількістю світловідбивних елементів для безпеки на дорозі у темний час доби.</p> <p>Верх - мембранна тканина, яка забезпечить вітронепродуваємість та водовідштовхування в будь яку несприятливу погоду. Водонепроникність 10000 мм. Повітропроникність 5000 гр/м&sup2;.</p> <p>Надсучасний утеплювач Hollowsoft&trade; 300 гр/м&sup2; гарантує відмінну теплоізоляцію та не втягує вологу ззовні. М&rsquo;яка структура волокна не стримує природний рух і підвищує відчуття комфорту в одязі.</p> <p>Підкладка: </p> <ul> <li>Груди та спинка - антипілінговий фліс Polar.</li> <li>Рукави та штанини - високоякісний підкладковий атлас, який є запорукою легкого та зручного одягання.</li>
</ul> <p>Крій капюшону забезпечує його щільне прилягання до голови дитини та створює надійний захист від вітру та дощу. До речі, за бажання, Ви можете придбати модель з додатковою опушкою з м&rsquo;якого штучного хутра на капюшоні. </p> <p>Еластичні манжети на рукавах та штанинах, резинка на талії та вільний продуманий крій дозволяють дитині вільно рухатись.</p> <p>Довга застібка, захищена внутрішньою вітрозахисною планкою, сприяє швидкому одяганню.</p> <p>Силіконові штрипки не дозволяють штанинам підстрибувати, коли малюк активно рухається.</p> <p>Зручна кишенька стане у пригоді для зберегання дитячих скарбів.</p> <p>Температурний режим від +5 до - 20&deg;С.</p>"
DR-2121-80-O,DR-2121-74-O,Комбінезон зимовий Аполло Шоколадний з опушкою,Комбінезон зимовий Аполло Шоколадний з опушкою 80/86 см,Одяг/Комбінезони,80/86,2650,UAH,В наявності,Да,ДоРечі,Google Feed for Merchant Center,"https://dorechi.ua/content/images/20/apollo_chocolate_fur_80-25267761105505_+ca4ec70a72.jpg;https://dorechi.ua/content/images/19/apollo_chocolate_fur_74-37004005468264_+6b05834f59.jpg;https://dorechi.ua/content/images/19/apollo_chocolate_fur_74-43488206229919_+5181875d3c.jpg;https://dorechi.ua/content/images/19/apollo_chocolate_fur_74-23788864109496_+b4c1207087.jpg;https://dorechi.ua/content/images/19/apollo_chocolate_fur_74-68669739071703_+9077465117.jpg;https://dorechi.ua/content/images/19/apollo_chocolate_fur_74-51108832455638_+06d2700b1c.jpg;https://dorechi.ua/content/images/19/apollo_chocolate_fur_74-88943244463268_+630046afa4.jpg;https://dorechi.ua/content/images/19/apollo_chocolate_fur_74-34475745682740_+b0e7d56e29.jpg;https://dorechi.ua/content/images/19/apollo_chocolate_fur_74-41794757785827_+ef3a77b1a7.jpg;https://dorechi.ua/content/images/19/apollo_chocolate_fur_74-27870620323209_+7c7d1111a5.jpg","<p>Зимовий комбінезон Аполло ДоРечі надасть 100% впевненості у теплі та комфорті вашої дитини. Ми створили комбінезон Аполло таким надійним, щоб, у разі необхідності, його можна було захопити з собою в далеку подорож у космос.</p> <p>Він дуже практичний та зручний. Оздоблений великою кількістю світловідбивних елементів для безпеки на дорозі у темний час доби.</p> <p>Верх - мембранна тканина, яка забезпечить вітронепродуваємість та водовідштовхування в будь яку несприятливу погоду. Водонепроникність 10000 мм. Повітропроникність 5000 гр/м&sup2;.</p> <p>Надсучасний утеплювач Hollowsoft&trade; 300 гр/м&sup2; гарантує відмінну теплоізоляцію та не втягує вологу ззовні. М&rsquo;яка структура волокна не стримує природний рух і підвищує відчуття комфорту в одязі.</p> <p>Підкладка: </p> <ul> <li>Груди та спинка - антипілінговий фліс Polar.</li> <li>Рукави та штанини - високоякісний підкладковий атлас, який є запорукою легкого та зручного одягання.</li>
</ul> <p>Крій капюшону забезпечує його щільне прилягання до голови дитини та створює надійний захист від вітру та дощу. До речі, за бажання, Ви можете придбати модель з додатковою опушкою з м&rsquo;якого штучного хутра на капюшоні. </p> <p>Еластичні манжети на рукавах та штанинах, резинка на талії та вільний продуманий крій дозволяють дитині вільно рухатись.</p> <p>Довга застібка, захищена внутрішньою вітрозахисною планкою, сприяє швидкому одяганню.</p> <p>Силіконові штрипки не дозволяють штанинам підстрибувати, коли малюк активно рухається.</p> <p>Зручна кишенька стане у пригоді для зберегання дитячих скарбів.</p> <p>Температурний режим від +5 до - 20&deg;С.</p>"
DR-2121-86-O,DR-2121-74-O,Комбінезон зимовий Аполло Шоколадний з опушкою,Комбінезон зимовий Аполло Шоколадний з опушкою 86/92 см,Одяг/Комбінезони,86/92,2650,UAH,В наявності,Да,ДоРечі,Google Feed for Merchant Center,"https://dorechi.ua/content/images/19/apollo_chocolate_fur_74-37004005468264_+6b05834f59.jpg;https://dorechi.ua/content/images/19/apollo_chocolate_fur_74-43488206229919_+5181875d3c.jpg;https://dorechi.ua/content/images/19/apollo_chocolate_fur_74-23788864109496_+b4c1207087.jpg;https://dorechi.ua/content/images/19/apollo_chocolate_fur_74-68669739071703_+9077465117.jpg;https://dorechi.ua/content/images/19/apollo_chocolate_fur_74-51108832455638_+06d2700b1c.jpg;https://dorechi.ua/content/images/19/apollo_chocolate_fur_74-88943244463268_+630046afa4.jpg;https://dorechi.ua/content/images/19/apollo_chocolate_fur_74-34475745682740_+b0e7d56e29.jpg;https://dorechi.ua/content/images/19/apollo_chocolate_fur_74-41794757785827_+ef3a77b1a7.jpg;https://dorechi.ua/content/images/19/apollo_chocolate_fur_74-27870620323209_+7c7d1111a5.jpg","<p>Зимовий комбінезон Аполло ДоРечі надасть 100% впевненості у теплі та комфорті вашої дитини. Ми створили комбінезон Аполло таким надійним, щоб, у разі необхідності, його можна було захопити з собою в далеку подорож у космос.</p> <p>Він дуже практичний та зручний. Оздоблений великою кількістю світловідбивних елементів для безпеки на дорозі у темний час доби.</p> <p>Верх - мембранна тканина, яка забезпечить вітронепродуваємість та водовідштовхування в будь яку несприятливу погоду. Водонепроникність 10000 мм. Повітропроникність 5000 гр/м&sup2;.</p> <p>Надсучасний утеплювач Hollowsoft&trade; 300 гр/м&sup2; гарантує відмінну теплоізоляцію та не втягує вологу ззовні. М&rsquo;яка структура волокна не стримує природний рух і підвищує відчуття комфорту в одязі.</p> <p>Підкладка: </p> <ul> <li>Груди та спинка - антипілінговий фліс Polar.</li> <li>Рукави та штанини - високоякісний підкладковий атлас, який є запорукою легкого та зручного одягання.</li>
</ul> <p>Крій капюшону забезпечує його щільне прилягання до голови дитини та створює надійний захист від вітру та дощу. До речі, за бажання, Ви можете придбати модель з додатковою опушкою з м&rsquo;якого штучного хутра на капюшоні. </p> <p>Еластичні манжети на рукавах та штанинах, резинка на талії та вільний продуманий крій дозволяють дитині вільно рухатись.</p> <p>Довга застібка, захищена внутрішньою вітрозахисною планкою, сприяє швидкому одяганню.</p> <p>Силіконові штрипки не дозволяють штанинам підстрибувати, коли малюк активно рухається.</p> <p>Зручна кишенька стане у пригоді для зберегання дитячих скарбів.</p> <p>Температурний режим від +5 до - 20&deg;С.</p>"
DR-2121-92-O,DR-2121-74-O,Комбінезон зимовий Аполло Шоколадний з опушкою,Комбінезон зимовий Аполло Шоколадний з опушкою 92/98 см,Одяг/Комбінезони,92/98,2650,UAH,Немає в наявності,Да,ДоРечі,Google Feed for Merchant Center,"https://dorechi.ua/content/images/22/apollo_chocolate_fur_92-34131525186533_+a2eb4bf3ee.jpg;https://dorechi.ua/content/images/19/apollo_chocolate_fur_74-37004005468264_+6b05834f59.jpg;https://dorechi.ua/content/images/19/apollo_chocolate_fur_74-43488206229919_+5181875d3c.jpg;https://dorechi.ua/content/images/19/apollo_chocolate_fur_74-23788864109496_+b4c1207087.jpg;https://dorechi.ua/content/images/19/apollo_chocolate_fur_74-68669739071703_+9077465117.jpg;https://dorechi.ua/content/images/19/apollo_chocolate_fur_74-51108832455638_+06d2700b1c.jpg;https://dorechi.ua/content/images/19/apollo_chocolate_fur_74-88943244463268_+630046afa4.jpg;https://dorechi.ua/content/images/19/apollo_chocolate_fur_74-34475745682740_+b0e7d56e29.jpg;https://dorechi.ua/content/images/19/apollo_chocolate_fur_74-41794757785827_+ef3a77b1a7.jpg;https://dorechi.ua/content/images/19/apollo_chocolate_fur_74-27870620323209_+7c7d1111a5.jpg","<p>Зимовий комбінезон Аполло ДоРечі надасть 100% впевненості у теплі та комфорті вашої дитини. Ми створили комбінезон Аполло таким надійним, щоб, у разі необхідності, його можна було захопити з собою в далеку подорож у космос.</p> <p>Він дуже практичний та зручний. Оздоблений великою кількістю світловідбивних елементів для безпеки на дорозі у темний час доби.</p> <p>Верх - мембранна тканина, яка забезпечить вітронепродуваємість та водовідштовхування в будь яку несприятливу погоду. Водонепроникність 10000 мм. Повітропроникність 5000 гр/м&sup2;.</p> <p>Надсучасний утеплювач Hollowsoft&trade; 300 гр/м&sup2; гарантує відмінну теплоізоляцію та не втягує вологу ззовні. М&rsquo;яка структура волокна не стримує природний рух і підвищує відчуття комфорту в одязі.</p> <p>Підкладка: </p> <ul> <li>Груди та спинка - антипілінговий фліс Polar.</li> <li>Рукави та штанини - високоякісний підкладковий атлас, який є запорукою легкого та зручного одягання.</li>
</ul> <p>Крій капюшону забезпечує його щільне прилягання до голови дитини та створює надійний захист від вітру та дощу. До речі, за бажання, Ви можете придбати модель з додатковою опушкою з м&rsquo;якого штучного хутра на капюшоні. </p> <p>Еластичні манжети на рукавах та штанинах, резинка на талії та вільний продуманий крій дозволяють дитині вільно рухатись.</p> <p>Довга застібка, захищена внутрішньою вітрозахисною планкою, сприяє швидкому одяганню.</p> <p>Силіконові штрипки не дозволяють штанинам підстрибувати, коли малюк активно рухається.</p> <p>Зручна кишенька стане у пригоді для зберегання дитячих скарбів.</p> <p>Температурний режим від +5 до - 20&deg;С.</p>"
DR-1810-F,DR-1810-F,Тренд на флісі Графітовий,Тренд на флісі Графітовий,Виписка та хрещення/Конверти для новонароджених,,2550,UAH,Немає в наявності,Да,ДоРечі,Google Feed for Merchant Center,"https://dorechi.ua/content/images/31/trend_graphite_fleece-25169002533130_+1bcabd0cc5.jpg;https://dorechi.ua/content/images/31/trend_graphite_fleece-47663884227088_+b47a56b296.jpg;https://dorechi.ua/content/images/31/trend_graphite_fleece-26150031037979_+f7df137b0e.jpg;https://dorechi.ua/content/images/31/trend_graphite_fleece-89432904321196_+20d7c151fb.jpg;https://dorechi.ua/content/images/31/trend_graphite_fleece-60203101709964_+9d00fd18eb.jpg;https://dorechi.ua/content/images/31/trend_graphite_fleece-60518547039199_+463f446d89.jpg;https://dorechi.ua/content/images/31/trend_graphite_fleece-15813123640631_+5f98d7e633.jpg;https://dorechi.ua/content/images/31/trend_graphite_fleece-68627477720934_+c79023e298.jpg;https://dorechi.ua/content/images/31/trend_graphite_fleece-57727277787103_+e65f46d183.jpg;https://dorechi.ua/content/images/31/trend_graphite_fleece-94750733720190_+a594047c13.jpg;https://dorechi.ua/content/images/31/trend_graphite_fleece-30328404029956_+25da7ccf4a.jpg","<h2>Тренд ДоРечі - це великий зимовий флісовий конверт, який робить прогулянки у холодну пору року приємними, комфортними і значно довшими!</h2>

<p>Спроектований спеціально для використання у прогулянкових колясках. Так само теплий, як конверти на овчині, але при цьому його можна безпечно прати у пральній машинці. Нагадаємо, що конверти на овчині обов&#39;язково віддавати у хімчистку, тому що овчина з натуральної вовни під час звичайного прання збивається і стає схожою на вовняний плед.</p>

<ul>
	<li>Нижня частина ідеально лягає по спинці візка.</li>
	<li>Зручний глибокий капюшон</li>
	<li>Можна використовувати як у звичайних прогулянкових блоках, так і у сидіннях типу &laquo;кокон&raquo;.</li>
	<li>Низ конверту не плаский, як зазвичай, а має додатковий об&#39;єм з розрахунку на зимове взуття.</li>
	<li>Всередині, у місці контакту з чобітками, є захист від забруднення - мембранна тканина чорного кольору, яку можна просто протерти вологою серветкою. У цій частині конверту теплоту овчини компенсують 3 додаткових шари синтепону.</li>
	<li>Світловідбивні елементи для безпеки на дорозі у темну частину доби.</li>
	<li>Надійна фіксація на сидінні за допогомою накидної ""спіднички"".</li>
	<li>3 довгі вертикальні отвори для ременів безпеки, які підходять для більшості візочків.</li>
</ul>

<p>Крім цього, додатковими приємними перевагами є:</p>

<ul>
	<li>Можливість роз&#39;єднання на 2 окремі частини та використання кожної окремо як накидку чи килимок для ігор.</li>
	<li>Двостороння застібка-блискавка.</li>
	<li>Можливість використання у санках</li>
	<li>Яскравий принт чи стильна геометрична відстрочка підкреслюють Вашу непересічну індивідуальність.</li>
</ul>

<p>Технічні характеристики:</p>

<p>Довжина: 100см</p>

<p>Ширина: 48 см</p>

<p>Верх: мембранна тканина з вітро- та водовідштовхуючим покриттям.</p>

<p>Утеплювач: силіконізований синтепон, щільністю 400 гр/м2 (у 2 рази більше, ніж у конвертах на овчині)</p>

<p>Підкладка: щільний антиалергенний фліс Polar турецького виробництва, який практично не кошлатиться (перевірено сотнями клієнтів)</p>

<p>Розрахований для дітей від 6 місяців до 3х років.</p>"
DR-1812-F,DR-1812-F,Конверт Тренд Бежевий,Конверт Тренд Бежевий,Виписка та хрещення/Конверти для новонароджених,,2550,UAH,В наявності,Да,ДоРечі,Google Feed for Merchant Center,"https://dorechi.ua/content/images/24/trend_beige_fleece-89222637300535_+084ac5938c.jpg;https://dorechi.ua/content/images/24/trend_beige_fleece-86625784326900_+300638d4c9.jpg;https://dorechi.ua/content/images/24/trend_beige_fleece-23883036995017_+58ed4c1b54.jpg;https://dorechi.ua/content/images/24/trend_beige_fleece-56569977519290_+da23e60d7e.jpg;https://dorechi.ua/content/images/24/trend_beige_fleece-84140066366205_+b678649b56.jpg;https://dorechi.ua/content/images/24/trend_beige_fleece-63086001364307_+c25fb84059.jpg","<h2>Тренд ДоРечі&trade; - це великий зимовий флісовий конверт, який робить прогулянки у холодну пору року приємними, комфортними і значно довшими!</h2> <div>
<p>Спроектований спеціально для використання у прогулянкових колясках. Так само теплий, як конверти на овчині, але при цьому його можна безпечно прати у пральній машинці. Нагадаємо, що конверти на овчині обов&#39;язково віддавати у хімчистку, тому що овчина з натуральної вовни під час звичайного прання збивається і стає схожою на вовняний плед.</p> <ul> <li>Нижня частина ідеально лягає по спинці візка.</li> <li>Можна використовувати як у звичайних прогулянкових блоках, так і у сидіннях типу &laquo;кокон&raquo;.</li> <li>Низ конверту не плаский, як зазвичай, а має додатковий об&#39;єм з розрахунку на зимове взуття.</li> <li>Всередині, у місці контакту з чобітками, є захист від забруднення - мембранна тканина чорного кольору, яку можна просто протерти вологою серветкою. У цій частині конверту теплоту овчини компенсують 3 додаткових шари синтепону.</li> <li>Світловідбивні елементи для безпеки на дорозі у темну частину доби.</li> <li>Надійна фіксація на сидінні за допогомою накидної ""спіднички"".</li> <li>7 вертикальних отворів для ременів безпеки, які підходять для більшості візочків.</li>
</ul> <p>Крім цього, додатковими приємними перевагами є:</p> <ul> <li>Можливість роз&#39;єднання на 2 окремі частини та використання кожної окремо як накидку чи килимок для ігор.</li> <li>Двостороння застібка-блискавка.</li> <li>Капюшон зі зйомною пухнастою антиалергенною опушкою на капюшоні для стильного вигляду та додаткового захисту немовлят у найбільш морозні дні</li> <li>Можливість використання у санках</li> <li>Яскравий принт чи стильна геометрична відстрочка підкреслюють Вашу непересічну індивідуальність.</li>
</ul> <p>Технічні характеристики:</p> <p>Довжина: 100см</p> <p>Ширина: 48 см</p> <p>Верх: мембранна тканина з вітро- та водовідштовхуючим покриттям.</p> <p>Утеплювач: силіконізований синтепон, щільністю 400 гр/м2 (у 2 рази більше, ніж у конвертах на овчині)</p> <p>Підкладка: щільний густий антиалергенний фліс Polar турецького виробництва, який практично не кошлатиться (перевірено багато </p> <p>Розрахований для дітей від 6 місяців до 3х років.</p>
</div>"
DR-1842,DR-1842,Конверт Тренд на овчині Чорний,Конверт Тренд на овчині Чорний,Виписка та хрещення/Конверти для новонароджених,,2550,UAH,В наявності,Да,ДоРечі,Google Feed for Merchant Center,"https://dorechi.ua/content/images/38/trend-dorechitrend-dorechi-black-99554161458887_+ccb7c59393.jpg;https://dorechi.ua/content/images/38/trend-dorechitrend-dorechi-black-38031561049309_+94e7e27e31.jpg;https://dorechi.ua/content/images/38/trend-dorechitrend-dorechi-black-19494603421965_+a74a40241c.jpg;https://dorechi.ua/content/images/38/trend-dorechitrend-dorechi-black-70583472170536_+71064205c1.jpg;https://dorechi.ua/content/images/38/trend-dorechitrend-dorechi-black-73440516970492_+97dfb8a5a0.jpg","<h2>Чохол на ніжки на натуральній овчині Trend від компанії ДоРечі ― це комфортні та радісні прогулянки з малюком незалежно від того, наскільки нижче нуля впав стовпчик термометра! До того ж, чорний колір ― завжди модна класика. Конверт виглядає добротно і по-справжньому благородно :)</h2> <p>Розрахований для дітей від 6 місяців до 3х років.</p> <p>Матеріали: міцна, водонепроникна і вітронепродувна плащова тканина (зовні), подвійний шар силіконізованого синтепону (наповнювач), щільна, тепла, м&#39;яка і приємна на дотик 100 % овчина на тканій основі.<br />
Розміри (довжина/ширина): 100/48 см<br />
 </p> <h3>Характеристики хутряного конверта &laquo;ДоРечі&raquo; Trend:</h3> <ul> <li>можна відкривати з двох сторін і по центру. Якщо розстібнути конверт по периметру, вийде дві половинки. Нижню можна використовувати окремо як теплий матрацик в люльку;</li> <li>лягає в коляску ідеально, тому що змодельований у формі &laquo;гамака&raquo;. Конверт &laquo;Тренд&raquo; підійде і до звичайних візків і до сидінь типу &laquo;кокон&raquo;;</li> <li>прекрасно підходить для санок</li>
</ul> <ul> <li>м&#39;які набивні &laquo;вушка&raquo; накидки вбережуть дитину від травмування об раму коляски;</li> <li>при необхідності ви можете сформувати капюшон, який чудово захистить малюка від морозного вітру</li>
</ul> <ul> <li>низ спроектований таким чином, що туди з комфортом розміщуються ніжки дитини в зимових чобітках. Всередині, в місці контакту з черевичками, конверт захищає від забруднень щільна мембранна тканина чорного кольору. Очистити її можна звичайною вологою серветкою/тканиною. У цій частині конверта відсутність овчини компенсує додатковий подвійний шар синтепону</li>
</ul> <ul> <li>на верхній частині конверта є кишенька для дрібниць, куди можна покласти хусточку та інші дрібниці, необхідні на зимовій прогулянці;</li> <li>кріплення чохла до коляски просте і надійне ― спеціальну &laquo;спідничку&raquo; потрібно накинути на спинку коляски, і ваш конверт ніколи не буде сповзати!</li>
</ul> <ul> <li>5 отворів під прорізи для ременів безпеки;</li> <li>чохол декорований геометричної відстрочкою і фурнітурою найвищої якості ― магнітними кнопками і ексклюзивними кольоровими застібками, виготовленими спеціально для цього конверта</li>
</ul> <ul> <li>пластикові застібки тракторного типу вже самі по собі є стильною прикрасою. Крім того, на відміну від металевих, вони набагато краще поводяться на морозі. На застібці досить великі бігунки, її буде зручніше розстібати-застібати навіть в щільних рукавичках. Щоб крізь застібку не проникав вітер, зсередини вона закрита захисною планкою;</li> <li>світловідбиваючі елементи зроблять вас помітними в темряві.</li>
</ul> <p>У конверті Тренд вашій дитині буде дуже тепло, а зимові прогулянки будут тривати стільки, скольки ви самі забажаєте, незалежно від температури повітря на вулиці!</p> <h3>Купити дитячий зимовий конверт для немовлят на овчині Trend Ви можете в будь-якому з кольорових рішень, представлених на сайті. </h3> <p>Хочемо наголосити, що підкладка виробу з натуральної вовни, тому рекомендована суха хімчистка<br />
У домашніх умовах його можна прати руками шампунню чи спеціальним засобом для вовни<br />
Не відтискати у пральній машинці<br />
Після прання в машинці вовна зкатається та стане схожою на вовняний пледик (хоча це зовсім не страшно, бо своїх теплих властивостей вона все одно не втратить)</p> <p>В конверті Тренд ваша дитина буде у теплі, а зимові прогулянки будуть тривали стільки, скільки забажаєте ви, а не вимагатиме низька температура повітря.</p> <p>Купити дитячий зимовий конверт для немовлят на овчині Trend Ви можете в будь-якому з кольорових рішень, представлених на сайті. </p>"
DR-1842-F,DR-1842-F,Конверт Тренд Чорний,Конверт Тренд Чорний,Виписка та хрещення/Конверти для новонароджених,,2550,UAH,В наявності,Да,ДоРечі,Google Feed for Merchant Center,"https://dorechi.ua/content/images/29/trend_fleece_black-24308191200313_+8692e65422.jpg;https://dorechi.ua/content/images/29/trend_fleece_black-41947931443037_+41dbc15c45.jpg;https://dorechi.ua/content/images/29/trend_fleece_black-89298407505673_+7ea7e80e39.jpg;https://dorechi.ua/content/images/29/trend_fleece_black-52627468206899_+ff529b122f.jpg;https://dorechi.ua/content/images/29/trend_fleece_black-26984921239829_+ea5ad1ce06.jpg;https://dorechi.ua/content/images/29/trend_fleece_black-97069365368102_+0fb43136dc.jpg;https://dorechi.ua/content/images/29/trend_fleece_black-55682028470126_+45fee019d9.jpg;https://dorechi.ua/content/images/29/trend_fleece_black-98035868770358_+641780c886.jpg;https://dorechi.ua/content/images/29/trend_fleece_black-47933516371828_+1b571c2a53.jpg","<h2>Тренд ДоРечі - це великий зимовий флісовий конверт, який робить прогулянки у холодну пору року приємними, комфортними і значно довшими!</h2> <p>Спроектований спеціально для використання у прогулянкових колясках. Так само теплий, як конверти на овчині, але при цьому його можна безпечно прати у пральній машинці. Нагадаємо, що конверти на овчині обов&#39;язково віддавати у хімчистку, тому що овчина з натуральної вовни під час звичайного прання збивається і стає схожою на вовняний плед.</p> <ul> <li>Нижня частина ідеально лягає по спинці візка.</li> <li>Зручний глибокий капюшон</li> <li>Можна використовувати як у звичайних прогулянкових блоках, так і у сидіннях типу &laquo;кокон&raquo;.</li> <li>Низ конверту не плаский, як зазвичай, а має додатковий об&#39;єм з розрахунку на зимове взуття.</li> <li>Всередині, у місці контакту з чобітками, є захист від забруднення - плащова тканина чорного кольору, яку можна просто протерти вологою серветкою. У цій частині конверту теплоту овчини компенсують 3 додаткових шари синтепону.</li> <li>Світловідбивні елементи для безпеки на дорозі у темну частину доби.</li> <li>Надійна фіксація на сидінні за допогомою накидної ""спіднички"".</li> <li>3 довгі вертикальні отвори для ременів безпеки, які підходять для більшості візочків.</li>
</ul> <p>Крім цього, додатковими приємними перевагами є:</p> <ul> <li>Можливість роз&#39;єднання на 2 окремі частини та використання кожної окремо як накидку чи килимок для ігор.</li> <li>Двостороння застібка-блискавка.</li> <li>Можливість використання у санках</li> <li>Яскравий принт чи стильна геометрична відстрочка підкреслюють Вашу непересічну індивідуальність.</li>
</ul> <p>Технічні характеристики:</p> <p>Довжина: 100см</p> <p>Ширина: 48 см</p> <p>Верх: плащова тканина з вітро- та водовідштовхуючим покриттям.</p> <p>Утеплювач: силіконізований синтепон, щільністю 400 гр/м2 (у 2 рази більше, ніж у конвертах на овчині)</p> <p>Підкладка: щільний антиалергенний фліс Polar турецького виробництва, який практично не кошлатиться (перевірено сотнями клієнтів)</p> <p>Розрахований для дітей від 6 місяців до 3х років.</p>"
DR-2074,DR-2074,Конверт Тренд Зелений,Конверт Тренд Зелений,Виписка та хрещення/Конверти для новонароджених,,2550,UAH,В наявності,Да,ДоРечі,Google Feed for Merchant Center,"https://dorechi.ua/content/images/35/trend_green-85559393939215_+210130045a.jpg;https://dorechi.ua/content/images/35/trend_green-60523252750083_+069ae841d1.jpg;https://dorechi.ua/content/images/35/trend_green-18807163476743_+faa6bc4209.jpg;https://dorechi.ua/content/images/35/trend_green-80285865969073_+d48612e819.jpg;https://dorechi.ua/content/images/35/trend_green-64252307927407_+22edaa4794.jpg;https://dorechi.ua/content/images/35/trend_green-24522834774326_+0e55b4dfed.jpg","<h2>Тренд ДоРечі - це великий зимовий флісовий конверт, який робить прогулянки у холодну пору року приємними, комфортними і значно довшими!</h2> <p>Спроектований спеціально для використання у прогулянкових колясках. Так само теплий, як конверти на овчині, але при цьому його можна безпечно прати у пральній машинці. Нагадаємо, що конверти на овчині обов&#39;язково віддавати у хімчистку, тому що овчина з натуральної вовни під час звичайного прання збивається і стає схожою на вовняний плед.</p> <ul> <li>Нижня частина ідеально лягає по спинці візка.</li> <li>Зручний глибокий капюшон</li> <li>Можна використовувати як у звичайних прогулянкових блоках, так і у сидіннях типу &laquo;кокон&raquo;.</li> <li>Низ конверту не плаский, як зазвичай, а має додатковий об&#39;єм з розрахунку на зимове взуття.</li> <li>Всередині, у місці контакту з чобітками, є захист від забруднення - мембранна тканина чорного кольору, яку можна просто протерти вологою серветкою. У цій частині конверту теплоту овчини компенсують 3 додаткових шари синтепону.</li> <li>Світловідбивні елементи для безпеки на дорозі у темну частину доби.</li> <li>Надійна фіксація на сидінні за допогомою накидної ""спіднички"".</li> <li>3 довгі вертикальні отвори для ременів безпеки, які підходять для більшості візочків.</li>
</ul> <p>Крім цього, додатковими приємними перевагами є:</p> <ul> <li>Можливість роз&#39;єднання на 2 окремі частини та використання кожної окремо як накидку чи килимок для ігор.</li> <li>Двостороння застібка-блискавка.</li> <li>Можливість використання у санках</li> <li>Яскравий принт чи стильна геометрична відстрочка підкреслюють Вашу непересічну індивідуальність.</li>
</ul> <p>Технічні характеристики:</p> <p>Довжина: 100см</p> <p>Ширина: 48 см</p> <p>Верх: мембранна тканина з вітро- та водовідштовхуючим покриттям.</p> <p>Утеплювач: силіконізований синтепон, щільністю 400 гр/м2 (у 2 рази більше, ніж у конвертах на овчині)</p> <p>Підкладка: щільний антиалергенний фліс Polar турецького виробництва, який практично не кошлатиться (перевірено сотнями клієнтів)</p> <p>Розрахований для дітей від 6 місяців до 3х років.</p>"
DR-2089,DR-2089,Конверт Тренд Рожевий,Конверт Тренд Рожевий,Виписка та хрещення/Конверти для новонароджених,,2550,UAH,В наявності,Да,ДоРечі,Google Feed for Merchant Center,"https://dorechi.ua/content/images/26/trend_pink-58415086463008_+4adea80b48.jpg;https://dorechi.ua/content/images/26/trend_pink-14108345856479_+f110106c8e.jpg;https://dorechi.ua/content/images/26/trend_pink-36430748949709_+07d5f528f1.jpg;https://dorechi.ua/content/images/26/trend_pink-14132173567902_+2bf266b8c3.jpg;https://dorechi.ua/content/images/26/trend_pink-83539652509732_+ba6f8a7b86.jpg;https://dorechi.ua/content/images/26/trend_pink-51037977853567_+7d0dcb131c.jpg;https://dorechi.ua/content/images/26/trend_pink-86624275959302_+f897093b69.jpg;https://dorechi.ua/content/images/26/trend_pink-63420905108645_+5e3d3780b9.jpg;https://dorechi.ua/content/images/26/trend_pink-67884853475255_+760b695548.jpg","<h2>Тренд ДоРечі - це великий зимовий флісовий конверт, який робить прогулянки у холодну пору року приємними, комфортними і значно довшими!</h2> <p>Спроектований спеціально для використання у прогулянкових колясках. Так само теплий, як конверти на овчині, але при цьому його можна безпечно прати у пральній машинці. Нагадаємо, що конверти на овчині обов&#39;язково віддавати у хімчистку, тому що овчина з натуральної вовни під час звичайного прання збивається і стає схожою на вовняний плед.</p> <ul> <li>Нижня частина ідеально лягає по спинці візка.</li> <li>Зручний глибокий капюшон</li> <li>Можна використовувати як у звичайних прогулянкових блоках, так і у сидіннях типу &laquo;кокон&raquo;.</li> <li>Низ конверту не плаский, як зазвичай, а має додатковий об&#39;єм з розрахунку на зимове взуття.</li> <li>Всередині, у місці контакту з чобітками, є захист від забруднення - плащова тканина чорного кольору, яку можна просто протерти вологою серветкою. У цій частині конверту теплоту овчини компенсують 3 додаткових шари синтепону.</li> <li>Світловідбивні елементи для безпеки на дорозі у темну частину доби.</li> <li>Надійна фіксація на сидінні за допогомою накидної ""спіднички"".</li> <li>3 довгі вертикальні отвори для ременів безпеки, які підходять для більшості візочків.</li>
</ul> <p>Крім цього, додатковими приємними перевагами є:</p> <ul> <li>Можливість роз&#39;єднання на 2 окремі частини та використання кожної окремо як накидку чи килимок для ігор.</li> <li>Двостороння застібка-блискавка.</li> <li>Можливість використання у санках</li> <li>Яскравий принт чи стильна геометрична відстрочка підкреслюють Вашу непересічну індивідуальність.</li>
</ul> <p>Технічні характеристики:</p> <p>Довжина: 100см</p> <p>Ширина: 48 см</p> <p>Верх: плащова тканина з вітро- та водовідштовхуючим покриттям.</p> <p>Утеплювач: силіконізований синтепон, щільністю 400 гр/м2 (у 2 рази більше, ніж у конвертах на овчині)</p> <p>Підкладка: щільний антиалергенний фліс Polar турецького виробництва, який практично не кошлатиться (перевірено сотнями клієнтів)</p> <p>Розрахований для дітей від 6 місяців до 3х років.</p>"
DR-2107,DR-2107,Конверт Тренд Шоколад,Конверт Тренд Шоколад,Виписка та хрещення/Конверти для новонароджених,,2550,UAH,В наявності,Да,ДоРечі,Google Feed for Merchant Center,"https://dorechi.ua/content/images/7/trend_chocolade-29906283710983_+8435485843.jpg;https://dorechi.ua/content/images/7/trend_chocolade-54736789615834_+d09e648447.jpg;https://dorechi.ua/content/images/7/trend_chocolade-21958791286369_+b4b8c82f98.jpg;https://dorechi.ua/content/images/7/trend_chocolade-11214378662417_+e48a1771c2.jpg;https://dorechi.ua/content/images/7/trend_chocolade-18881775925681_+7e5686acc6.jpg;https://dorechi.ua/content/images/7/trend_chocolade-96488674859548_+c0a8e5df62.jpg;https://dorechi.ua/content/images/7/trend_chocolade-91023372483585_+c4f633c0e2.jpg","<h2>Тренд ДоРечі - це великий зимовий флісовий конверт, який робить прогулянки у холодну пору року приємними, комфортними і значно довшими!</h2> <p>Спроектований спеціально для використання у прогулянкових колясках. Так само теплий, як конверти на овчині, але при цьому його можна безпечно прати у пральній машинці. Нагадаємо, що конверти на овчині обов&#39;язково віддавати у хімчистку, тому що овчина з натуральної вовни під час звичайного прання збивається і стає схожою на вовняний плед.</p> <ul> <li>Нижня частина ідеально лягає по спинці візка.</li> <li>Зручний глибокий капюшон</li> <li>Можна використовувати як у звичайних прогулянкових блоках, так і у сидіннях типу &laquo;кокон&raquo;.</li> <li>Низ конверту не плаский, як зазвичай, а має додатковий об&#39;єм з розрахунку на зимове взуття.</li> <li>Всередині, у місці контакту з чобітками, є захист від забруднення - мембранна тканина чорного кольору, яку можна просто протерти вологою серветкою. У цій частині конверту теплоту овчини компенсують 3 додаткових шари синтепону.</li> <li>Світловідбивні елементи для безпеки на дорозі у темну частину доби.</li> <li>Надійна фіксація на сидінні за допогомою накидної ""спіднички"".</li> <li>3 довгі вертикальні отвори для ременів безпеки, які підходять для більшості візочків.</li>
</ul> <p>Крім цього, додатковими приємними перевагами є:</p> <ul> <li>Можливість роз&#39;єднання на 2 окремі частини та використання кожної окремо як накидку чи килимок для ігор.</li> <li>Двостороння застібка-блискавка.</li> <li>Можливість використання у санках</li> <li>Яскравий принт чи стильна геометрична відстрочка підкреслюють Вашу непересічну індивідуальність.</li>
</ul> <p>Технічні характеристики:</p> <p>Довжина: 100см</p> <p>Ширина: 48 см</p> <p>Верх: мембранна тканина з вітро- та водовідштовхуючим покриттям.</p> <p>Утеплювач: силіконізований синтепон, щільністю 400 гр/м2 (у 2 рази більше, ніж у конвертах на овчині)</p> <p>Підкладка: щільний антиалергенний фліс Polar турецького виробництва, який практично не кошлатиться (перевірено сотнями клієнтів)</p> <p>Розрахований для дітей від 6 місяців до 3х років.</p>"
DR-1878-FO,DR-1878-FO,Кокон Baby XS на флісі Білий з Опушкою,Кокон Baby XS на флісі Білий з Опушкою,Виписка та хрещення/Конверти для новонароджених,,2345,UAH,Немає в наявності,Да,ДоРечі,Google Feed for Merchant Center,"https://dorechi.ua/content/images/1/baby-xs-dorechi-white-fur-fleece-25673254775847_+2541056bd3.jpg;https://dorechi.ua/content/images/1/baby-xs-dorechi-white-fur-fleece-49328091342002_+d145fdf8d1.jpg;https://dorechi.ua/content/images/1/baby-xs-dorechi-white-fur-fleece-75596342600071_+1012745544.jpg;https://dorechi.ua/content/images/1/baby-xs-dorechi-white-fur-fleece-60208680736318_+4b506eb120.jpg;https://dorechi.ua/content/images/1/baby-xs-dorechi-white-fur-fleece-48522241520591_+fcd5481929.jpg;https://dorechi.ua/content/images/1/baby-xs-dorechi-white-fur-fleece-66266449681317_+f88e2c25b9.jpg;https://dorechi.ua/content/images/1/baby-xs-dorechi-white-fur-fleece-78489872991967_+6d3b36c0e0.jpg;https://dorechi.ua/content/images/1/baby-xs-dorechi-white-fur-fleece-88924965467068_+8ec6c2c6b0.jpg;https://dorechi.ua/content/images/1/baby-xs-dorechi-white-fur-fleece-11975422969836_+96398fe507.jpg","<p>Затишний зимовий конверт-кокон на флісі Baby XS ДоРечі чудово підходить малятам, що народилися у осіннє-зимовий період. Він стане яскравою прикрасою виписки з пологового будинку та вірним захисником від непогоди під час прогулянок у колясці. Ідеально лягає у будь-яку люльку.</p> <p>Так само теплий, як кокони на овчині і у той же час їх можна прати у пральній машині, на відміну від коконів на овчині, які потребують догляду у хімчистці.</p> <p>Довжина: 75см</p> <p>Ширина: 40 см</p> <p>Верх: мембранна тканина з вітро- та водовідштовхуючим покриттям.</p> <p>Утеплювач: силіконізований синтепон. Щільність 400гр/м2, що вдвічі більше, ніж у конвертах у овчині.</p> <p>Підкладка: густий антиалергенний фліс Polar, на якому практично не утворюється кошлатання.</p> <p>Оздоблений знімною опушкою з високоякісного антиалергенного штучного хутра. Наголошуємо, що натуральні хутра можуть викликати алергічні реакції, тому вони не рекомендовані до використання при виготовленні товарів для новонароджених.</p> <p>Період використання: від народження до 9-10 місяців.</p> <p>Температурний режим +5 - 20 &deg;С</p> <p>Приємними бонусами є:</p> <ul> <li>Можливість регулювання об&rsquo;єму капюшону.</li> <li>Двостороння застібка-блискавка.</li> <li>5 вертикальних отворів для ременів безпеки, які підходять для більшості візочків.</li> <li>Світловідбивні елементи для безпеки на дорозі у темну частину доби.</li> <li>Можливість роз&#39;єднання на 2 частини, та використання кожної з них окремо як накидку чи вкладку у санки.</li>
</ul> <p>Чудово поєднується з муфтами цього ж виробника.</p>"
DR-1889-O,DR-1889-O,Кокон Baby XS на овчині Синій з Опушкою,Кокон Baby XS на овчині Синій з Опушкою,Виписка та хрещення/Конверти для новонароджених,,2345,UAH,В наявності,Да,ДоРечі,Google Feed for Merchant Center,"https://dorechi.ua/content/images/37/baby-xs-dorechi-white-stars-opushka-88535796599531_+372094e30e.jpg;https://dorechi.ua/content/images/37/baby-xs-dorechi-white-stars-opushka-27029440350344_+77803a4235.jpg;https://dorechi.ua/content/images/37/baby-xs-dorechi-white-stars-opushka-29139382062108_+e97fd8bfa5.jpg;https://dorechi.ua/content/images/37/baby-xs-dorechi-white-stars-opushka-66459985460314_+4e8300b240.jpg;https://dorechi.ua/content/images/37/30326177762370_+f440434518.jpg;https://dorechi.ua/content/images/37/31762379910027_+6463cc8541.jpg;https://dorechi.ua/content/images/37/baby-xs-dorechi-white-stars-opushka-39351839417683_+07e5f67970.jpg","<p>Затишний зимовий конверт-кокон на натуральній овчині Baby XS ДоРечі чудово підходить малятам, що народилися у осіннє-зимовий період. Він стане яскравою прикрасою виписки з пологового будинку та вірним захисником від непогоди під час прогулянок у колясці. Ідеально лягає у будь-яку люльку.</p> <p>Довжина: 75см</p> <p>Ширина: 40 см</p> <p>Верх: мембранна тканина з вітро- та водовідштовхуючим покриттям.</p> <p>Утеплювач: 2-шаровий синтепон.</p> <p>Підкладка: щільна овчина на тканій основі. 100% овечої вовни.</p> <p>Є можливість придбати конверт з додатковою опушкою на капюшоні, який кріпиться на застібку ""молнію"".</p> <p>Період використання: від народження до 9-10 місяців.</p> <p>Приємними бонусами є:</p> <ul> <li>Можливість регулювання об&rsquo;єму капюшону.</li> <li>Двостороння застібка-блискавка.</li> <li>5 вертикальних отворів для ременів безпеки, які підходять для більшості візочків.</li> <li>Світловідбивні елементи для безпеки на дорозі у темну частину доби.</li> <li>Можливість роз&#39;єднання на 2 частини, та використання кожної з них окремо як накидку чи вкладиш у санки.</li>
</ul> <p>Чудово поєднується з муфтами цього ж виробника.</p> <p>Хочемо наголосити, що підкладка виробу з натуральної вовни, тому рекомендована суха хімчистка<br />
У домашніх умовах його можна прати руками шампунню чи спеціальним засобом для вовни<br />
Не відтискати у пральній машинці<br />
Після прання в машинці вовна зкатається та стане схожою на вовняний пледик (хоча це зовсім не страшно, бо своїх теплих властивостей вона все одно не втратить)</p>"
DR-2083,DR-2083,Комбінезон зимовий Діскавері Молочний,Комбінезон зимовий Діскавері Молочний,Одяг/Комбінезони,,2300,UAH,В наявності,Да,ДоРечі,Google Feed for Merchant Center,"https://dorechi.ua/content/images/49/discovery_milk-11701851575644_+e66e754462.jpg;https://dorechi.ua/content/images/49/discovery_milk-17360744513939_+81c5434d67.jpg;https://dorechi.ua/content/images/49/discovery_milk-31244901023413_+b2e0690ad8.jpg;https://dorechi.ua/content/images/49/discovery_milk-39554223339290_+e28a86513a.jpg;https://dorechi.ua/content/images/49/discovery_milk-33967733798376_+f82eadbc15.jpg;https://dorechi.ua/content/images/49/discovery_milk-37702523659129_+0a919a5ee6.jpg;https://dorechi.ua/content/images/49/discovery_milk-13425107682388_+b93b08e0a2.jpg;https://dorechi.ua/content/images/49/discovery_milk-61536704550718_+a2dce71e00.jpg;https://dorechi.ua/content/images/49/discovery_milk-88978123047735_+c5df3b8a78.jpg;https://dorechi.ua/content/images/49/discovery_milk-83451567253020_+45f14f7759.jpg;https://dorechi.ua/content/images/49/discovery_milk-55641255227228_+f770ba9dea.jpeg","<p>Зимовий комбінезон-трансформер Діскавері ДоРечі - це зручний, просторий та теплий одяг, який росте з вашою дитиною під час її першої зими.</p>

<p>Спочатку (перші 3-4 місяці) використовується як конверт зі з&#39;єднаними ніжками та закритими манжетами ручками.</p>

<p>Потім (до 6-7 місяців) ніжки роз&#39;єднуються у окремі штанинки і комбінезон продовжує використовуватися з закритими манжетами.</p>

<p>Коли малятко підростає ще більше, манжети на ручках та ніжках відвертаються і використання продовжується до зросту 74 см, що в середньому відповідає 9-10 місяцям.</p>

<p>Верх - вітронепродуваєма та водовідштовхуюча плащова тканина.</p>

<p>Утеплювач - Hollowsoft&trade; 300 має відмінну термоізоляцію, не втягує вологу та дуже легкий.</p>

<p>Підкладка - м&#39;який приємний на дотик велсофт.</p>

<p>Капюшон з милими вушками оснащений резинкою та забезпечує щільне прилягання до голови дитини, створюючи надійний захист від вітру та дощу.</p>

<p>Дві, захищені внутрішніми вітрозахисними планками, застібки допоможуть дуже швидко одягти малятко.</p>

<p>Температурний режим від +0 до -20&deg;С.</p>"
DR-2084,DR-2084,Комбінезон зимовий Діскавері Рожевий,Комбінезон зимовий Діскавері Рожевий,Одяг/Комбінезони,,2300,UAH,В наявності,Да,ДоРечі,Google Feed for Merchant Center,"https://dorechi.ua/content/images/50/discovery_pink-26478866167497_+8f79eaedde.jpg;https://dorechi.ua/content/images/50/discovery_pink-44049745062939_+13b3c9868c.jpg;https://dorechi.ua/content/images/50/discovery_pink-73193561368675_+be85f1b181.jpg;https://dorechi.ua/content/images/50/discovery_pink-74949008365616_+5ffa8ea55e.jpg;https://dorechi.ua/content/images/50/discovery_pink-96039360892185_+81a7157ea2.jpg;https://dorechi.ua/content/images/50/discovery_pink-99334386159947_+350f864607.jpg;https://dorechi.ua/content/images/50/discovery_pink-99013715918475_+ce9dc1fada.jpg;https://dorechi.ua/content/images/50/discovery_pink-78133180373218_+661e0b414a.jpeg","<p>Зимовий комбінезон-трансформер Діскавері ДоРечі - це зручний, просторий та теплий одяг, який росте з вашою дитиною під час її першої зими.</p> <p>Спочатку (перші 3-4 місяці) використовується як конверт зі з&#39;єднаними ніжками та закритими манжетами ручками.</p> <p>Потім (до 6-7 місяців) ніжки роз&#39;єднуються у окремі штанинки і комбінезон продовжує використовуватися з закритими манжетами.</p> <p>Коли малятко підростає ще більше, манжети на ручках та ніжках відвертаються і використання продовжується до зросту 74 см, що в середньому відповідає 9-10 місяцям.</p> <p>Верх - вітронепродуваєма та водовідштовхуюча плащова тканина.</p> <p>Утеплювач - Hollowsoft&trade; 300 має відмінну термоізоляцію, не втягує вологу та дуже легкий.</p> <p>Підкладка - м&#39;який приємний на дотик фліс.</p> <p>Капюшон з милими вушками оснащений резинкою та забезпечує щільне прилягання до голови дитини, створюючи надійний захист від вітру та дощу.</p> <p>Дві, захищені внутрішніми вітрозахисними планками, застібки допоможуть дуже швидко одягти малятко.</p> <p>Температурний режим від +0 до -20&deg;С.</p>"
DR-2085,DR-2085,Комбінезон зимовий Діскавері М'ятний,Комбінезон зимовий Діскавері М'ятний,Одяг/Комбінезони,,2300,UAH,Немає в наявності,Да,ДоРечі,Google Feed for Merchant Center,"https://dorechi.ua/content/images/1/discovery_mint-34087300854511_+a598ccfb78.jpg;https://dorechi.ua/content/images/1/discovery_mint-56760758305942_+aff464de90.jpg;https://dorechi.ua/content/images/1/discovery_mint-24038734399650_+8a08c4b897.jpg;https://dorechi.ua/content/images/1/discovery_mint-61093298146929_+75477abe2f.jpg;https://dorechi.ua/content/images/1/discovery_mint-52488263525660_+941c32e043.jpg;https://dorechi.ua/content/images/1/discovery_mint-92060133433170_+bfb8814d2b.jpg;https://dorechi.ua/content/images/1/discovery_mint-19515495669802_+150f9e9aee.jpg;https://dorechi.ua/content/images/1/discovery_mint-28343483542723_+4eacf84aa7.jpeg","<p>Зимовий комбінезон-трансформер Діскавері ДоРечі - це зручний, просторий та теплий одяг, який росте з вашою дитиною під час її першої зими.</p> <p>Спочатку (перші 3-4 місяці) використовується як конверт зі з&#39;єднаними ніжками та закритими манжетами ручками.</p> <p>Потім (до 6-7 місяців) ніжки роз&#39;єднуються у окремі штанинки і комбінезон продовжує використовуватися з закритими манжетами.</p> <p>Коли малятко підростає ще більше, манжети на ручках та ніжках відвертаються і використання продовжується до зросту 74 см, що в середньому відповідає 9-10 місяцям.</p> <p>Верх - вітронепродуваєма та водовідштовхуюча плащова тканина.</p> <p>Утеплювач - Hollowsoft&trade; 300 має відмінну термоізоляцію, не втягує вологу та дуже легкий.</p> <p>Підкладка - м&#39;який приємний на дотик велсофт.</p> <p>Капюшон з милими вушками оснащений резинкою та забезпечує щільне прилягання до голови дитини, створюючи надійний захист від вітру та дощу.</p> <p>Дві, захищені внутрішніми вітрозахисними планками, застібки допоможуть дуже швидко одягти малятко.</p> <p>Температурний режим від +0 до -20&deg;С.</p>"
DR-2086,DR-2086,Комбінезон зимовий Діскавері Чорний,Комбінезон зимовий Діскавері Чорний,Одяг/Комбінезони,,2300,UAH,В наявності,Да,ДоРечі,Google Feed for Merchant Center,"https://dorechi.ua/content/images/2/discovery_black-20581937030942_+94fcb6fffa.jpg;https://dorechi.ua/content/images/2/discovery_black-63329740334697_+f091984081.jpg;https://dorechi.ua/content/images/2/discovery_black-94090783887093_+d5751ca448.jpg;https://dorechi.ua/content/images/2/discovery_black-52795053041045_+13f3db7fc5.jpg;https://dorechi.ua/content/images/2/discovery_black-94081731389783_+877031782c.jpg;https://dorechi.ua/content/images/2/discovery_black-97539325489537_+176c06351b.jpg;https://dorechi.ua/content/images/2/discovery_black-73026275418578_+d39f39dcce.jpg;https://dorechi.ua/content/images/2/discovery_black-12175886724273_+d26acce52d.jpg;https://dorechi.ua/content/images/2/discovery_black-65676681884308_+1e36775a56.jpeg","<p>Зимовий комбінезон-трансформер Діскавері ДоРечі - це зручний, просторий та теплий одяг, який росте з вашою дитиною під час її першої зими.</p> <p>Спочатку (перші 3-4 місяці) використовується як конверт зі з&#39;єднаними ніжками та закритими манжетами ручками.</p> <p>Потім (до 6-7 місяців) ніжки роз&#39;єднуються у окремі штанинки і комбінезон продовжує використовуватися з закритими манжетами.</p> <p>Коли малятко підростає ще більше, манжети на ручках та ніжках відвертаються і використання продовжується до зросту 74 см, що в середньому відповідає 9-10 місяцям.</p> <p>Верх - вітронепродуваєма та водовідштовхуюча плащова тканина.</p> <p>Утеплювач - Hollowsoft&trade; 300 має відмінну термоізоляцію, не втягує вологу та дуже легкий.</p> <p>Підкладка - м&#39;який приємний на дотик велсофт.</p> <p>Капюшон з милими вушками оснащений резинкою та забезпечує щільне прилягання до голови дитини, створюючи надійний захист від вітру та дощу.</p> <p>Дві, захищені внутрішніми вітрозахисними планками, застібки допоможуть дуже швидко одягти малятко.</p> <p>Температурний режим від +0 до -20&deg;С.</p>"
DR-1891-74,DR-1891-74,Комбінезон зимовий Аполло Бежевий,Комбінезон зимовий Аполло Бежевий 74/80 см,Одяг/Комбінезони,74/80,2295,UAH,В наявності,Да,ДоРечі,Google Feed for Merchant Center,"https://dorechi.ua/content/images/15/apollo_beige_74-60627492738922_+1c4af785b6.jpg;https://dorechi.ua/content/images/15/apollo_beige_74-66145451105035_+acaa4815ae.jpg;https://dorechi.ua/content/images/15/apollo_beige_74-74703694042189_+4dc9183822.jpg;https://dorechi.ua/content/images/15/apollo_beige_74-55717679526723_+cc88c66ca8.jpg;https://dorechi.ua/content/images/15/apollo_beige_74-32830146572829_+289feb0e8e.jpg;https://dorechi.ua/content/images/15/apollo_beige_74-69863887458853_+28ff269005.jpg;https://dorechi.ua/content/images/15/apollo_beige_74-35311480771022_+ac6e25d8ad.jpg;https://dorechi.ua/content/images/15/apollo_beige_74-34835335484058_+34a3474e5a.jpg","<p><strong>Зимовий комбінезон &laquo;Аполло&raquo; ДоРечі</strong> - це технологічний, вітронепродувний та водонепроникний суцільний комбінезон для дітей, розрахований на зимові прогулянки та активні ігри. Поєднання мембранної тканини, інноваційного утеплювача та комбінованої флісово-атласної підкладки гарантує збереження тепла та сухості в температурному діапазоні від +5 &deg;C до -20 &deg;C.</p>

<h2 data-path-to-node=""7"">Технологічні матеріали та теплоізоляція</h2>

<ul data-path-to-node=""8"">
	<li>
	<p data-path-to-node=""8,0,0""><b data-index-in-node=""0"" data-path-to-node=""8,0,0"">Високотехнологічна мембрана:</b> Зовнішня тканина має водовідштовхувальні та вітрозахисні властивості. Показник водонепроникності <b data-index-in-node=""126"" data-path-to-node=""8,0,0"">7 000 мм</b> захищає від мокрого снігу та дощу, а повітропроникність <b data-index-in-node=""192"" data-path-to-node=""8,0,0"">5 000 г/м&sup2; </b>запобігає перегріванню та запотіванню під час активних рухів.</p>
	</li>
	<li>
	<p data-path-to-node=""8,1,0""><b data-index-in-node=""0"" data-path-to-node=""8,1,0"">Інноваційний утеплювач Hollowsoft&trade; (300 г/м&sup2;):</b> Надсучасний синтетичний матеріал із вертикально орієнтованими волокнами чудово утримує тепло, не створює зайвого об&#39;єму, не вбирає вологу ззовні та відновлює форму після прання.</p>
	</li>
	<li>
	<p data-path-to-node=""8,2,0""><b data-index-in-node=""0"" data-path-to-node=""8,2,0"">Комбінована внутрішня система:</b></p>

	<ul data-path-to-node=""8,2,1"">
		<li>
		<p data-path-to-node=""8,2,1,0,0""><b data-index-in-node=""0"" data-path-to-node=""8,2,1,0,0"">Груди та спинка:</b> оздоблені м&#39;яким антипілінговим флісом Polar, який створює додатковий тепловий бар&#39;єр і приємний на дотик.</p>
		</li>
		<li>
		<p data-path-to-node=""8,2,1,1,0""><b data-index-in-node=""0"" data-path-to-node=""8,2,1,1,0"">Рукави та штанини:</b> щільний, гладкий атлас для безперешкодного та швидкого передягання малюка.</p>
		</li>
	</ul>
	</li>
</ul>

<h2 data-path-to-node=""10"">Ергономіка, зручність та безпека</h2>

<ul data-path-to-node=""11"">
	<li>
	<p data-path-to-node=""11,0,0""><b data-index-in-node=""0"" data-path-to-node=""11,0,0"">Пасивна безпека (GEO / Vision visibility):</b> Оснащений великою кількістю світловідбивних елементів (360&deg; світловідбиття), що робить дитину помітною для водіїв у темну пору доби та під час туману.</p>
	</li>
	<li>
	<p data-path-to-node=""11,1,0""><b data-index-in-node=""0"" data-path-to-node=""11,1,0"">Продуманий крій та посадка:</b> Анатомічна резинка на талії, еластичні манжети та вільний фасон забезпечують повну свободу рухів під час активного зимового відпочинку.</p>
	</li>
	<li>
	<p data-path-to-node=""11,2,0""><b data-index-in-node=""0"" data-path-to-node=""11,2,0"">Анатомічний капюшон:</b> прилягає до голови, захищаючи вуха та шию від продування.</p>
	</li>
	<li>
	<p data-path-to-node=""11,3,0""><b data-index-in-node=""0"" data-path-to-node=""11,3,0"">Практичні деталі:</b></p>

	<ul data-path-to-node=""11,3,1"">
		<li>
		<p data-path-to-node=""11,3,1,0,0"">Подовжена застібка-блискавка з внутрішньою вітрозахисною планкою полегшує одягання навіть найменших дітей.</p>
		</li>
		<li>
		<p data-path-to-node=""11,3,1,1,0"">Знімні силіконові штрипки надійно фіксують штанини на взутті, запобігаючи задиранню та потраплянню снігу.</p>
		</li>
		<li>
		<p data-path-to-node=""11,3,1,2,0"">Зручна кишенька на блискавці для дрібниць та дитячих знахідок.</p>
		</li>
	</ul>
	</li>
</ul>

<p data-path-to-node=""11,3,1,2,0"">Рекомендується делікатне прання при температурі 30 &deg;C із використанням рідких засобів для мембранних тканин. Не використовувати відбілювачі, кондиціонери та не сушити на батареї.</p>"
DR-1891-80,DR-1891-74,Комбінезон зимовий Аполло Бежевий,Комбінезон зимовий Аполло Бежевий 80/86 см,Одяг/Комбінезони,80/86,2295,UAH,В наявності,Да,ДоРечі,Google Feed for Merchant Center,"https://dorechi.ua/content/images/16/apollo_beige_80-96887647572149_+d2e5521721.jpg;https://dorechi.ua/content/images/15/apollo_beige_74-66145451105035_+acaa4815ae.jpg;https://dorechi.ua/content/images/15/apollo_beige_74-74703694042189_+4dc9183822.jpg;https://dorechi.ua/content/images/15/apollo_beige_74-55717679526723_+cc88c66ca8.jpg;https://dorechi.ua/content/images/15/apollo_beige_74-32830146572829_+289feb0e8e.jpg;https://dorechi.ua/content/images/15/apollo_beige_74-69863887458853_+28ff269005.jpg;https://dorechi.ua/content/images/15/apollo_beige_74-35311480771022_+ac6e25d8ad.jpg;https://dorechi.ua/content/images/15/apollo_beige_74-34835335484058_+34a3474e5a.jpg","<p>Зимовий комбінезон Аполло ДоРечі - це 100% впевненості у теплі та комфорті вашої дитини.</p>
<p>Він дуже практичний та зручний. Оздоблений великою кількістю світловідбивних елементів для безпеки на дорозі у темний час доби.</p>
<p>Верх - мембранна тканина, яка забезпечить вітронепродуваємість та водовідштовхування в будь яку несприятливу погоду. Водонепроникність 10000 мм. Повітропроникність 5000 гр/м&sup2;.</p>
<p>Надсучасний утеплювач Hollowsoft&trade; active 300 гр/м&sup2; гарантує відмінну теплоізоляцію та не втягує вологу ззовні. М&rsquo;яка структура волокна не стримує природний рух і підвищує відчуття комфорту в одязі.</p>
<p>Підкладка:</p>
<p>Груди та спинка - антипілінговий фліс Polar.</p>
<p>Рукави та штанини - високоякісний підкладковий атлас, який є запорукою легкого та зручного одягання. А для найменших (у моделях 74 розміру) є тканеві відвороти на рукавах та штанинах, тому цей комбінезон можна використовувати вже з 6 місяців.</p>
<p>Крій капюшону забезпечує його щільне прилягання до голови дитини та створює надійний захист від вітру та дощу.</p>
<p>Еластичні манжети на рукавах та штанинах, резинка на талії та вільний продуманий крій дозволяють дитині вільно рухатись.</p>
<p>Довга застібка, захищена внутрішньою вітрозахисною планкою, сприяє швидкому одяганню.</p>
<p>Силіконові штрипки не дозволяють штанинам підстрибувати, коли малюк активно рухається.</p>
<p>Зручна кишенька стане у пригоді для зберігання дитячих скарбів.</p>
<p>Зверніть увагу, що комбінезон має близько 6 см для зростання.</p>
<p>Температурний режим від +5 до - 20&deg;С.</p>"
DR-1891-86,DR-1891-74,Комбінезон зимовий Аполло Бежевий,Комбінезон зимовий Аполло Бежевий 86/92 см,Одяг/Комбінезони,86/92,2295,UAH,В наявності,Да,ДоРечі,Google Feed for Merchant Center,"https://dorechi.ua/content/images/17/apollo_beige_86-60631317235928_+3e0d163d6a.jpg;https://dorechi.ua/content/images/15/apollo_beige_74-66145451105035_+acaa4815ae.jpg;https://dorechi.ua/content/images/15/apollo_beige_74-74703694042189_+4dc9183822.jpg;https://dorechi.ua/content/images/15/apollo_beige_74-55717679526723_+cc88c66ca8.jpg;https://dorechi.ua/content/images/15/apollo_beige_74-32830146572829_+289feb0e8e.jpg;https://dorechi.ua/content/images/15/apollo_beige_74-69863887458853_+28ff269005.jpg;https://dorechi.ua/content/images/15/apollo_beige_74-35311480771022_+ac6e25d8ad.jpg;https://dorechi.ua/content/images/15/apollo_beige_74-34835335484058_+34a3474e5a.jpg","<p>Зимовий комбінезон Аполло ДоРечі - це 100% впевненості у теплі та комфорті вашої дитини.</p>
<p>Він дуже практичний та зручний. Оздоблений великою кількістю світловідбивних елементів для безпеки на дорозі у темний час доби.</p>
<p>Верх - мембранна тканина, яка забезпечить вітронепродуваємість та водовідштовхування в будь яку несприятливу погоду. Водонепроникність 10000 мм. Повітропроникність 5000 гр/м&sup2;.</p>
<p>Надсучасний утеплювач Hollowsoft&trade; active 300 гр/м&sup2; гарантує відмінну теплоізоляцію та не втягує вологу ззовні. М&rsquo;яка структура волокна не стримує природний рух і підвищує відчуття комфорту в одязі.</p>
<p>Підкладка:</p>
<p>Груди та спинка - антипілінговий фліс Polar.</p>
<p>Рукави та штанини - високоякісний підкладковий атлас, який є запорукою легкого та зручного одягання. А для найменших (у моделях 74 розміру) є тканеві відвороти на рукавах та штанинах, тому цей комбінезон можна використовувати вже з 6 місяців.</p>
<p>Крій капюшону забезпечує його щільне прилягання до голови дитини та створює надійний захист від вітру та дощу.</p>
<p>Еластичні манжети на рукавах та штанинах, резинка на талії та вільний продуманий крій дозволяють дитині вільно рухатись.</p>
<p>Довга застібка, захищена внутрішньою вітрозахисною планкою, сприяє швидкому одяганню.</p>
<p>Силіконові штрипки не дозволяють штанинам підстрибувати, коли малюк активно рухається.</p>
<p>Зручна кишенька стане у пригоді для зберігання дитячих скарбів.</p>
<p>Зверніть увагу, що комбінезон має близько 6 см для зростання.</p>
<p>Температурний режим від +5 до - 20&deg;С.</p>"
DR-1891-92,DR-1891-74,Комбінезон зимовий Аполло Бежевий,Комбінезон зимовий Аполло Бежевий 92/98 см,Одяг/Комбінезони,92/98,2295,UAH,В наявності,Да,ДоРечі,Google Feed for Merchant Center,"https://dorechi.ua/content/images/18/apollo_beige_92-62070731519062_+a738eaf3e6.jpg;https://dorechi.ua/content/images/15/apollo_beige_74-66145451105035_+acaa4815ae.jpg;https://dorechi.ua/content/images/15/apollo_beige_74-74703694042189_+4dc9183822.jpg;https://dorechi.ua/content/images/15/apollo_beige_74-55717679526723_+cc88c66ca8.jpg;https://dorechi.ua/content/images/15/apollo_beige_74-32830146572829_+289feb0e8e.jpg;https://dorechi.ua/content/images/15/apollo_beige_74-69863887458853_+28ff269005.jpg;https://dorechi.ua/content/images/15/apollo_beige_74-35311480771022_+ac6e25d8ad.jpg;https://dorechi.ua/content/images/15/apollo_beige_74-34835335484058_+34a3474e5a.jpg","<p>Зимовий комбінезон Аполло ДоРечі - це 100% впевненості у теплі та комфорті вашої дитини.</p>
<p>Він дуже практичний та зручний. Оздоблений великою кількістю світловідбивних елементів для безпеки на дорозі у темний час доби.</p>
<p>Верх - мембранна тканина, яка забезпечить вітронепродуваємість та водовідштовхування в будь яку несприятливу погоду. Водонепроникність 10000 мм. Повітропроникність 5000 гр/м&sup2;.</p>
<p>Надсучасний утеплювач Hollowsoft&trade; active 300 гр/м&sup2; гарантує відмінну теплоізоляцію та не втягує вологу ззовні. М&rsquo;яка структура волокна не стримує природний рух і підвищує відчуття комфорту в одязі.</p>
<p>Підкладка:</p>
<p>Груди та спинка - антипілінговий фліс Polar.</p>
<p>Рукави та штанини - високоякісний підкладковий атлас, який є запорукою легкого та зручного одягання. А для найменших (у моделях 74 розміру) є тканеві відвороти на рукавах та штанинах, тому цей комбінезон можна використовувати вже з 6 місяців.</p>
<p>Крій капюшону забезпечує його щільне прилягання до голови дитини та створює надійний захист від вітру та дощу.</p>
<p>Еластичні манжети на рукавах та штанинах, резинка на талії та вільний продуманий крій дозволяють дитині вільно рухатись.</p>
<p>Довга застібка, захищена внутрішньою вітрозахисною планкою, сприяє швидкому одяганню.</p>
<p>Силіконові штрипки не дозволяють штанинам підстрибувати, коли малюк активно рухається.</p>
<p>Зручна кишенька стане у пригоді для зберігання дитячих скарбів.</p>
<p>Зверніть увагу, що комбінезон має близько 6 см для зростання.</p>
<p>Температурний режим від +5 до - 20&deg;С.</p>"
DR-1894-74-N,DR-1894-74-N,Комбінезон зимовий Аполло Синій,Комбінезон зимовий Аполло Синій 74/80 см,Одяг/Комбінезони,74/80,2295,UAH,В наявності,Да,ДоРечі,Google Feed for Merchant Center,"https://dorechi.ua/content/images/42/new_apollo_navy_blue_74-76783596012920_+a7e7bf98ba.jpg;https://dorechi.ua/content/images/42/26725529292780_+574ac7d8b1.jpeg;https://dorechi.ua/content/images/14/apollo_navy_blue_80-98252445991469_+e5f30e24f9.jpg;https://dorechi.ua/content/images/42/66475701063330_+0fa20d4f53.jpeg;https://dorechi.ua/content/images/14/apollo_navy_blue_80-93291804712118_+d14faa1b55.jpg;https://dorechi.ua/content/images/42/new_apollo_navy_blue_74-49485393287368_+ea07801538.jpg;https://dorechi.ua/content/images/42/new_apollo_navy_blue_74-74639627416010_+01e3bf2862.jpg;https://dorechi.ua/content/images/42/new_apollo_navy_blue_74-29144067758108_+1ce3ccb1bf.jpeg;https://dorechi.ua/content/images/42/new_apollo_navy_blue_74-99968664936604_+db82969327.jpg","<p>Зимовий комбінезон Аполло ДоРечі надасть 100% впевненості у теплі та комфорті вашої дитини. Ми створили комбінезон Аполло таким надійним, щоб, у разі необхідності, його можна було захопити з собою в далеку подорож у космос.</p>

<p>Він дуже практичний та зручний. Оздоблений великою кількістю світловідбивних елементів для безпеки на дорозі у темний час доби.</p>

<p>Верх - мембранна тканина, яка забезпечить вітронепродуваємість та водовідштовхування в будь яку несприятливу погоду. Водонепроникність 10000 мм. Повітропроникність 5000 гр/м&sup2;.</p>

<p>Надсучасний утеплювач Hollowsoft&trade; 300 гр/м&sup2; гарантує відмінну теплоізоляцію та не втягує вологу ззовні. М&rsquo;яка структура волокна не стримує природний рух і підвищує відчуття комфорту в одязі.</p>

<p>Підкладка: </p>

<ul>
	<li>Груди та спинка - антипілінговий фліс Polar.</li>
	<li>Рукави та штанини - високоякісний підкладковий атлас, який є запорукою легкого та зручного одягання.</li>
</ul>

<p>Крій капюшону забезпечує його щільне прилягання до голови дитини та створює надійний захист від вітру та дощу. До речі, за бажання, Ви можете придбати модель з додатковою опушкою з м&rsquo;якого штучного хутра на капюшоні. </p>

<p>Еластичні манжети на рукавах та штанинах, резинка на талії та вільний продуманий крій дозволяють дитині вільно рухатись.</p>

<p>Довга застібка, захищена внутрішньою вітрозахисною планкою, сприяє швидкому одяганню.</p>

<p>Силіконові штрипки не дозволяють штанинам підстрибувати, коли малюк активно рухається.</p>

<p>Зручна кишенька стане у пригоді для зберегання дитячих скарбів.</p>

<p>Температурний режим від +5 до - 20&deg;С.</p>"
DR-1894-86-N,DR-1894-74-N,Комбінезон зимовий Аполло Синій,Комбінезон зимовий Аполло Синій 86/92 см,Одяг/Комбінезони,86/92,2295,UAH,В наявності,Да,ДоРечі,Google Feed for Merchant Center,"https://dorechi.ua/content/images/15/apollo_navy_blue_86-49475416456528_+caf8749167.jpg;https://dorechi.ua/content/images/14/apollo_navy_blue_80-98252445991469_+e5f30e24f9.jpg;https://dorechi.ua/content/images/42/26725529292780_+574ac7d8b1.jpeg;https://dorechi.ua/content/images/14/apollo_navy_blue_80-93291804712118_+d14faa1b55.jpg;https://dorechi.ua/content/images/42/66475701063330_+0fa20d4f53.jpeg;https://dorechi.ua/content/images/42/new_apollo_navy_blue_74-49485393287368_+ea07801538.jpg;https://dorechi.ua/content/images/42/new_apollo_navy_blue_74-74639627416010_+01e3bf2862.jpg;https://dorechi.ua/content/images/42/new_apollo_navy_blue_74-29144067758108_+1ce3ccb1bf.jpeg;https://dorechi.ua/content/images/42/new_apollo_navy_blue_74-99968664936604_+db82969327.jpg","<p>Зимовий комбінезон Аполло ДоРечі надасть 100% впевненості у теплі та комфорті вашої дитини. Ми створили комбінезон Аполло таким надійним, щоб, у разі необхідності, його можна було захопити з собою в далеку подорож у космос.</p>

<p>Він дуже практичний та зручний. Оздоблений великою кількістю світловідбивних елементів для безпеки на дорозі у темний час доби.</p>

<p>Верх - мембранна тканина, яка забезпечить вітронепродуваємість та водовідштовхування в будь яку несприятливу погоду. Водонепроникність 10000 мм. Повітропроникність 5000 гр/м&sup2;.</p>

<p>Надсучасний утеплювач Hollowsoft&trade; 300 гр/м&sup2; гарантує відмінну теплоізоляцію та не втягує вологу ззовні. М&rsquo;яка структура волокна не стримує природний рух і підвищує відчуття комфорту в одязі.</p>

<p>Підкладка: </p>

<ul>
	<li>Груди та спинка - антипілінговий фліс Polar.</li>
	<li>Рукави та штанини - високоякісний підкладковий атлас, який є запорукою легкого та зручного одягання.</li>
</ul>

<p>Крій капюшону забезпечує його щільне прилягання до голови дитини та створює надійний захист від вітру та дощу. До речі, за бажання, Ви можете придбати модель з додатковою опушкою з м&rsquo;якого штучного хутра на капюшоні. </p>

<p>Еластичні манжети на рукавах та штанинах, резинка на талії та вільний продуманий крій дозволяють дитині вільно рухатись.</p>

<p>Довга застібка, захищена внутрішньою вітрозахисною планкою, сприяє швидкому одяганню.</p>

<p>Силіконові штрипки не дозволяють штанинам підстрибувати, коли малюк активно рухається.</p>

<p>Зручна кишенька стане у пригоді для зберегання дитячих скарбів.</p>

<p>Температурний режим від +5 до - 20&deg;С.</p>"
DR-1894-92-N,DR-1894-74-N,Комбінезон зимовий Аполло Синій,Комбінезон зимовий Аполло Синій 92/98 см,Одяг/Комбінезони,92/98,2295,UAH,Немає в наявності,Да,ДоРечі,Google Feed for Merchant Center,"https://dorechi.ua/content/images/16/apollo_navy_blue_92-86721140322691_+415d88db5d.jpg;https://dorechi.ua/content/images/42/26725529292780_+574ac7d8b1.jpeg;https://dorechi.ua/content/images/14/apollo_navy_blue_80-98252445991469_+e5f30e24f9.jpg;https://dorechi.ua/content/images/42/66475701063330_+0fa20d4f53.jpeg;https://dorechi.ua/content/images/14/apollo_navy_blue_80-93291804712118_+d14faa1b55.jpg;https://dorechi.ua/content/images/42/new_apollo_navy_blue_74-49485393287368_+ea07801538.jpg;https://dorechi.ua/content/images/42/new_apollo_navy_blue_74-74639627416010_+01e3bf2862.jpg;https://dorechi.ua/content/images/42/new_apollo_navy_blue_74-29144067758108_+1ce3ccb1bf.jpeg;https://dorechi.ua/content/images/42/new_apollo_navy_blue_74-99968664936604_+db82969327.jpg","<p>Зимовий комбінезон Аполло ДоРечі надасть 100% впевненості у теплі та комфорті вашої дитини. Ми створили комбінезон Аполло таким надійним, щоб, у разі необхідності, його можна було захопити з собою в далеку подорож у космос.</p>

<p>Він дуже практичний та зручний. Оздоблений великою кількістю світловідбивних елементів для безпеки на дорозі у темний час доби.</p>

<p>Верх - мембранна тканина, яка забезпечить вітронепродуваємість та водовідштовхування в будь яку несприятливу погоду. Водонепроникність 10000 мм. Повітропроникність 5000 гр/м&sup2;.</p>

<p>Надсучасний утеплювач Hollowsoft&trade; 300 гр/м&sup2; гарантує відмінну теплоізоляцію та не втягує вологу ззовні. М&rsquo;яка структура волокна не стримує природний рух і підвищує відчуття комфорту в одязі.</p>

<p>Підкладка: </p>

<ul>
	<li>Груди та спинка - антипілінговий фліс Polar.</li>
	<li>Рукави та штанини - високоякісний підкладковий атлас, який є запорукою легкого та зручного одягання.</li>
</ul>

<p>Крій капюшону забезпечує його щільне прилягання до голови дитини та створює надійний захист від вітру та дощу. До речі, за бажання, Ви можете придбати модель з додатковою опушкою з м&rsquo;якого штучного хутра на капюшоні. </p>

<p>Еластичні манжети на рукавах та штанинах, резинка на талії та вільний продуманий крій дозволяють дитині вільно рухатись.</p>

<p>Довга застібка, захищена внутрішньою вітрозахисною планкою, сприяє швидкому одяганню.</p>

<p>Силіконові штрипки не дозволяють штанинам підстрибувати, коли малюк активно рухається.</p>

<p>Зручна кишенька стане у пригоді для зберегання дитячих скарбів.</p>

<p>Температурний режим від +5 до - 20&deg;С.</p>"
DR-2075-74,DR-2075-74,Комбінезон зимовий Аполло Зелений,Комбінезон зимовий Аполло Зелений 74/80 см,Одяг/Комбінезони,74/80,2295,UAH,В наявності,Да,ДоРечі,Google Feed for Merchant Center,"https://dorechi.ua/content/images/36/apollo_green_74-77503072943446_+7627aea6e7.jpg;https://dorechi.ua/content/images/36/apollo_green_74-25707839331361_+10d3a804c4.jpg;https://dorechi.ua/content/images/36/apollo_green_74-68766709843449_+fdc37b5434.jpg;https://dorechi.ua/content/images/36/apollo_green_74-61138235202533_+df3dceb8b6.jpg;https://dorechi.ua/content/images/36/apollo_green_74-18197544642694_+f338ec9569.jpg;https://dorechi.ua/content/images/36/apollo_green_74-28508797979046_+8c7ba231f6.jpg;https://dorechi.ua/content/images/36/apollo_green_74-93742491907798_+564314cdde.jpg;https://dorechi.ua/content/images/36/apollo_green_74-92735416605787_+b196698987.jpg;https://dorechi.ua/content/images/36/apollo_green_74-89490613220087_+da9994eab3.jpg","<p>Зимовий комбінезон Аполло ДоРечі - це 100% впевненості у теплі та комфорті вашої дитини.</p>
<p>Він дуже практичний та зручний. Оздоблений великою кількістю світловідбивних елементів для безпеки на дорозі у темний час доби.</p>
<p>Верх - мембранна тканина, яка забезпечить вітронепродуваємість та водовідштовхування в будь яку несприятливу погоду. Водонепроникність 10000 мм. Повітропроникність 5000 гр/м&sup2;.</p>
<p>Надсучасний утеплювач Hollowsoft&trade; active 300 гр/м&sup2; гарантує відмінну теплоізоляцію та не втягує вологу ззовні. М&rsquo;яка структура волокна не стримує природний рух і підвищує відчуття комфорту в одязі.</p>
<p>Підкладка:</p>
<p>Груди та спинка - антипілінговий фліс Polar.</p>
<p>Рукави та штанини - високоякісний підкладковий атлас, який є запорукою легкого та зручного одягання. А для найменших (у моделях 74 розміру) є тканеві відвороти на рукавах та штанинах, тому цей комбінезон можна використовувати вже з 6 місяців.</p>
<p>Крій капюшону забезпечує його щільне прилягання до голови дитини та створює надійний захист від вітру та дощу.</p>
<p>Еластичні манжети на рукавах та штанинах, резинка на талії та вільний продуманий крій дозволяють дитині вільно рухатись.</p>
<p>Довга застібка, захищена внутрішньою вітрозахисною планкою, сприяє швидкому одяганню.</p>
<p>Силіконові штрипки не дозволяють штанинам підстрибувати, коли малюк активно рухається.</p>
<p>Зручна кишенька стане у пригоді для зберігання дитячих скарбів.</p>
<p>Зверніть увагу, що комбінезон має близько 6 см для зростання.</p>
<p>Температурний режим від +5 до - 20&deg;С.</p>"
DR-2075-80,DR-2075-74,Комбінезон зимовий Аполло Зелений,Комбінезон зимовий Аполло Зелений 80/86 см,Одяг/Комбінезони,80/86,2295,UAH,В наявності,Да,ДоРечі,Google Feed for Merchant Center,"https://dorechi.ua/content/images/37/apollo_green_80-37893662635468_+fb6dc83aff.jpg;https://dorechi.ua/content/images/36/apollo_green_74-25707839331361_+10d3a804c4.jpg;https://dorechi.ua/content/images/36/apollo_green_74-68766709843449_+fdc37b5434.jpg;https://dorechi.ua/content/images/36/apollo_green_74-61138235202533_+df3dceb8b6.jpg;https://dorechi.ua/content/images/36/apollo_green_74-18197544642694_+f338ec9569.jpg;https://dorechi.ua/content/images/36/apollo_green_74-28508797979046_+8c7ba231f6.jpg;https://dorechi.ua/content/images/36/apollo_green_74-93742491907798_+564314cdde.jpg;https://dorechi.ua/content/images/36/apollo_green_74-92735416605787_+b196698987.jpg;https://dorechi.ua/content/images/36/apollo_green_74-89490613220087_+da9994eab3.jpg","<p>Зимовий комбінезон Аполло ДоРечі - це 100% впевненості у теплі та комфорті вашої дитини.</p>
<p>Він дуже практичний та зручний. Оздоблений великою кількістю світловідбивних елементів для безпеки на дорозі у темний час доби.</p>
<p>Верх - мембранна тканина, яка забезпечить вітронепродуваємість та водовідштовхування в будь яку несприятливу погоду. Водонепроникність 10000 мм. Повітропроникність 5000 гр/м&sup2;.</p>
<p>Надсучасний утеплювач Hollowsoft&trade; active 300 гр/м&sup2; гарантує відмінну теплоізоляцію та не втягує вологу ззовні. М&rsquo;яка структура волокна не стримує природний рух і підвищує відчуття комфорту в одязі.</p>
<p>Підкладка:</p>
<p>Груди та спинка - антипілінговий фліс Polar.</p>
<p>Рукави та штанини - високоякісний підкладковий атлас, який є запорукою легкого та зручного одягання. А для найменших (у моделях 74 розміру) є тканеві відвороти на рукавах та штанинах, тому цей комбінезон можна використовувати вже з 6 місяців.</p>
<p>Крій капюшону забезпечує його щільне прилягання до голови дитини та створює надійний захист від вітру та дощу.</p>
<p>Еластичні манжети на рукавах та штанинах, резинка на талії та вільний продуманий крій дозволяють дитині вільно рухатись.</p>
<p>Довга застібка, захищена внутрішньою вітрозахисною планкою, сприяє швидкому одяганню.</p>
<p>Силіконові штрипки не дозволяють штанинам підстрибувати, коли малюк активно рухається.</p>
<p>Зручна кишенька стане у пригоді для зберігання дитячих скарбів.</p>
<p>Зверніть увагу, що комбінезон має близько 6 см для зростання.</p>
<p>Температурний режим від +5 до - 20&deg;С.</p>"
DR-2075-86,DR-2075-74,Комбінезон зимовий Аполло Зелений,Комбінезон зимовий Аполло Зелений 86/92 см,Одяг/Комбінезони,86/92,2295,UAH,В наявності,Да,ДоРечі,Google Feed for Merchant Center,"https://dorechi.ua/content/images/38/apollo_green_86-69096349075147_+6cc8f55a84.jpg;https://dorechi.ua/content/images/36/apollo_green_74-25707839331361_+10d3a804c4.jpg;https://dorechi.ua/content/images/36/apollo_green_74-68766709843449_+fdc37b5434.jpg;https://dorechi.ua/content/images/36/apollo_green_74-61138235202533_+df3dceb8b6.jpg;https://dorechi.ua/content/images/36/apollo_green_74-18197544642694_+f338ec9569.jpg;https://dorechi.ua/content/images/36/apollo_green_74-28508797979046_+8c7ba231f6.jpg;https://dorechi.ua/content/images/36/apollo_green_74-93742491907798_+564314cdde.jpg;https://dorechi.ua/content/images/36/apollo_green_74-92735416605787_+b196698987.jpg;https://dorechi.ua/content/images/36/apollo_green_74-89490613220087_+da9994eab3.jpg","<p>Зимовий комбінезон Аполло ДоРечі - це 100% впевненості у теплі та комфорті вашої дитини.</p>
<p>Він дуже практичний та зручний. Оздоблений великою кількістю світловідбивних елементів для безпеки на дорозі у темний час доби.</p>
<p>Верх - мембранна тканина, яка забезпечить вітронепродуваємість та водовідштовхування в будь яку несприятливу погоду. Водонепроникність 10000 мм. Повітропроникність 5000 гр/м&sup2;.</p>
<p>Надсучасний утеплювач Hollowsoft&trade; active 300 гр/м&sup2; гарантує відмінну теплоізоляцію та не втягує вологу ззовні. М&rsquo;яка структура волокна не стримує природний рух і підвищує відчуття комфорту в одязі.</p>
<p>Підкладка:</p>
<p>Груди та спинка - антипілінговий фліс Polar.</p>
<p>Рукави та штанини - високоякісний підкладковий атлас, який є запорукою легкого та зручного одягання. А для найменших (у моделях 74 розміру) є тканеві відвороти на рукавах та штанинах, тому цей комбінезон можна використовувати вже з 6 місяців.</p>
<p>Крій капюшону забезпечує його щільне прилягання до голови дитини та створює надійний захист від вітру та дощу.</p>
<p>Еластичні манжети на рукавах та штанинах, резинка на талії та вільний продуманий крій дозволяють дитині вільно рухатись.</p>
<p>Довга застібка, захищена внутрішньою вітрозахисною планкою, сприяє швидкому одяганню.</p>
<p>Силіконові штрипки не дозволяють штанинам підстрибувати, коли малюк активно рухається.</p>
<p>Зручна кишенька стане у пригоді для зберігання дитячих скарбів.</p>
<p>Зверніть увагу, що комбінезон має близько 6 см для зростання.</p>
<p>Температурний режим від +5 до - 20&deg;С.</p>"
DR-2075-92,DR-2075-74,Комбінезон зимовий Аполло Зелений,Комбінезон зимовий Аполло Зелений 92/98 см,Одяг/Комбінезони,92/98,2295,UAH,В наявності,Да,ДоРечі,Google Feed for Merchant Center,"https://dorechi.ua/content/images/39/apollo_green_92-19696119605158_+de5d70f081.jpg;https://dorechi.ua/content/images/36/apollo_green_74-25707839331361_+10d3a804c4.jpg;https://dorechi.ua/content/images/36/apollo_green_74-68766709843449_+fdc37b5434.jpg;https://dorechi.ua/content/images/36/apollo_green_74-61138235202533_+df3dceb8b6.jpg;https://dorechi.ua/content/images/36/apollo_green_74-18197544642694_+f338ec9569.jpg;https://dorechi.ua/content/images/36/apollo_green_74-28508797979046_+8c7ba231f6.jpg;https://dorechi.ua/content/images/36/apollo_green_74-93742491907798_+564314cdde.jpg;https://dorechi.ua/content/images/36/apollo_green_74-92735416605787_+b196698987.jpg;https://dorechi.ua/content/images/36/apollo_green_74-89490613220087_+da9994eab3.jpg","<p>Зимовий комбінезон Аполло ДоРечі - це 100% впевненості у теплі та комфорті вашої дитини.</p>
<p>Він дуже практичний та зручний. Оздоблений великою кількістю світловідбивних елементів для безпеки на дорозі у темний час доби.</p>
<p>Верх - мембранна тканина, яка забезпечить вітронепродуваємість та водовідштовхування в будь яку несприятливу погоду. Водонепроникність 10000 мм. Повітропроникність 5000 гр/м&sup2;.</p>
<p>Надсучасний утеплювач Hollowsoft&trade; active 300 гр/м&sup2; гарантує відмінну теплоізоляцію та не втягує вологу ззовні. М&rsquo;яка структура волокна не стримує природний рух і підвищує відчуття комфорту в одязі.</p>
<p>Підкладка:</p>
<p>Груди та спинка - антипілінговий фліс Polar.</p>
<p>Рукави та штанини - високоякісний підкладковий атлас, який є запорукою легкого та зручного одягання. А для найменших (у моделях 74 розміру) є тканеві відвороти на рукавах та штанинах, тому цей комбінезон можна використовувати вже з 6 місяців.</p>
<p>Крій капюшону забезпечує його щільне прилягання до голови дитини та створює надійний захист від вітру та дощу.</p>
<p>Еластичні манжети на рукавах та штанинах, резинка на талії та вільний продуманий крій дозволяють дитині вільно рухатись.</p>
<p>Довга застібка, захищена внутрішньою вітрозахисною планкою, сприяє швидкому одяганню.</p>
<p>Силіконові штрипки не дозволяють штанинам підстрибувати, коли малюк активно рухається.</p>
<p>Зручна кишенька стане у пригоді для зберігання дитячих скарбів.</p>
<p>Зверніть увагу, що комбінезон має близько 6 см для зростання.</p>
<p>Температурний режим від +5 до - 20&deg;С.</p>"
DR-2076-74,DR-2076-74,Комбінезон зимовий Аполло Чорний,Комбінезон зимовий Аполло Чорний 74/80 см,Одяг/Комбінезони,74/80,2295,UAH,В наявності,Да,ДоРечі,Google Feed for Merchant Center,"https://dorechi.ua/content/images/40/apollo_black_74-55152087162623_+d406ceb5f9.jpg;https://dorechi.ua/content/images/40/apollo_black_74-99191424896831_+8659c4a0bd.jpg;https://dorechi.ua/content/images/40/apollo_black_74-43646674735926_+4a9d2a921f.jpg;https://dorechi.ua/content/images/43/apollo_black_92-49187315120529_+46b9a9da66.jpg;https://dorechi.ua/content/images/40/apollo_black_74-92177575475106_+aaf13d4cb8.jpg;https://dorechi.ua/content/images/40/apollo_black_74-13959137563726_+bc731327e9.jpg;https://dorechi.ua/content/images/40/apollo_black_74-84693816725853_+18b11b63b6.jpg;https://dorechi.ua/content/images/40/apollo_black_74-72532934749379_+01193d2445.jpg;https://dorechi.ua/content/images/40/apollo_black_74-31555854984860_+80f0456d9a.jpg","<p>Зимовий комбінезон Аполло ДоРечі надасть 100% впевненості у теплі та комфорті вашої дитини. Ми створили комбінезон Аполло таким надійним, щоб, у разі необхідності, його можна було захопити з собою в далеку подорож у космос.</p> <p>Він дуже практичний та зручний. Оздоблений великою кількістю світловідбивних елементів для безпеки на дорозі у темний час доби.</p> <p>Верх - мембранна тканина, яка забезпечить вітронепродуваємість та водовідштовхування в будь яку несприятливу погоду. Водонепроникність 10000 мм. Повітропроникність 5000 гр/м&sup2;.</p> <p>Надсучасний утеплювач Hollowsoft&trade; 300 гр/м&sup2; гарантує відмінну теплоізоляцію та не втягує вологу ззовні. М&rsquo;яка структура волокна не стримує природний рух і підвищує відчуття комфорту в одязі.</p> <p>Підкладка: </p> <ul> <li>Груди та спинка - антипілінговий фліс Polar.</li> <li>Рукави та штанини - високоякісний підкладковий атлас, який є запорукою легкого та зручного одягання.</li>
</ul> <p>Крій капюшону забезпечує його щільне прилягання до голови дитини та створює надійний захист від вітру та дощу. До речі, за бажання, Ви можете придбати модель з додатковою опушкою з м&rsquo;якого штучного хутра на капюшоні. </p> <p>Еластичні манжети на рукавах та штанинах, резинка на талії та вільний продуманий крій дозволяють дитині вільно рухатись.</p> <p>Довга застібка, захищена внутрішньою вітрозахисною планкою, сприяє швидкому одяганню.</p> <p>Силіконові штрипки не дозволяють штанинам підстрибувати, коли малюк активно рухається.</p> <p>Зручна кишенька стане у пригоді для зберегання дитячих скарбів.</p> <p>Температурний режим від +5 до - 20&deg;С.</p>"
DR-2076-80,DR-2076-74,Комбінезон зимовий Аполло Чорний,Комбінезон зимовий Аполло Чорний 80/86 см,Одяг/Комбінезони,80/86,2295,UAH,В наявності,Да,ДоРечі,Google Feed for Merchant Center,"https://dorechi.ua/content/images/41/apollo_black_80-60389730752653_+84cf8578b6.jpg;https://dorechi.ua/content/images/40/apollo_black_74-99191424896831_+8659c4a0bd.jpg;https://dorechi.ua/content/images/40/apollo_black_74-43646674735926_+4a9d2a921f.jpg;https://dorechi.ua/content/images/43/apollo_black_92-49187315120529_+46b9a9da66.jpg;https://dorechi.ua/content/images/40/apollo_black_74-92177575475106_+aaf13d4cb8.jpg;https://dorechi.ua/content/images/40/apollo_black_74-13959137563726_+bc731327e9.jpg;https://dorechi.ua/content/images/40/apollo_black_74-84693816725853_+18b11b63b6.jpg;https://dorechi.ua/content/images/40/apollo_black_74-72532934749379_+01193d2445.jpg;https://dorechi.ua/content/images/40/apollo_black_74-31555854984860_+80f0456d9a.jpg","<p>Зимовий комбінезон Аполло ДоРечі надасть 100% впевненості у теплі та комфорті вашої дитини. Ми створили комбінезон Аполло таким надійним, щоб, у разі необхідності, його можна було захопити з собою в далеку подорож у космос.</p> <p>Він дуже практичний та зручний. Оздоблений великою кількістю світловідбивних елементів для безпеки на дорозі у темний час доби.</p> <p>Верх - мембранна тканина, яка забезпечить вітронепродуваємість та водовідштовхування в будь яку несприятливу погоду. Водонепроникність 10000 мм. Повітропроникність 5000 гр/м&sup2;.</p> <p>Надсучасний утеплювач Hollowsoft&trade; 300 гр/м&sup2; гарантує відмінну теплоізоляцію та не втягує вологу ззовні. М&rsquo;яка структура волокна не стримує природний рух і підвищує відчуття комфорту в одязі.</p> <p>Підкладка: </p> <ul> <li>Груди та спинка - антипілінговий фліс Polar.</li> <li>Рукави та штанини - високоякісний підкладковий атлас, який є запорукою легкого та зручного одягання.</li>
</ul> <p>Крій капюшону забезпечує його щільне прилягання до голови дитини та створює надійний захист від вітру та дощу. До речі, за бажання, Ви можете придбати модель з додатковою опушкою з м&rsquo;якого штучного хутра на капюшоні. </p> <p>Еластичні манжети на рукавах та штанинах, резинка на талії та вільний продуманий крій дозволяють дитині вільно рухатись.</p> <p>Довга застібка, захищена внутрішньою вітрозахисною планкою, сприяє швидкому одяганню.</p> <p>Силіконові штрипки не дозволяють штанинам підстрибувати, коли малюк активно рухається.</p> <p>Зручна кишенька стане у пригоді для зберегання дитячих скарбів.</p> <p>Температурний режим від +5 до - 20&deg;С.</p>"
DR-2076-86,DR-2076-74,Комбінезон зимовий Аполло Чорний,Комбінезон зимовий Аполло Чорний 86/92 см,Одяг/Комбінезони,86/92,2295,UAH,В наявності,Да,ДоРечі,Google Feed for Merchant Center,"https://dorechi.ua/content/images/42/apollo_black_86-59330121561681_+6210a2a9f2.jpg;https://dorechi.ua/content/images/40/apollo_black_74-99191424896831_+8659c4a0bd.jpg;https://dorechi.ua/content/images/40/apollo_black_74-43646674735926_+4a9d2a921f.jpg;https://dorechi.ua/content/images/43/apollo_black_92-49187315120529_+46b9a9da66.jpg;https://dorechi.ua/content/images/40/apollo_black_74-92177575475106_+aaf13d4cb8.jpg;https://dorechi.ua/content/images/40/apollo_black_74-13959137563726_+bc731327e9.jpg;https://dorechi.ua/content/images/40/apollo_black_74-84693816725853_+18b11b63b6.jpg;https://dorechi.ua/content/images/40/apollo_black_74-72532934749379_+01193d2445.jpg;https://dorechi.ua/content/images/40/apollo_black_74-31555854984860_+80f0456d9a.jpg","<p>Зимовий комбінезон Аполло ДоРечі надасть 100% впевненості у теплі та комфорті вашої дитини. Ми створили комбінезон Аполло таким надійним, щоб, у разі необхідності, його можна було захопити з собою в далеку подорож у космос.</p> <p>Він дуже практичний та зручний. Оздоблений великою кількістю світловідбивних елементів для безпеки на дорозі у темний час доби.</p> <p>Верх - мембранна тканина, яка забезпечить вітронепродуваємість та водовідштовхування в будь яку несприятливу погоду. Водонепроникність 10000 мм. Повітропроникність 5000 гр/м&sup2;.</p> <p>Надсучасний утеплювач Hollowsoft&trade; 300 гр/м&sup2; гарантує відмінну теплоізоляцію та не втягує вологу ззовні. М&rsquo;яка структура волокна не стримує природний рух і підвищує відчуття комфорту в одязі.</p> <p>Підкладка: </p> <ul> <li>Груди та спинка - антипілінговий фліс Polar.</li> <li>Рукави та штанини - високоякісний підкладковий атлас, який є запорукою легкого та зручного одягання.</li>
</ul> <p>Крій капюшону забезпечує його щільне прилягання до голови дитини та створює надійний захист від вітру та дощу. До речі, за бажання, Ви можете придбати модель з додатковою опушкою з м&rsquo;якого штучного хутра на капюшоні. </p> <p>Еластичні манжети на рукавах та штанинах, резинка на талії та вільний продуманий крій дозволяють дитині вільно рухатись.</p> <p>Довга застібка, захищена внутрішньою вітрозахисною планкою, сприяє швидкому одяганню.</p> <p>Силіконові штрипки не дозволяють штанинам підстрибувати, коли малюк активно рухається.</p> <p>Зручна кишенька стане у пригоді для зберегання дитячих скарбів.</p> <p>Температурний режим від +5 до - 20&deg;С.</p>"
DR-2076-92,DR-2076-74,Комбінезон зимовий Аполло Чорний,Комбінезон зимовий Аполло Чорний 92/98 см,Одяг/Комбінезони,92/98,2295,UAH,В наявності,Да,ДоРечі,Google Feed for Merchant Center,"https://dorechi.ua/content/images/43/apollo_black_92-58667193893880_+962740fb73.jpg;https://dorechi.ua/content/images/40/apollo_black_74-99191424896831_+8659c4a0bd.jpg;https://dorechi.ua/content/images/40/apollo_black_74-43646674735926_+4a9d2a921f.jpg;https://dorechi.ua/content/images/43/apollo_black_92-49187315120529_+46b9a9da66.jpg;https://dorechi.ua/content/images/40/apollo_black_74-92177575475106_+aaf13d4cb8.jpg;https://dorechi.ua/content/images/40/apollo_black_74-13959137563726_+bc731327e9.jpg;https://dorechi.ua/content/images/40/apollo_black_74-84693816725853_+18b11b63b6.jpg;https://dorechi.ua/content/images/40/apollo_black_74-72532934749379_+01193d2445.jpg;https://dorechi.ua/content/images/40/apollo_black_74-31555854984860_+80f0456d9a.jpg","<p>Зимовий комбінезон Аполло ДоРечі надасть 100% впевненості у теплі та комфорті вашої дитини. Ми створили комбінезон Аполло таким надійним, щоб, у разі необхідності, його можна було захопити з собою в далеку подорож у космос.</p> <p>Він дуже практичний та зручний. Оздоблений великою кількістю світловідбивних елементів для безпеки на дорозі у темний час доби.</p> <p>Верх - мембранна тканина, яка забезпечить вітронепродуваємість та водовідштовхування в будь яку несприятливу погоду. Водонепроникність 10000 мм. Повітропроникність 5000 гр/м&sup2;.</p> <p>Надсучасний утеплювач Hollowsoft&trade; 300 гр/м&sup2; гарантує відмінну теплоізоляцію та не втягує вологу ззовні. М&rsquo;яка структура волокна не стримує природний рух і підвищує відчуття комфорту в одязі.</p> <p>Підкладка: </p> <ul> <li>Груди та спинка - антипілінговий фліс Polar.</li> <li>Рукави та штанини - високоякісний підкладковий атлас, який є запорукою легкого та зручного одягання.</li>
</ul> <p>Крій капюшону забезпечує його щільне прилягання до голови дитини та створює надійний захист від вітру та дощу. До речі, за бажання, Ви можете придбати модель з додатковою опушкою з м&rsquo;якого штучного хутра на капюшоні. </p> <p>Еластичні манжети на рукавах та штанинах, резинка на талії та вільний продуманий крій дозволяють дитині вільно рухатись.</p> <p>Довга застібка, захищена внутрішньою вітрозахисною планкою, сприяє швидкому одяганню.</p> <p>Силіконові штрипки не дозволяють штанинам підстрибувати, коли малюк активно рухається.</p> <p>Зручна кишенька стане у пригоді для зберегання дитячих скарбів.</p> <p>Температурний режим від +5 до - 20&deg;С.</p>"
DR-2121-74,DR-2121-74,Комбінезон зимовий Аполло Шоколадний,Комбінезон зимовий Аполло Шоколадний 74/80 см,Одяг/Комбінезони,74/80,2295,UAH,В наявності,Да,ДоРечі,Google Feed for Merchant Center,"https://dorechi.ua/content/images/23/apollo_chocolate_74-37021393704337_+52af498e00.jpg;https://dorechi.ua/content/images/23/apollo_chocolate_74-71985698356762_+0656c8f73a.jpg;https://dorechi.ua/content/images/23/apollo_chocolate_74-25698378133766_+b156ebad7c.jpg;https://dorechi.ua/content/images/23/apollo_chocolate_74-90084033579168_+e0f2e2050e.jpg;https://dorechi.ua/content/images/23/apollo_chocolate_74-75422824995932_+2a39cc8833.jpg;https://dorechi.ua/content/images/23/apollo_chocolate_74-70430453773325_+b8c67860f5.jpg;https://dorechi.ua/content/images/23/apollo_chocolate_74-74950670313808_+2325acb75a.jpg;https://dorechi.ua/content/images/23/apollo_chocolate_74-29803747805002_+068ebbe0a7.jpg;https://dorechi.ua/content/images/23/apollo_chocolate_74-94986763118833_+a41831d943.jpg","<p>Зимовий комбінезон Аполло ДоРечі надасть 100% впевненості у теплі та комфорті вашої дитини. Ми створили комбінезон Аполло таким надійним, щоб, у разі необхідності, його можна було захопити з собою в далеку подорож у космос.</p> <p>Він дуже практичний та зручний. Оздоблений великою кількістю світловідбивних елементів для безпеки на дорозі у темний час доби.</p> <p>Верх - мембранна тканина, яка забезпечить вітронепродуваємість та водовідштовхування в будь яку несприятливу погоду. Водонепроникність 10000 мм. Повітропроникність 5000 гр/м&sup2;.</p> <p>Надсучасний утеплювач Hollowsoft&trade; 300 гр/м&sup2; гарантує відмінну теплоізоляцію та не втягує вологу ззовні. М&rsquo;яка структура волокна не стримує природний рух і підвищує відчуття комфорту в одязі.</p> <p>Підкладка: </p> <ul> <li>Груди та спинка - антипілінговий фліс Polar.</li> <li>Рукави та штанини - високоякісний підкладковий атлас, який є запорукою легкого та зручного одягання.</li>
</ul> <p>Крій капюшону забезпечує його щільне прилягання до голови дитини та створює надійний захист від вітру та дощу. До речі, за бажання, Ви можете придбати модель з додатковою опушкою з м&rsquo;якого штучного хутра на капюшоні. </p> <p>Еластичні манжети на рукавах та штанинах, резинка на талії та вільний продуманий крій дозволяють дитині вільно рухатись.</p> <p>Довга застібка, захищена внутрішньою вітрозахисною планкою, сприяє швидкому одяганню.</p> <p>Силіконові штрипки не дозволяють штанинам підстрибувати, коли малюк активно рухається.</p> <p>Зручна кишенька стане у пригоді для зберегання дитячих скарбів.</p> <p>Температурний режим від +5 до - 20&deg;С.</p>"
DR-2121-80,DR-2121-74,Комбінезон зимовий Аполло Шоколадний,Комбінезон зимовий Аполло Шоколадний 80/86 см,Одяг/Комбінезони,80/86,2295,UAH,В наявності,Да,ДоРечі,Google Feed for Merchant Center,"https://dorechi.ua/content/images/24/apollo_chocolate_80-88577198008961_+cf77dfcc6d.jpg;https://dorechi.ua/content/images/23/apollo_chocolate_74-71985698356762_+0656c8f73a.jpg;https://dorechi.ua/content/images/23/apollo_chocolate_74-25698378133766_+b156ebad7c.jpg;https://dorechi.ua/content/images/23/apollo_chocolate_74-90084033579168_+e0f2e2050e.jpg;https://dorechi.ua/content/images/23/apollo_chocolate_74-75422824995932_+2a39cc8833.jpg;https://dorechi.ua/content/images/23/apollo_chocolate_74-70430453773325_+b8c67860f5.jpg;https://dorechi.ua/content/images/23/apollo_chocolate_74-74950670313808_+2325acb75a.jpg;https://dorechi.ua/content/images/23/apollo_chocolate_74-29803747805002_+068ebbe0a7.jpg;https://dorechi.ua/content/images/23/apollo_chocolate_74-94986763118833_+a41831d943.jpg","<p>Зимовий комбінезон Аполло ДоРечі надасть 100% впевненості у теплі та комфорті вашої дитини. Ми створили комбінезон Аполло таким надійним, щоб, у разі необхідності, його можна було захопити з собою в далеку подорож у космос.</p> <p>Він дуже практичний та зручний. Оздоблений великою кількістю світловідбивних елементів для безпеки на дорозі у темний час доби.</p> <p>Верх - мембранна тканина, яка забезпечить вітронепродуваємість та водовідштовхування в будь яку несприятливу погоду. Водонепроникність 10000 мм. Повітропроникність 5000 гр/м&sup2;.</p> <p>Надсучасний утеплювач Hollowsoft&trade; 300 гр/м&sup2; гарантує відмінну теплоізоляцію та не втягує вологу ззовні. М&rsquo;яка структура волокна не стримує природний рух і підвищує відчуття комфорту в одязі.</p> <p>Підкладка: </p> <ul> <li>Груди та спинка - антипілінговий фліс Polar.</li> <li>Рукави та штанини - високоякісний підкладковий атлас, який є запорукою легкого та зручного одягання.</li>
</ul> <p>Крій капюшону забезпечує його щільне прилягання до голови дитини та створює надійний захист від вітру та дощу. До речі, за бажання, Ви можете придбати модель з додатковою опушкою з м&rsquo;якого штучного хутра на капюшоні. </p> <p>Еластичні манжети на рукавах та штанинах, резинка на талії та вільний продуманий крій дозволяють дитині вільно рухатись.</p> <p>Довга застібка, захищена внутрішньою вітрозахисною планкою, сприяє швидкому одяганню.</p> <p>Силіконові штрипки не дозволяють штанинам підстрибувати, коли малюк активно рухається.</p> <p>Зручна кишенька стане у пригоді для зберегання дитячих скарбів.</p> <p>Температурний режим від +5 до - 20&deg;С.</p>"
DR-2121-86,DR-2121-74,Комбінезон зимовий Аполло Шоколадний,Комбінезон зимовий Аполло Шоколадний 86/92 см,Одяг/Комбінезони,86/92,2295,UAH,В наявності,Да,ДоРечі,Google Feed for Merchant Center,"https://dorechi.ua/content/images/25/apollo_chocolate_86-85141673918497_+e83e2efcba.jpg;https://dorechi.ua/content/images/23/apollo_chocolate_74-71985698356762_+0656c8f73a.jpg;https://dorechi.ua/content/images/23/apollo_chocolate_74-25698378133766_+b156ebad7c.jpg;https://dorechi.ua/content/images/23/apollo_chocolate_74-90084033579168_+e0f2e2050e.jpg;https://dorechi.ua/content/images/23/apollo_chocolate_74-75422824995932_+2a39cc8833.jpg;https://dorechi.ua/content/images/23/apollo_chocolate_74-70430453773325_+b8c67860f5.jpg;https://dorechi.ua/content/images/23/apollo_chocolate_74-74950670313808_+2325acb75a.jpg;https://dorechi.ua/content/images/23/apollo_chocolate_74-29803747805002_+068ebbe0a7.jpg;https://dorechi.ua/content/images/23/apollo_chocolate_74-94986763118833_+a41831d943.jpg","<p>Зимовий комбінезон Аполло ДоРечі надасть 100% впевненості у теплі та комфорті вашої дитини. Ми створили комбінезон Аполло таким надійним, щоб, у разі необхідності, його можна було захопити з собою в далеку подорож у космос.</p> <p>Він дуже практичний та зручний. Оздоблений великою кількістю світловідбивних елементів для безпеки на дорозі у темний час доби.</p> <p>Верх - мембранна тканина, яка забезпечить вітронепродуваємість та водовідштовхування в будь яку несприятливу погоду. Водонепроникність 10000 мм. Повітропроникність 5000 гр/м&sup2;.</p> <p>Надсучасний утеплювач Hollowsoft&trade; 300 гр/м&sup2; гарантує відмінну теплоізоляцію та не втягує вологу ззовні. М&rsquo;яка структура волокна не стримує природний рух і підвищує відчуття комфорту в одязі.</p> <p>Підкладка: </p> <ul> <li>Груди та спинка - антипілінговий фліс Polar.</li> <li>Рукави та штанини - високоякісний підкладковий атлас, який є запорукою легкого та зручного одягання.</li>
</ul> <p>Крій капюшону забезпечує його щільне прилягання до голови дитини та створює надійний захист від вітру та дощу. До речі, за бажання, Ви можете придбати модель з додатковою опушкою з м&rsquo;якого штучного хутра на капюшоні. </p> <p>Еластичні манжети на рукавах та штанинах, резинка на талії та вільний продуманий крій дозволяють дитині вільно рухатись.</p> <p>Довга застібка, захищена внутрішньою вітрозахисною планкою, сприяє швидкому одяганню.</p> <p>Силіконові штрипки не дозволяють штанинам підстрибувати, коли малюк активно рухається.</p> <p>Зручна кишенька стане у пригоді для зберегання дитячих скарбів.</p> <p>Температурний режим від +5 до - 20&deg;С.</p>"
DR-2121-92,DR-2121-74,Комбінезон зимовий Аполло Шоколадний,Комбінезон зимовий Аполло Шоколадний 92/98 см,Одяг/Комбінезони,92/98,2295,UAH,В наявності,Да,ДоРечі,Google Feed for Merchant Center,"https://dorechi.ua/content/images/26/apollo_chocolate_92-16890551260041_+93a27695a7.jpg;https://dorechi.ua/content/images/23/apollo_chocolate_74-71985698356762_+0656c8f73a.jpg;https://dorechi.ua/content/images/23/apollo_chocolate_74-25698378133766_+b156ebad7c.jpg;https://dorechi.ua/content/images/23/apollo_chocolate_74-90084033579168_+e0f2e2050e.jpg;https://dorechi.ua/content/images/23/apollo_chocolate_74-75422824995932_+2a39cc8833.jpg;https://dorechi.ua/content/images/23/apollo_chocolate_74-70430453773325_+b8c67860f5.jpg;https://dorechi.ua/content/images/23/apollo_chocolate_74-74950670313808_+2325acb75a.jpg;https://dorechi.ua/content/images/23/apollo_chocolate_74-29803747805002_+068ebbe0a7.jpg;https://dorechi.ua/content/images/23/apollo_chocolate_74-94986763118833_+a41831d943.jpg","<p>Зимовий комбінезон Аполло ДоРечі надасть 100% впевненості у теплі та комфорті вашої дитини. Ми створили комбінезон Аполло таким надійним, щоб, у разі необхідності, його можна було захопити з собою в далеку подорож у космос.</p> <p>Він дуже практичний та зручний. Оздоблений великою кількістю світловідбивних елементів для безпеки на дорозі у темний час доби.</p> <p>Верх - мембранна тканина, яка забезпечить вітронепродуваємість та водовідштовхування в будь яку несприятливу погоду. Водонепроникність 10000 мм. Повітропроникність 5000 гр/м&sup2;.</p> <p>Надсучасний утеплювач Hollowsoft&trade; 300 гр/м&sup2; гарантує відмінну теплоізоляцію та не втягує вологу ззовні. М&rsquo;яка структура волокна не стримує природний рух і підвищує відчуття комфорту в одязі.</p> <p>Підкладка: </p> <ul> <li>Груди та спинка - антипілінговий фліс Polar.</li> <li>Рукави та штанини - високоякісний підкладковий атлас, який є запорукою легкого та зручного одягання.</li>
</ul> <p>Крій капюшону забезпечує його щільне прилягання до голови дитини та створює надійний захист від вітру та дощу. До речі, за бажання, Ви можете придбати модель з додатковою опушкою з м&rsquo;якого штучного хутра на капюшоні. </p> <p>Еластичні манжети на рукавах та штанинах, резинка на талії та вільний продуманий крій дозволяють дитині вільно рухатись.</p> <p>Довга застібка, захищена внутрішньою вітрозахисною планкою, сприяє швидкому одяганню.</p> <p>Силіконові штрипки не дозволяють штанинам підстрибувати, коли малюк активно рухається.</p> <p>Зручна кишенька стане у пригоді для зберегання дитячих скарбів.</p> <p>Температурний режим від +5 до - 20&deg;С.</p>"
DR-1878-F,DR-1878-F,Кокон Baby XS на флісі Білий,Кокон Baby XS на флісі Білий,Виписка та хрещення/Конверти для новонароджених,,1995,UAH,В наявності,Да,ДоРечі,Google Feed for Merchant Center,https://dorechi.ua/content/images/47/baby-xs-dorechi-white-fleece-91672246347234_+afa7b2909b.jpg,"<p>Затишний зимовий конверт-кокон на флісі Baby XS ДоРечі чудово підходить малятам, що народилися у осіннє-зимовий період. Він стане яскравою прикрасою виписки з пологового будинку та вірним захисником від непогоди під час прогулянок у колясці. Ідеально лягає у будь-яку люльку.</p> <p>Так само теплий, як кокони на овчині і у той же час їх можна прати у пральній машині, на відміну від коконів на овчині, які потребують догляду у хімчистці.</p> <p>Довжина: 75см</p> <p>Ширина: 40 см</p> <p>Верх: мембранна тканина з вітро- та водовідштовхуючим покриттям.</p> <p>Утеплювач: силіконізований синтепон. Щільність 400гр/м2, що вдвічі більше, ніж у конвертах у овчині.</p> <p>Підкладка: густий антиалергенний фліс Polar, на якому практично не утворюється кошлатання.</p> <p>Оздоблений знімною опушкою з високоякісного антиалергенного штучного хутра. Наголошуємо, що натуральні хутра можуть викликати алергічні реакції, тому вони не рекомендовані до використання при виготовленні товарів для новонароджених.</p> <p>Період використання: від народження до 9-10 місяців.</p> <p>Температурний режим +5 - 20 &deg;С</p> <p>Приємними бонусами є:</p> <ul> <li>Можливість регулювання об&rsquo;єму капюшону.</li> <li>Двостороння застібка-блискавка.</li> <li>5 вертикальних отворів для ременів безпеки, які підходять для більшості візочків.</li> <li>Світловідбивні елементи для безпеки на дорозі у темну частину доби.</li> <li>Можливість роз&#39;єднання на 2 частини, та використання кожної з них окремо як накидку чи вкладку у санки.</li>
</ul> <p>Чудово поєднується з муфтами цього ж виробника.</p>"
DR-1883,DR-1883,Кокон Baby XS на овчині Графітовий,Кокон Baby XS на овчині Графітовий,Виписка та хрещення/Конверти для новонароджених,,1995,UAH,В наявності,Да,ДоРечі,Google Feed for Merchant Center,"https://dorechi.ua/content/images/35/18291672140203_+139879e46b.jpg;https://dorechi.ua/content/images/35/baby-xs-dorechi-grafitoviy-95014982503369_+bfee894ba3.jpg;https://dorechi.ua/content/images/35/59512214926968_+3698a76c7d.jpg;https://dorechi.ua/content/images/35/88143122195036_+c9df4711a0.jpg;https://dorechi.ua/content/images/35/58803021404369_+613700e0bb.jpg;https://dorechi.ua/content/images/35/baby-xs-dorechi-grafitoviy-53739912500751_+aa14efde96.jpg","<p>Затишний зимовий конверт-кокон на натуральній овчині Baby XS ДоРечі чудово підходить малятам, що народилися у осіннє-зимовий період. Він стане яскравою прикрасою виписки з пологового будинку та вірним захисником від непогоди під час прогулянок у колясці. Ідеально лягає у будь-яку люльку.</p> <p>Довжина: 75см</p> <p>Ширина: 40 см</p> <p>Верх: мембранна тканина з вітро- та водовідштовхуючим покриттям.</p> <p>Утеплювач: 2х шаровий синтепон.</p> <p>Підкладка: щільна овчина на тканій основі. 100% овечої вовни.</p> <p>Додатково можна придбати опушку зі штучного хутра, який кріпиться на застібку ""молнію"".</p> <p>Період використання: від народження до 9-10 місяців.</p> <p>Приємними бонусами є:</p> <ul> <li>Можливість регулювання об&rsquo;єму капюшону.</li> <li>Двостороння застібка-блискавка.</li> <li>5 вертикальних отворів для ременів безпеки, які підходять для більшості візочків.</li> <li>Світловідбивні елементи для безпеки на дорозі у темну частину доби.</li> <li>Можливість роз&#39;єднання на 2 частини, та використання кожної з них окремо як накидку чи вкладиш у санки.</li>
</ul> <p>Чудово поєднується з муфтами нашого виробництва.</p><span style=""font-family:-webkit-standard, serif"">Хочемо наголосити, що підкладка виробу з натуральної вовни, тому рекомендована суха хімчистка</span></span><br />
<span lang=""RU"" style=""font-size:13.5pt""><span style=""font-family:-webkit-standard, serif"">У домашніх умовах його можна прати руками шампунню чи спеціальним засобом для вовни</span></span><br />
<span lang=""RU"" style=""font-size:13.5pt""><span style=""font-family:-webkit-standard, serif"">Не відтискати у пральній машинці</span></span><br />
<span lang=""RU"" style=""font-size:13.5pt""><span style=""font-family:-webkit-standard, serif"">Після прання в машинці</span></span> <span lang=""RU"" style=""font-size:13.5pt""><span style=""font-family:-webkit-standard, serif"">вовна зкатається та стане схожою на вовняний пледик (хоча це зовсім не страшно, бо своїх теплих властивостей вона все одно не втратить)</span></span></span></span></p>"
DR-1883-F,DR-1883-F,Кокон Baby XS на флісі Графітовий,Кокон Baby XS на флісі Графітовий,Виписка та хрещення/Конверти для новонароджених,,1995,UAH,В наявності,Да,ДоРечі,Google Feed for Merchant Center,"https://dorechi.ua/content/images/49/baby-xs-dorechi-graphite-fleece-79385991789980_+4e63287471.jpg;https://dorechi.ua/content/images/49/baby-xs-dorechi-graphite-fleece-12665595560743_+82379a006b.jpg;https://dorechi.ua/content/images/49/baby-xs-dorechi-graphite-fleece-78307744536552_+96960404be.jpg;https://dorechi.ua/content/images/49/baby-xs-dorechi-graphite-fleece-59484969060019_+5ddf1d02ac.jpeg;https://dorechi.ua/content/images/49/baby-xs-dorechi-graphite-fleece-71417547750943_+77300715c3.jpg","<p>Затишний зимовий флісовий конверт-кокон Baby XS ДоРечі чудово підходить малятам, що народилися у осіннє-зимовий період. Стане яскравою прикрасою виписки з пологового будинку та вірним захисником від непогоди під час прогулянок у колясці. Ідеально лягає у будь-яку люльку.</p> <p>Так само теплий, як кокони на овчині і у той же час їх можна прати у пральній машині, на відміну від коконів на овчині, які потребують догляду у хімчистці.</p> <p>Довжина: 75см</p> <p>Ширина: 40 см</p> <p>Верх: мембранна тканина з вітро- та водовідштовхуючим покриттям.</p> <p>Утеплювач: силіконізований синтепон. Щільність 400гр/м2, що вдвічі більше, ніж у конвертах у овчині.</p> <p>Підкладка: густий антиалергенний фліс Polar, на якому практично не утворюється кошлатання.</p> <p>Є можливість придбати конверт з додатковою опушкою з високоякісного антиалергенного штучного хутра. Наголошуємо, що натуральні хутра можуть викликати алергічні реакції, тому вони не рекомендовані до використання при виготовленні товарів для новонароджених.</p> <p>Період використання: від народження до 9-10 місяців.</p> <p>Температурний режим +5 - 20 &deg;С</p> <p>Приємними бонусами є:</p> <ul> <li>Можливість регулювання об&rsquo;єму капюшону.</li> <li>Двостороння застібка-блискавка.</li> <li>3 вертикальних отвори для ременів безпеки, які підходять для більшості візочків.</li> <li>Світловідбивні елементи для безпеки на дорозі у темну частину доби.</li> <li>Можливість роз&#39;єднання на 2 частини, та використання кожної з них окремо як накидку чи вкладку у санки.</li>
</ul> <p>Чудово поєднується з муфтами цього ж виробника.</p>"
DR-1889,DR-1889,Кокон Baby XS на овчині Синій,Кокон Baby XS на овчині Синій,Виписка та хрещення/Конверти для новонароджених,,1995,UAH,В наявності,Да,ДоРечі,Google Feed for Merchant Center,"https://dorechi.ua/content/images/49/konvert-baby-xsbaby-xs-dorechi-blue-stars-90938204534295_+4b4f718453.jpg;https://dorechi.ua/content/images/49/konvert-baby-xsbaby-xs-dorechi-blue-stars-66800443710603_+6ee7170b7b.jpg;https://dorechi.ua/content/images/49/konvert-baby-xsbaby-xs-dorechi-blue-stars-70040630521198_+42a2a7125f.jpg;https://dorechi.ua/content/images/37/baby-xs-dorechi-white-stars-opushka-96704012601638_+a2a852a1fc.jpg;https://dorechi.ua/content/images/49/konvert-baby-xsbaby-xs-dorechi-blue-stars-88484483028580_+6f041ba57f.jpg","<p>Затишний зимовий конверт-кокон на натуральній овчині Baby XS ДоРечі чудово підходить малятам, що народилися у осіннє-зимовий період. Він стане яскравою прикрасою виписки з пологового будинку та вірним захисником від непогоди під час прогулянок у колясці. Ідеально лягає у будь-яку люльку.</p> <p>Довжина: 75см</p> <p>Ширина: 40 см</p> <p>Верх: мембранна тканина з вітро- та водовідштовхуючим покриттям.</p> <p>Утеплювач: 2х шаровий синтепон.</p> <p>Підкладка: щільна овчина на тканій основі. 100% овечої вовни.</p> <p>Додатково можна придбати опушку зі штучного хутра, який кріпиться на застібку ""молнію"".</p> <p>Період використання: від народження до 9-10 місяців.</p> <p>Приємними бонусами є:</p> <ul> <li>Можливість регулювання об&rsquo;єму капюшону.</li> <li>Двостороння застібка-блискавка.</li> <li>5 вертикальних отворів для ременів безпеки, які підходять для більшості візочків.</li> <li>Світловідбивні елементи для безпеки на дорозі у темну частину доби.</li> <li>Можливість роз&#39;єднання на 2 частини, та використання кожної з них окремо як накидку чи вкладиш у санки.</li>
</ul> <p>Чудово поєднується з муфтами нашого виробництва.</p><span style=""font-family:-webkit-standard, serif"">Хочемо наголосити, що підкладка виробу з натуральної вовни, тому рекомендована суха хімчистка</span></span><br />
<span lang=""RU"" style=""font-size:13.5pt""><span style=""font-family:-webkit-standard, serif"">У домашніх умовах його можна прати руками шампунню чи спеціальним засобом для вовни</span></span><br />
<span lang=""RU"" style=""font-size:13.5pt""><span style=""font-family:-webkit-standard, serif"">Не відтискати у пральній машинці</span></span><br />
<span lang=""RU"" style=""font-size:13.5pt""><span style=""font-family:-webkit-standard, serif"">Після прання в машинці</span></span> <span lang=""RU"" style=""font-size:13.5pt""><span style=""font-family:-webkit-standard, serif"">вовна зкатається та стане схожою на вовняний пледик (хоча це зовсім не страшно, бо своїх теплих властивостей вона все одно не втратить)</span></span></span></span></p>"
DR-1889-F,DR-1889-F,Кокон Baby XS на флісі Синій,Кокон Baby XS на флісі Синій,Виписка та хрещення/Конверти для новонароджених,,1995,UAH,В наявності,Да,ДоРечі,Google Feed for Merchant Center,"https://dorechi.ua/content/images/48/baby-xs-navy-blue-fleece-98569656842870_+ca752c3e92.jpg;https://dorechi.ua/content/images/48/baby-xs-navy-blue-fleece-65367863176288_+791d876073.jpg;https://dorechi.ua/content/images/48/baby-xs-navy-blue-fleece-75781823981805_+280b8105bc.jpg;https://dorechi.ua/content/images/48/baby-xs-navy-blue-fleece-85383307802342_+cc779efff3.jpg;https://dorechi.ua/content/images/48/baby-xs-navy-blue-fleece-33506829859049_+6bf4460b1f.jpg","<p>Затишний зимовий флісовий конверт-кокон Baby XS ДоРечі чудово підходить малятам, що народилися у осіннє-зимовий період. Стане яскравою прикрасою виписки з пологового будинку та вірним захисником від непогоди під час прогулянок у колясці. Ідеально лягає у будь-яку люльку.</p> <p>Так само теплий, як кокони на овчині і у той же час їх можна прати у пральній машині, на відміну від коконів на овчині, які потребують догляду у хімчистці.</p> <p>Довжина: 75см</p> <p>Ширина: 40 см</p> <p>Верх: мембранна тканина з вітро- та водовідштовхуючим покриттям.</p> <p>Утеплювач: силіконізований синтепон. Щільність 400гр/м2, що вдвічі більше, ніж у конвертах у овчині.</p> <p>Підкладка: густий антиалергенний фліс Polar, на якому практично не утворюється кошлатання.</p> <p>Є можливість придбати конверт з додатковою опушкою з високоякісного антиалергенного штучного хутра. Наголошуємо, що натуральні хутра можуть викликати алергічні реакції, тому вони не рекомендовані до використання при виготовленні товарів для новонароджених.</p> <p>Період використання: від народження до 9-10 місяців.</p> <p>Температурний режим +5 - 20 &deg;С</p> <p>Приємними бонусами є:</p> <ul> <li>Можливість регулювання об&rsquo;єму капюшону.</li> <li>Двостороння застібка-блискавка.</li> <li>3 вертикальних отворів для ременів безпеки, які підходять для більшості візочків.</li> <li>Світловідбивні елементи для безпеки на дорозі у темну частину доби.</li> <li>Можливість роз&#39;єднання на 2 частини, та використання кожної з них окремо як накидку чи вкладку у санки.</li>
</ul> <p>Чудово поєднується з муфтами цього ж виробника.</p>"
DR-1930,DR-1930,Кокон Baby XS на овчині Чорний,Кокон Baby XS на овчині Чорний,Виписка та хрещення/Конверти для новонароджених,,1995,UAH,В наявності,Да,ДоРечі,Google Feed for Merchant Center,"https://dorechi.ua/content/images/19/baby_xs_black-12207485651519_+6a88df8de4.jpg;https://dorechi.ua/content/images/19/baby_xs_black-18972992374503_+02014d632c.jpg;https://dorechi.ua/content/images/19/baby_xs_black-84569071968697_+f76ac207c6.jpg","<p>Затишний зимовий конверт-кокон на натуральній овчині Baby XS ДоРечі чудово підходить малятам, що народилися у осіннє-зимовий період. Він стане яскравою прикрасою виписки з пологового будинку та вірним захисником від непогоди під час прогулянок у колясці. Ідеально лягає у будь-яку люльку.</p> <p>Довжина: 75см</p> <p>Ширина: 40 см</p> <p>Верх: мембранна тканина з вітро- та водовідштовхуючим покриттям.</p> <p>Утеплювач: 2х шаровий синтепон.</p> <p>Підкладка: щільна овчина на тканій основі. 100% овечої вовни.</p> <p>Додатково можна придбати опушку зі штучного хутра, який кріпиться на застібку ""молнію"".</p> <p>Період використання: від народження до 9-10 місяців.</p> <p>Приємними бонусами є:</p> <ul> <li>Можливість регулювання об&rsquo;єму капюшону.</li> <li>Двостороння застібка-блискавка.</li> <li>3 вертикальних отвори для ременів безпеки, які підходять для більшості візочків.</li> <li>Світловідбивні елементи для безпеки на дорозі у темну частину доби.</li> <li>Можливість роз&#39;єднання на 2 частини, та використання кожної з них окремо як накидку чи вкладиш у санки.</li>
</ul> <p>Чудово поєднується з муфтами нашого виробництва.</p><span style=""font-family:-webkit-standard, serif"">Хочемо наголосити, що підкладка виробу з натуральної вовни, тому рекомендована суха хімчистка</span></span><br />
<span lang=""RU"" style=""font-size:13.5pt""><span style=""font-family:-webkit-standard, serif"">У домашніх умовах його можна прати руками шампунню чи спеціальним засобом для вовни</span></span><br />
<span lang=""RU"" style=""font-size:13.5pt""><span style=""font-family:-webkit-standard, serif"">Не відтискати у пральній машинці</span></span><br />
<span lang=""RU"" style=""font-size:13.5pt""><span style=""font-family:-webkit-standard, serif"">Після прання в машинці</span></span> <span lang=""RU"" style=""font-size:13.5pt""><span style=""font-family:-webkit-standard, serif"">вовна зкатається та стане схожою на вовняний пледик (хоча це зовсім не страшно, бо своїх теплих властивостей вона все одно не втратить)</span></span></span></span></p>"
DR-1930-F,DR-1930-F,Кокон Baby XS на флісі Чорний,Кокон Baby XS на флісі Чорний,Виписка та хрещення/Конверти для новонароджених,,1995,UAH,В наявності,Да,ДоРечі,Google Feed for Merchant Center,"https://dorechi.ua/content/images/50/baby_xs_black-fleece-89853202858173_+5c860dc589.jpg;https://dorechi.ua/content/images/50/baby_xs_black-fleece-39768000801456_+9a188de790.jpg;https://dorechi.ua/content/images/50/baby_xs_black-fleece-50832333251703_+7be506e7b6.jpg;https://dorechi.ua/content/images/50/baby_xs_black-fleece-49433300511422_+99c3645a92.jpg;https://dorechi.ua/content/images/50/baby_xs_black-fleece-30548303159966_+619a832807.jpg;https://dorechi.ua/content/images/50/baby_xs_black-fleece-64321845091814_+e0af81d761.jpg;https://dorechi.ua/content/images/50/baby_xs_black-fleece-26725323962560_+ad73056259.jpg;https://dorechi.ua/content/images/50/baby_xs_black-fleece-54359304234996_+86f6c98600.jpg","<p>Затишний зимовий флісовий конверт-кокон Baby XS ДоРечі чудово підходить малятам, що народилися у осіннє-зимовий період. Стане яскравою прикрасою виписки з пологового будинку та вірним захисником від непогоди під час прогулянок у колясці. Ідеально лягає у будь-яку люльку.</p>

<p>Так само теплий, як кокони на овчині і у той же час їх можна прати у пральній машині, на відміну від коконів на овчині, які потребують догляду у хімчистці.</p>

<p>Довжина: 75см</p>

<p>Ширина: 40 см</p>

<p>Верх: мембранна тканина з вітро- та водовідштовхуючим покриттям.</p>

<p>Утеплювач: силіконізований синтепон. Щільність 400гр/м2, що вдвічі більше, ніж у конвертах у овчині.</p>

<p>Підкладка: щільний антиалергенний фліс Polar, на якому практично не утворюється кошлатання.</p>

<p>Період використання: від народження до 9-10 місяців.</p>

<p>Температурний режим +5 - 20 &deg;С</p>

<p>Приємними бонусами є:</p>

<ul>
	<li>затишний капюшон.</li>
	<li>двостороння застібка-блискавка.</li>
	<li>3 вертикальних отвори для ременів безпеки, які підходять для більшості візочків.</li>
	<li>світловідбивні елементи для безпеки на дорозі у темну частину доби.</li>
	<li>можливість роз&#39;єднання на 2 частини, та використання кожної з них окремо як накидку чи вкладку у санки.</li>
</ul>

<p>Чудово поєднується з муфтами ДоРечі.</p>"
DR-2070-F,DR-2070-F,Кокон Baby XS на флісі Молочний,Кокон Baby XS на флісі Молочний,Виписка та хрещення/Конверти для новонароджених,,1995,UAH,В наявності,Да,ДоРечі,Google Feed for Merchant Center,"https://dorechi.ua/content/images/31/baby_xs_milk-fleece-72576260318833_+a3f9e5bc59.jpg;https://dorechi.ua/content/images/31/baby_xs_milk-fleece-23659233112872_+5b9aa82328.jpg;https://dorechi.ua/content/images/31/baby_xs_milk-fleece-73497285767960_+ae55f6af18.jpg;https://dorechi.ua/content/images/31/baby_xs_milk-fleece-98399137037179_+04d5e7d072.jpg;https://dorechi.ua/content/images/31/baby_xs_milk-fleece-63204944247106_+9136a4d423.jpg;https://dorechi.ua/content/images/31/baby_xs_milk-fleece-75575741261227_+9da4a665ed.jpg;https://dorechi.ua/content/images/31/baby_xs_milk-fleece-33293345177330_+b88807d9e3.jpg;https://dorechi.ua/content/images/31/baby_xs_milk-fleece-83914980560932_+0f1370158a.jpg;https://dorechi.ua/content/images/31/baby_xs_milk-fleece-82025317048969_+cfaaeed487.jpg;https://dorechi.ua/content/images/31/baby_xs_milk-fleece-67993668465050_+a4a83fd4ed.jpg","<p>Затишний зимовий флісовий конверт-кокон Baby XS ДоРечі чудово підходить малятам, що народилися у осіннє-зимовий період. Стане яскравою прикрасою виписки з пологового будинку та вірним захисником від непогоди під час прогулянок у колясці. Ідеально лягає у будь-яку люльку.</p>

<p>Так само теплий, як кокони на овчині і у той же час їх можна прати у пральній машині, на відміну від коконів на овчині, які потребують догляду у хімчистці.</p>

<p>Довжина: 75см</p>

<p>Ширина: 40 см</p>

<p>Верх: плащова тканина з вітро- та водовідштовхуючим покриттям.</p>

<p>Утеплювач: силіконізований синтепон. Щільність 400гр/м2, що вдвічі більше, ніж у конвертах у овчині.</p>

<p>Підкладка: щільний антиалергенний фліс Polar, на якому практично не утворюється кошлатання.</p>

<p>Період використання: від народження до 9-10 місяців.</p>

<p>Температурний режим +5 - 20 &deg;С</p>

<p>Приємними бонусами є:</p>

<ul>
	<li>затишний капюшон.</li>
	<li>двостороння застібка-блискавка.</li>
	<li>3 вертикальних отвори для ременів безпеки, які підходять для більшості візочків.</li>
	<li>світловідбивні елементи для безпеки на дорозі у темну частину доби.</li>
	<li>можливість роз&#39;єднання на 2 частини, та використання кожної з них окремо як накидку чи вкладку у санки.</li>
</ul>

<p>Чудово поєднується з муфтами ДоРечі.</p>"
DR-2071-F,DR-2071-F,Кокон Baby XS на флісі М'ятний,Кокон Baby XS на флісі М'ятний,Виписка та хрещення/Конверти для новонароджених,,1995,UAH,В наявності,Да,ДоРечі,Google Feed for Merchant Center,"https://dorechi.ua/content/images/32/baby_xs_mint-fleece-63733315912615_+991655193d.jpg;https://dorechi.ua/content/images/32/baby_xs_mint-fleece-57222452670265_+c41579d734.jpg;https://dorechi.ua/content/images/32/baby_xs_mint-fleece-57709851890027_+806c9cbe3b.jpg;https://dorechi.ua/content/images/32/baby_xs_mint-fleece-91221712621986_+100a6d8a0e.jpg;https://dorechi.ua/content/images/32/baby_xs_mint-fleece-77032746569586_+209664a671.jpg;https://dorechi.ua/content/images/32/baby_xs_mint-fleece-89684261666343_+b3698f5481.jpg;https://dorechi.ua/content/images/32/baby_xs_mint-fleece-67781834659324_+527cd98f2a.jpg;https://dorechi.ua/content/images/32/baby_xs_mint-fleece-22551988002357_+97271dde1c.jpg;https://dorechi.ua/content/images/32/baby_xs_mint-fleece-77833469421223_+0d300f8208.jpg;https://dorechi.ua/content/images/32/baby_xs_mint-fleece-70587425531613_+f48337c5ca.jpg","<p>Затишний зимовий флісовий конверт-кокон Baby XS ДоРечі чудово підходить малятам, що народилися у осіннє-зимовий період. Стане яскравою прикрасою виписки з пологового будинку та вірним захисником від непогоди під час прогулянок у колясці. Ідеально лягає у будь-яку люльку.</p>

<p>Так само теплий, як кокони на овчині і у той же час їх можна прати у пральній машині, на відміну від коконів на овчині, які потребують догляду у хімчистці.</p>

<p>Довжина: 75см</p>

<p>Ширина: 40 см</p>

<p>Верх: плащова тканина з вітро- та водовідштовхуючим покриттям.</p>

<p>Утеплювач: силіконізований синтепон. Щільність 400гр/м2, що вдвічі більше, ніж у конвертах у овчині.</p>

<p>Підкладка: щільний антиалергенний фліс Polar, на якому практично не утворюється кошлатання.</p>

<p>Період використання: від народження до 9-10 місяців.</p>

<p>Температурний режим +5 - 20 &deg;С</p>

<p>Приємними бонусами є:</p>

<ul>
	<li>затишний капюшон.</li>
	<li>двостороння застібка-блискавка.</li>
	<li>3 вертикальних отвори для ременів безпеки, які підходять для більшості візочків.</li>
	<li>світловідбивні елементи для безпеки на дорозі у темну частину доби.</li>
	<li>можливість роз&#39;єднання на 2 частини, та використання кожної з них окремо як накидку чи вкладку у санки.</li>
</ul>

<p>Чудово поєднується з муфтами ДоРечі.</p>"
DR-2072-F,DR-2072-F,Кокон Baby XS на флісі Лате,Кокон Baby XS на флісі Лате,Виписка та хрещення/Конверти для новонароджених,,1995,UAH,В наявності,Да,ДоРечі,Google Feed for Merchant Center,"https://dorechi.ua/content/images/33/baby_xs_late-61958328695135_+63c8903587.jpg;https://dorechi.ua/content/images/33/baby_xs_late-86748558729710_+1ed13634de.jpg;https://dorechi.ua/content/images/33/baby_xs_late-83845023575964_+0a20fe6c80.jpg;https://dorechi.ua/content/images/33/baby_xs_late-51368590212803_+e7e3a25005.jpg;https://dorechi.ua/content/images/33/baby_xs_late-43841876812308_+865da8c002.jpg;https://dorechi.ua/content/images/33/baby_xs_late-70767687194172_+a9352743c1.jpg;https://dorechi.ua/content/images/33/baby_xs_late-30754147105224_+8076bacec6.jpg;https://dorechi.ua/content/images/33/baby_xs_late-81896426303914_+dcbb0135c8.jpg;https://dorechi.ua/content/images/33/baby_xs_late-30073074614687_+78ac77dc36.jpg;https://dorechi.ua/content/images/33/baby_xs_late-26911775462334_+cad4042d71.jpg;https://dorechi.ua/content/images/33/baby_xs_late-87912489772334_+88a6a82051.jpg;https://dorechi.ua/content/images/33/baby_xs_late-27775374490856_+4cb32d6856.jpg","<p>Затишний зимовий флісовий конверт-кокон Baby XS ДоРечі чудово підходить малятам, що народилися у осіннє-зимовий період. Стане яскравою прикрасою виписки з пологового будинку та вірним захисником від непогоди під час прогулянок у колясці. Ідеально лягає у будь-яку люльку.</p>

<p>Так само теплий, як кокони на овчині і у той же час їх можна прати у пральній машині, на відміну від коконів на овчині, які потребують догляду у хімчистці.</p>

<p>Довжина: 75см</p>

<p>Ширина: 40 см</p>

<p>Верх: плащова тканина з вітро- та водовідштовхуючим покриттям.</p>

<p>Утеплювач: силіконізований синтепон. Щільність 400гр/м2, що вдвічі більше, ніж у конвертах у овчині.</p>

<p>Підкладка: щільний антиалергенний фліс Polar, на якому практично не утворюється кошлатання.</p>

<p>Період використання: від народження до 9-10 місяців.</p>

<p>Температурний режим +5 - 20 &deg;С</p>

<p>Приємними бонусами є:</p>

<ul>
	<li>затишний капюшон.</li>
	<li>двостороння застібка-блискавка.</li>
	<li>3 вертикальних отвори для ременів безпеки, які підходять для більшості візочків.</li>
	<li>світловідбивні елементи для безпеки на дорозі у темну частину доби.</li>
	<li>можливість роз&#39;єднання на 2 частини, та використання кожної з них окремо як накидку чи вкладку у санки.</li>
</ul>

<p>Чудово поєднується з муфтами ДоРечі.</p>"
DR-2073-F,DR-2073-F,Кокон Baby XS на флісі Рожевий,Кокон Baby XS на флісі Рожевий,Виписка та хрещення/Конверти для новонароджених,,1995,UAH,В наявності,Да,ДоРечі,Google Feed for Merchant Center,"https://dorechi.ua/content/images/34/baby_xs_pink-93419909683165_+d2d5242fe9.jpg;https://dorechi.ua/content/images/34/baby_xs_pink-71938450357658_+313450efb9.jpg;https://dorechi.ua/content/images/34/baby_xs_pink-98330203038013_+b6ec36d374.jpg;https://dorechi.ua/content/images/34/baby_xs_pink-20560798071725_+5c128d7a94.jpg;https://dorechi.ua/content/images/34/baby_xs_pink-92659610018237_+4e54bf3a9f.jpg;https://dorechi.ua/content/images/34/baby_xs_pink-40518903930980_+aa0a2b0104.jpg;https://dorechi.ua/content/images/34/baby_xs_pink-81022332261995_+1f41a3d3ab.jpg;https://dorechi.ua/content/images/34/baby_xs_pink-59070498534831_+6d1955fc87.jpg;https://dorechi.ua/content/images/34/baby_xs_pink-90971976492475_+dbe2f6462b.jpg;https://dorechi.ua/content/images/34/baby_xs_pink-70528479898751_+adfcb18464.jpg;https://dorechi.ua/content/images/34/baby_xs_pink-80565657878647_+f6caec8164.jpg","<p>Затишний зимовий флісовий конверт-кокон Baby XS ДоРечі чудово підходить малятам, що народилися у осіннє-зимовий період. Стане яскравою прикрасою виписки з пологового будинку та вірним захисником від непогоди під час прогулянок у колясці. Ідеально лягає у будь-яку люльку.</p>

<p>Так само теплий, як кокони на овчині і у той же час їх можна прати у пральній машині, на відміну від коконів на овчині, які потребують догляду у хімчистці.</p>

<p>Довжина: 75см</p>

<p>Ширина: 40 см</p>

<p>Верх: плащова тканина з вітро- та водовідштовхуючим покриттям.</p>

<p>Утеплювач: силіконізований синтепон. Щільність 400гр/м2, що вдвічі більше, ніж у конвертах у овчині.</p>

<p>Підкладка: щільний антиалергенний фліс Polar, на якому практично не утворюється кошлатання.</p>

<p>Період використання: від народження до 9-10 місяців.</p>

<p>Температурний режим +5 - 20 &deg;С</p>

<p>Приємними бонусами є:</p>

<ul>
        <li>затишний капюшон.</li>
        <li>двостороння застібка-блискавка.</li>
        <li>3 вертикальних отвори для ременів безпеки, які підходять для більшості візочків.</li>
        <li>світловідбивні елементи для безпеки на дорозі у темну частину доби.</li>
        <li>можливість роз&#39;єднання на 2 частини, та використання кожної з них окремо як накидку чи вкладку у санки.</li>
</ul>

<p>Чудово поєднується з муфтами ДоРечі.</p>"
DR-2028-62,DR-2028-62,Велюровий комбінезон Зефір Білий,Велюровий комбінезон Зефір Білий 56/62 см,Одяг/Комбінезони,56/62,1695,UAH,В наявності,Да,ДоРечі,Google Feed for Merchant Center,"https://dorechi.ua/content/images/39/zefir_white_68-76210978115019_+9c629a174e.jpg;https://dorechi.ua/content/images/30/47503126451076_+2e848690e1.jpg;https://dorechi.ua/content/images/39/38145366666709_+a9d9d95220.jpeg;https://dorechi.ua/content/images/30/15177275817053_+378fe9df50.jpg;https://dorechi.ua/content/images/38/copy_copy_kombinezon-demisezonnyi-basic-bezhevyi-74-26491996887612_+25ba4fe7e5.jpg;https://dorechi.ua/content/images/39/15221019233059_+b9112782a5.jpeg;https://dorechi.ua/content/images/30/74964067325944_+d0b259a6c9.jpg;https://dorechi.ua/content/images/30/32118430794701_+710daeddd0.jpg;https://dorechi.ua/content/images/38/copy_copy_kombinezon-demisezonnyi-basic-bezhevyi-74-58644438046914_+8619246e28.jpg;https://dorechi.ua/content/images/39/69547989207691_+cd535da415.jpeg;https://dorechi.ua/content/images/39/37979516328004_+e9ab7de596.jpeg;https://dorechi.ua/content/images/38/zefir_white_56-62-59363805317524_+ab3e97a660.jpg;https://dorechi.ua/content/images/30/82341236044127_+c0931b2a02.jpg;https://dorechi.ua/content/images/38/zefir_white_56-62-26659584471628_+4c024296d4.jpg;https://dorechi.ua/content/images/38/zefir_white_56-62-93111924154082_+e2d9ea5221.jpg","<h2>Ідеальний велюровий комбінезон ""Зефір"" для виписки з пологового будинку! Чудовий вибір для прогулянок навесні та восени. Вироблений з найніжнішого велюру, стильний, зручний, майже невагомий.</h2> <p>Продуманий крій забезпечує новонародженому свободу рухів, а матусі - швидке одягання. Спокійний колір заспокоює та радує Вас і Вашого малюка.</p> <p>Ззовні використовується велюр преміум якості, 100% бавовна, простьобаний силіконізованим синтепоном 150 грн/м2.</p> <p>Внутрішній шар - м&#39;який і приємний трикотаж турецького виробництва. Теж 100% бавовна</p> <p>Терморежим від 5 до плюс 20 градусів.</p> <p>Просторий, прикрашений милими вушками, капюшон</p> <p>Застібка - блискавка надійно закрита внутрішньою планкою від вітру, а зверху - захищена від закушування підборіддя дитинки. Крім того, застібка спроектована так, щоб надати максимальну зручність під час одягання немовляти.<br />
<br />
Прати в делікатному режимі при температурі 30&deg; із застосуванням м&#39;яких миючий засобів.<br />
Не віджимати дати воді довільно стекти.<br />
Прасувати не рекомендується, можна просто обдати паром.</p>"
DR-2028-68,DR-2028-62,Велюровий комбінезон Зефір Білий,Велюровий комбінезон Зефір Білий 62/68 см,Одяг/Комбінезони,62/68,1695,UAH,В наявності,Да,ДоРечі,Google Feed for Merchant Center,"https://dorechi.ua/content/images/30/23104953509129_+5a1988bb8a.jpg;https://dorechi.ua/content/images/30/47503126451076_+2e848690e1.jpg;https://dorechi.ua/content/images/39/38145366666709_+a9d9d95220.jpeg;https://dorechi.ua/content/images/30/15177275817053_+378fe9df50.jpg;https://dorechi.ua/content/images/38/copy_copy_kombinezon-demisezonnyi-basic-bezhevyi-74-26491996887612_+25ba4fe7e5.jpg;https://dorechi.ua/content/images/39/15221019233059_+b9112782a5.jpeg;https://dorechi.ua/content/images/30/74964067325944_+d0b259a6c9.jpg;https://dorechi.ua/content/images/30/32118430794701_+710daeddd0.jpg;https://dorechi.ua/content/images/38/copy_copy_kombinezon-demisezonnyi-basic-bezhevyi-74-58644438046914_+8619246e28.jpg;https://dorechi.ua/content/images/39/69547989207691_+cd535da415.jpeg;https://dorechi.ua/content/images/39/37979516328004_+e9ab7de596.jpeg;https://dorechi.ua/content/images/38/zefir_white_56-62-59363805317524_+ab3e97a660.jpg;https://dorechi.ua/content/images/30/82341236044127_+c0931b2a02.jpg;https://dorechi.ua/content/images/38/zefir_white_56-62-26659584471628_+4c024296d4.jpg;https://dorechi.ua/content/images/38/zefir_white_56-62-93111924154082_+e2d9ea5221.jpg","<h2>Ідеальний велюровий комбінезон ""Зефір"" для виписки з пологового будинку! Чудовий вибір для прогулянок навесні та восени. Вироблений з найніжнішого велюру, стильний, зручний, майже невагомий.</h2> <p>Продуманий крій забезпечує новонародженому свободу рухів, а матусі - швидке одягання. Спокійний колір заспокоює та радує Вас і Вашого малюка.</p> <p>Ззовні використовується велюр преміум якості, 100% бавовна, простьобаний силіконізованим синтепоном 150 грн/м2.</p> <p>Внутрішній шар - м&#39;який і приємний трикотаж турецького виробництва. Теж 100% бавовна</p> <p>Терморежим від 5 до плюс 20 градусів.</p> <p>Просторий, прикрашений милими вушками, капюшон</p> <p>Застібка - блискавка надійно закрита внутрішньою планкою від вітру, а зверху - захищена від закушування підборіддя дитинки. Крім того, застібка спроектована так, щоб надати максимальну зручність під час одягання немовляти.<br />
<br />
Прати в делікатному режимі при температурі 30&deg; із застосуванням м&#39;яких миючий засобів.<br />
Не віджимати дати воді довільно стекти.<br />
Прасувати не рекомендується, можна просто обдати паром.</p>"
DR-2033-62,DR-2033-62,Демісезонний комбінезон Еклер Лате,Демісезонний комбінезон Еклер Лате 56/62 см,Одяг/Комбінезони,56/62,1695,UAH,В наявності,Да,ДоРечі,Google Feed for Merchant Center,"https://dorechi.ua/content/images/49/eclair_beige_68-13643573431056_+1fc3385219.jpg;https://dorechi.ua/content/images/48/eclair_beige_62-84205844625788_+7f8b130632.jpg;https://dorechi.ua/content/images/48/eclair_beige_62-96013157492895_+90837a5ce8.jpg;https://dorechi.ua/content/images/48/eclair_beige_62-51881871158945_+36a8eecd5f.jpg;https://dorechi.ua/content/images/48/eclair_beige_62-40195302446817_+a5de49b3a9.jpg;https://dorechi.ua/content/images/48/eclair_beige_62-99498027128271_+bd9579bd5d.jpg;https://dorechi.ua/content/images/48/eclair_beige_62-93680757559231_+fbc9dbfa98.jpg;https://dorechi.ua/content/images/48/eclair_beige_62-41239688047917_+d3dbbb2088.jpg;https://dorechi.ua/content/images/48/eclair_beige_62-66403446940462_+a2479d9704.jpg","<h2>Демісезонний комбінезон - одна з основних речей гардеробу малюка на весняно-осінню пору року, тому під час його створеннями ми приділяли увагу кожній деталі.</h2> <p>Коли після трьох пробних екземплярів ми отримали з експериментального цеху кінцевий ідеальний зразок, на думку миттєво спала назва - ""Еклер"". Він такий самий солодкий, гладенький, легкий і просторий.<br />
Комбінезон забезпечує новонародженому свободу рухів, а матусі - швидке одягання.</p> <p>Ззовні використовується плащьова тканина преміум якості, вітрозахисна та водовідштовхуюча, простьобана силіконізованим синтепоном 150 грн/м2.</p> <p>Внутрішній шар - м&#39;який і приємний трикотаж українського виробництва. 100% бавовна</p> <p>Терморежим від 5 до плюс 20 градусів.</p> <p>Просторий, прикрашений милими вушками, капюшон</p> <p>Застібка - блискавка надійно закрита внутрішньою планкою від вітру, а зверху - захищена від закушування підборіддя дитинки. Крім того, застібка споектована, щоб надати максимальну зручність під час одягання немовляти.</p> <p>Манжети-відвороти для додаткового захисту малят від вітру та холоду.</p>"
DR-2033-68,DR-2033-62,Демісезонний комбінезон Еклер Лате,Демісезонний комбінезон Еклер Лате 62/68 см,Одяг/Комбінезони,62/68,1695,UAH,В наявності,Да,ДоРечі,Google Feed for Merchant Center,"https://dorechi.ua/content/images/4/eclair_beige_74-63186398987883_+fc83cdba4b.jpg;https://dorechi.ua/content/images/48/eclair_beige_62-84205844625788_+7f8b130632.jpg;https://dorechi.ua/content/images/48/eclair_beige_62-96013157492895_+90837a5ce8.jpg;https://dorechi.ua/content/images/48/eclair_beige_62-51881871158945_+36a8eecd5f.jpg;https://dorechi.ua/content/images/48/eclair_beige_62-40195302446817_+a5de49b3a9.jpg;https://dorechi.ua/content/images/48/eclair_beige_62-99498027128271_+bd9579bd5d.jpg;https://dorechi.ua/content/images/48/eclair_beige_62-93680757559231_+fbc9dbfa98.jpg;https://dorechi.ua/content/images/48/eclair_beige_62-41239688047917_+d3dbbb2088.jpg;https://dorechi.ua/content/images/48/eclair_beige_62-66403446940462_+a2479d9704.jpg","<h2>Демісезонний комбінезон - одна з основних речей гардеробу малюка на весняно-осінню пору року, тому під час його створеннями ми приділяли увагу кожній деталі.</h2> <p>Коли після трьох пробних екземплярів ми отримали з експериментального цеху кінцевий ідеальний зразок, на думку миттєво спала назва - ""Еклер"". Він такий самий солодкий, гладенький, легкий і просторий.<br />
Комбінезон забезпечує новонародженому свободу рухів, а матусі - швидке одягання.</p> <p>Ззовні використовується плащьова тканина преміум якості, вітрозахисна та водовідштовхуюча, простьобана силіконізованим синтепоном 150 грн/м2.</p> <p>Внутрішній шар - м&#39;який і приємний трикотаж українського виробництва. 100% бавовна</p> <p>Терморежим від 5 до плюс 20 градусів.</p> <p>Просторий, прикрашений милими вушками, капюшон</p> <p>Застібка - блискавка надійно закрита внутрішньою планкою від вітру, а зверху - захищена від закушування підборіддя дитинки. Крім того, застібка споектована, щоб надати максимальну зручність під час одягання немовляти.</p> <p>Манжети-відвороти для додаткового захисту малят від вітру та холоду.</p>"
DR-2064-56,DR-2064-56,Демісезонний комбінезон Еклер Молочний,Демісезонний комбінезон Еклер Молочний 56/62 см,Одяг/Комбінезони,56/62,1695,UAH,В наявності,Да,ДоРечі,Google Feed for Merchant Center,"https://dorechi.ua/content/images/23/eclair_milk_56-73029210415173_+7b36888d64.jpg;https://dorechi.ua/content/images/23/eclair_milk_56-85395760600235_+f66f047f98.jpg;https://dorechi.ua/content/images/23/eclair_milk_56-75109005756959_+3e117329f3.jpg;https://dorechi.ua/content/images/23/eclair_milk_56-61172345046546_+458d34341d.jpg;https://dorechi.ua/content/images/23/eclair_milk_56-27426159829270_+8e02c2c90d.jpg;https://dorechi.ua/content/images/23/eclair_milk_56-59893021056701_+be4743af67.jpg;https://dorechi.ua/content/images/23/eclair_milk_56-94032586594245_+292d20fa16.jpg;https://dorechi.ua/content/images/23/eclair_milk_56-15939976616877_+d45e72732b.jpg;https://dorechi.ua/content/images/23/eclair_milk_56-58975660014117_+ac0093e8a1.jpg;https://dorechi.ua/content/images/23/eclair_milk_56-99688976412872_+1d5cf9c60d.jpg;https://dorechi.ua/content/images/23/eclair_milk_56-77813621196108_+26f746dfdc.jpg","<h2>Демісезонний комбінезон - одна з основних речей гардеробу малюка на весняно-осінню пору року, тому під час його створеннями ми приділяли увагу кожній деталі.</h2> <p>Коли після трьох пробних екземплярів ми отримали з експериментального цеху кінцевий ідеальний зразок, на думку миттєво спала назва - ""Еклер"". Він такий самий солодкий, гладенький, легкий і просторий.<br />
Комбінезон забезпечує новонародженому свободу рухів, а матусі - швидке одягання.</p> <p>Ззовні використовується плащьова тканина преміум якості, вітрозахисна та водовідштовхуюча, простьобана силіконізованим синтепоном 150 грн/м2.</p> <p>Внутрішній шар - м&#39;який і приємний трикотаж турецького виробництва. 100% бавовна</p> <p>Терморежим від 5 до плюс 20 градусів.</p> <p>Просторий, прикрашений милими вушками, капюшон</p> <p>Застібка - блискавка надійно закрита внутрішньою планкою від вітру, а зверху - захищена від закушування підборіддя дитинки. Крім того, застібка споектована, щоб надати максимальну зручність під час одягання немовляти.</p> <p>Манжети-відвороти для додаткового захисту малят від вітру та холоду.</p>"
DR-2064-62,DR-2064-56,Демісезонний комбінезон Еклер Молочний,Демісезонний комбінезон Еклер Молочний 62/68 см,Одяг/Комбінезони,62/68,1695,UAH,В наявності,Да,ДоРечі,Google Feed for Merchant Center,"https://dorechi.ua/content/images/24/eclair_milk_62-52531471513665_+ae1939fdeb.jpg;https://dorechi.ua/content/images/23/eclair_milk_56-85395760600235_+f66f047f98.jpg;https://dorechi.ua/content/images/23/eclair_milk_56-75109005756959_+3e117329f3.jpg;https://dorechi.ua/content/images/23/eclair_milk_56-61172345046546_+458d34341d.jpg;https://dorechi.ua/content/images/23/eclair_milk_56-27426159829270_+8e02c2c90d.jpg;https://dorechi.ua/content/images/23/eclair_milk_56-59893021056701_+be4743af67.jpg;https://dorechi.ua/content/images/23/eclair_milk_56-94032586594245_+292d20fa16.jpg;https://dorechi.ua/content/images/23/eclair_milk_56-15939976616877_+d45e72732b.jpg;https://dorechi.ua/content/images/23/eclair_milk_56-58975660014117_+ac0093e8a1.jpg;https://dorechi.ua/content/images/23/eclair_milk_56-99688976412872_+1d5cf9c60d.jpg;https://dorechi.ua/content/images/23/eclair_milk_56-77813621196108_+26f746dfdc.jpg","<h2>Демісезонний комбінезон - одна з основних речей гардеробу малюка на весняно-осінню пору року, тому під час його створеннями ми приділяли увагу кожній деталі.</h2> <p>Коли після трьох пробних екземплярів ми отримали з експериментального цеху кінцевий ідеальний зразок, на думку миттєво спала назва - ""Еклер"". Він такий самий солодкий, гладенький, легкий і просторий.<br />
Комбінезон забезпечує новонародженому свободу рухів, а матусі - швидке одягання.</p> <p>Ззовні використовується плащьова тканина преміум якості, вітрозахисна та водовідштовхуюча, простьобана силіконізованим синтепоном 150 грн/м2.</p> <p>Внутрішній шар - м&#39;який і приємний трикотаж турецького виробництва. 100% бавовна</p> <p>Терморежим від 5 до плюс 20 градусів.</p> <p>Просторий, прикрашений милими вушками, капюшон</p> <p>Застібка - блискавка надійно закрита внутрішньою планкою від вітру, а зверху - захищена від закушування підборіддя дитинки. Крім того, застібка споектована, щоб надати максимальну зручність під час одягання немовляти.</p> <p>Манжети-відвороти для додаткового захисту малят від вітру та холоду.</p>"
DR-2064-68,DR-2064-56,Демісезонний комбінезон Еклер Молочний,Демісезонний комбінезон Еклер Молочний 68/74 см,Одяг/Комбінезони,68/74,1695,UAH,В наявності,Да,ДоРечі,Google Feed for Merchant Center,"https://dorechi.ua/content/images/25/eclair_milk_68-97131351101499_+45b6d15689.jpg;https://dorechi.ua/content/images/23/eclair_milk_56-85395760600235_+f66f047f98.jpg;https://dorechi.ua/content/images/23/eclair_milk_56-75109005756959_+3e117329f3.jpg;https://dorechi.ua/content/images/23/eclair_milk_56-61172345046546_+458d34341d.jpg;https://dorechi.ua/content/images/23/eclair_milk_56-27426159829270_+8e02c2c90d.jpg;https://dorechi.ua/content/images/23/eclair_milk_56-59893021056701_+be4743af67.jpg;https://dorechi.ua/content/images/23/eclair_milk_56-94032586594245_+292d20fa16.jpg;https://dorechi.ua/content/images/23/eclair_milk_56-15939976616877_+d45e72732b.jpg;https://dorechi.ua/content/images/23/eclair_milk_56-58975660014117_+ac0093e8a1.jpg;https://dorechi.ua/content/images/23/eclair_milk_56-99688976412872_+1d5cf9c60d.jpg;https://dorechi.ua/content/images/23/eclair_milk_56-77813621196108_+26f746dfdc.jpg","<h2>Демісезонний комбінезон - одна з основних речей гардеробу малюка на весняно-осінню пору року, тому під час його створеннями ми приділяли увагу кожній деталі.</h2> <p>Коли після трьох пробних екземплярів ми отримали з експериментального цеху кінцевий ідеальний зразок, на думку миттєво спала назва - ""Еклер"". Він такий самий солодкий, гладенький, легкий і просторий.<br />
Комбінезон забезпечує новонародженому свободу рухів, а матусі - швидке одягання.</p> <p>Ззовні використовується плащьова тканина преміум якості, вітрозахисна та водовідштовхуюча, простьобана силіконізованим синтепоном 150 грн/м2.</p> <p>Внутрішній шар - м&#39;який і приємний трикотаж турецького виробництва. 100% бавовна</p> <p>Терморежим від 5 до плюс 20 градусів.</p> <p>Просторий, прикрашений милими вушками, капюшон</p> <p>Застібка - блискавка надійно закрита внутрішньою планкою від вітру, а зверху - захищена від закушування підборіддя дитинки. Крім того, застібка споектована, щоб надати максимальну зручність під час одягання немовляти.</p> <p>Манжети-відвороти для додаткового захисту малят від вітру та холоду.</p>"
DR-2065-56,DR-2065-56,Демісезонний комбінезон Еклер Чорний,Демісезонний комбінезон Еклер Чорний 56/62 см,Одяг/Комбінезони,56/62,1695,UAH,В наявності,Да,ДоРечі,Google Feed for Merchant Center,"https://dorechi.ua/content/images/20/eclair_black_56-77399401098535_+8361e2ec5d.jpg;https://dorechi.ua/content/images/20/eclair_black_56-40107356829761_+ddcda8f648.jpg;https://dorechi.ua/content/images/20/eclair_black_56-17910690737780_+902331298f.jpg;https://dorechi.ua/content/images/20/eclair_black_56-84939670677414_+71d6d713ec.jpg;https://dorechi.ua/content/images/20/eclair_black_56-50305361366970_+91109ad1a3.jpg;https://dorechi.ua/content/images/20/eclair_black_56-51076841221444_+16e96d8c34.jpg;https://dorechi.ua/content/images/20/eclair_black_56-90489546903949_+be4e6c62d7.jpg;https://dorechi.ua/content/images/20/eclair_black_56-80211818931441_+11b75c145e.jpg;https://dorechi.ua/content/images/20/eclair_black_56-89873834004183_+104ff88233.jpg;https://dorechi.ua/content/images/20/eclair_black_56-81803408124879_+1590034833.jpg;https://dorechi.ua/content/images/21/eclair_black_62-61649501504102_+1447cb0a8c.jpg","<h2>Демісезонний комбінезон - одна з основних речей гардеробу малюка на весняно-осінню пору року, тому під час його створеннями ми приділяли увагу кожній деталі.</h2> <p>Коли після трьох пробних екземплярів ми отримали з експериментального цеху кінцевий ідеальний зразок, на думку миттєво спала назва - ""Еклер"". Він такий самий солодкий, гладенький, легкий і просторий.<br />
Комбінезон забезпечує новонародженому свободу рухів, а матусі - швидке одягання.</p> <p>Ззовні використовується плащьова тканина преміум якості, вітрозахисна та водовідштовхуюча, простьобана силіконізованим синтепоном 150 грн/м2.</p> <p>Внутрішній шар - м&#39;який і приємний трикотаж турецького виробництва. 100% бавовна</p> <p>Терморежим від 5 до плюс 20 градусів.</p> <p>Просторий, прикрашений милими вушками, капюшон</p> <p>Застібка - блискавка надійно закрита внутрішньою планкою від вітру, а зверху - захищена від закушування підборіддя дитинки. Крім того, застібка споектована, щоб надати максимальну зручність під час одягання немовляти.</p> <p>Манжети-відвороти для додаткового захисту малят від вітру та холоду.</p>"
DR-2065-62,DR-2065-56,Демісезонний комбінезон Еклер Чорний,Демісезонний комбінезон Еклер Чорний 62/68 см,Одяг/Комбінезони,62/68,1695,UAH,В наявності,Да,ДоРечі,Google Feed for Merchant Center,"https://dorechi.ua/content/images/21/eclair_black_62-53257928469725_+ab9ae1a84d.jpg;https://dorechi.ua/content/images/20/eclair_black_56-40107356829761_+ddcda8f648.jpg;https://dorechi.ua/content/images/20/eclair_black_56-17910690737780_+902331298f.jpg;https://dorechi.ua/content/images/20/eclair_black_56-84939670677414_+71d6d713ec.jpg;https://dorechi.ua/content/images/20/eclair_black_56-50305361366970_+91109ad1a3.jpg;https://dorechi.ua/content/images/20/eclair_black_56-51076841221444_+16e96d8c34.jpg;https://dorechi.ua/content/images/20/eclair_black_56-90489546903949_+be4e6c62d7.jpg;https://dorechi.ua/content/images/20/eclair_black_56-80211818931441_+11b75c145e.jpg;https://dorechi.ua/content/images/20/eclair_black_56-89873834004183_+104ff88233.jpg;https://dorechi.ua/content/images/20/eclair_black_56-81803408124879_+1590034833.jpg;https://dorechi.ua/content/images/21/eclair_black_62-61649501504102_+1447cb0a8c.jpg","<h2>Демісезонний комбінезон - одна з основних речей гардеробу малюка на весняно-осінню пору року, тому під час його створеннями ми приділяли увагу кожній деталі.</h2> <p>Коли після трьох пробних екземплярів ми отримали з експериментального цеху кінцевий ідеальний зразок, на думку миттєво спала назва - ""Еклер"". Він такий самий солодкий, гладенький, легкий і просторий.<br />
Комбінезон забезпечує новонародженому свободу рухів, а матусі - швидке одягання.</p> <p>Ззовні використовується плащьова тканина преміум якості, вітрозахисна та водовідштовхуюча, простьобана силіконізованим синтепоном 150 грн/м2.</p> <p>Внутрішній шар - м&#39;який і приємний трикотаж турецького виробництва. 100% бавовна</p> <p>Терморежим від 5 до плюс 20 градусів.</p> <p>Просторий, прикрашений милими вушками, капюшон</p> <p>Застібка - блискавка надійно закрита внутрішньою планкою від вітру, а зверху - захищена від закушування підборіддя дитинки. Крім того, застібка споектована, щоб надати максимальну зручність під час одягання немовляти.</p> <p>Манжети-відвороти для додаткового захисту малят від вітру та холоду.</p>"
DR-2065-68,DR-2065-56,Демісезонний комбінезон Еклер Чорний,Демісезонний комбінезон Еклер Чорний 68/74 см,Одяг/Комбінезони,68/74,1695,UAH,В наявності,Да,ДоРечі,Google Feed for Merchant Center,"https://dorechi.ua/content/images/22/eclair_black_68-17054963800283_+2fb156c557.jpg;https://dorechi.ua/content/images/20/eclair_black_56-40107356829761_+ddcda8f648.jpg;https://dorechi.ua/content/images/20/eclair_black_56-17910690737780_+902331298f.jpg;https://dorechi.ua/content/images/20/eclair_black_56-84939670677414_+71d6d713ec.jpg;https://dorechi.ua/content/images/20/eclair_black_56-50305361366970_+91109ad1a3.jpg;https://dorechi.ua/content/images/20/eclair_black_56-51076841221444_+16e96d8c34.jpg;https://dorechi.ua/content/images/20/eclair_black_56-90489546903949_+be4e6c62d7.jpg;https://dorechi.ua/content/images/20/eclair_black_56-80211818931441_+11b75c145e.jpg;https://dorechi.ua/content/images/20/eclair_black_56-89873834004183_+104ff88233.jpg;https://dorechi.ua/content/images/20/eclair_black_56-81803408124879_+1590034833.jpg;https://dorechi.ua/content/images/21/eclair_black_62-61649501504102_+1447cb0a8c.jpg","<h2>Демісезонний комбінезон - одна з основних речей гардеробу малюка на весняно-осінню пору року, тому під час його створеннями ми приділяли увагу кожній деталі.</h2> <p>Коли після трьох пробних екземплярів ми отримали з експериментального цеху кінцевий ідеальний зразок, на думку миттєво спала назва - ""Еклер"". Він такий самий солодкий, гладенький, легкий і просторий.<br />
Комбінезон забезпечує новонародженому свободу рухів, а матусі - швидке одягання.</p> <p>Ззовні використовується плащьова тканина преміум якості, вітрозахисна та водовідштовхуюча, простьобана силіконізованим синтепоном 150 грн/м2.</p> <p>Внутрішній шар - м&#39;який і приємний трикотаж турецького виробництва. 100% бавовна</p> <p>Терморежим від 5 до плюс 20 градусів.</p> <p>Просторий, прикрашений милими вушками, капюшон</p> <p>Застібка - блискавка надійно закрита внутрішньою планкою від вітру, а зверху - захищена від закушування підборіддя дитинки. Крім того, застібка споектована, щоб надати максимальну зручність під час одягання немовляти.</p> <p>Манжети-відвороти для додаткового захисту малят від вітру та холоду.</p>"
DR-2067-56,DR-2067-56,Демісезонний комбінезон Еклер Рожевий,Демісезонний комбінезон Еклер Рожевий 56/62 см,Одяг/Комбінезони,56/62,1695,UAH,В наявності,Да,ДоРечі,Google Feed for Merchant Center,"https://dorechi.ua/content/images/13/eclair_pink_56-39890339584861_+3af4564050.jpg;https://dorechi.ua/content/images/13/eclair_pink_56-96110205624181_+f75248f8a5.jpg;https://dorechi.ua/content/images/13/eclair_pink_56-45952441158702_+e8d1ec6477.jpg;https://dorechi.ua/content/images/13/eclair_pink_56-45125547418450_+4cec4224a9.jpg;https://dorechi.ua/content/images/13/eclair_pink_56-32544486460897_+4486e473f6.jpg;https://dorechi.ua/content/images/13/eclair_pink_56-37904192861326_+bb1f65c96a.jpg;https://dorechi.ua/content/images/13/eclair_pink_56-95924486120520_+d6b53389b7.jpg;https://dorechi.ua/content/images/13/eclair_pink_56-50179348619240_+4741f8c815.jpg;https://dorechi.ua/content/images/13/eclair_pink_56-60385649569612_+3ca5625053.jpg;https://dorechi.ua/content/images/13/33908227515026_+cc68943c1e.jpg","<h2>Демісезонний комбінезон - одна з основних речей гардеробу малюка на весняно-осінню пору року, тому під час його створеннями ми приділяли увагу кожній деталі.</h2> <p>Коли після трьох пробних екземплярів ми отримали з експериментального цеху кінцевий ідеальний зразок, на думку миттєво спала назва - ""Еклер"". Він такий самий солодкий, гладенький, легкий і просторий.<br />
Комбінезон забезпечує новонародженому свободу рухів, а матусі - швидке одягання.</p> <p>Ззовні використовується плащьова тканина преміум якості, вітрозахисна та водовідштовхуюча, простьобана силіконізованим синтепоном 150 грн/м2.</p> <p>Внутрішній шар - м&#39;який і приємний трикотаж українського виробництва. 100% бавовна</p> <p>Терморежим від 5 до плюс 20 градусів.</p> <p>Просторий, прикрашений милими вушками, капюшон</p> <p>Застібка - блискавка надійно закрита внутрішньою планкою від вітру, а зверху - захищена від закушування підборіддя дитинки. Крім того, застібка споектована, щоб надати максимальну зручність під час одягання немовляти.</p> <p>Манжети-відвороти для додаткового захисту малят від вітру та холоду.</p>"
DR-2067-62,DR-2067-56,Демісезонний комбінезон Еклер Рожевий,Демісезонний комбінезон Еклер Рожевий 62/68 см,Одяг/Комбінезони,62/68,1695,UAH,В наявності,Да,ДоРечі,Google Feed for Merchant Center,"https://dorechi.ua/content/images/14/eclair_pink_62-24237415321752_+5ad8d5830c.jpg;https://dorechi.ua/content/images/13/eclair_pink_56-96110205624181_+f75248f8a5.jpg;https://dorechi.ua/content/images/13/eclair_pink_56-45952441158702_+e8d1ec6477.jpg;https://dorechi.ua/content/images/13/eclair_pink_56-45125547418450_+4cec4224a9.jpg;https://dorechi.ua/content/images/13/eclair_pink_56-32544486460897_+4486e473f6.jpg;https://dorechi.ua/content/images/13/eclair_pink_56-37904192861326_+bb1f65c96a.jpg;https://dorechi.ua/content/images/13/eclair_pink_56-95924486120520_+d6b53389b7.jpg;https://dorechi.ua/content/images/13/eclair_pink_56-50179348619240_+4741f8c815.jpg;https://dorechi.ua/content/images/13/eclair_pink_56-60385649569612_+3ca5625053.jpg;https://dorechi.ua/content/images/13/33908227515026_+cc68943c1e.jpg","<h2>Демісезонний комбінезон - одна з основних речей гардеробу малюка на весняно-осінню пору року, тому під час його створеннями ми приділяли увагу кожній деталі.</h2> <p>Коли після трьох пробних екземплярів ми отримали з експериментального цеху кінцевий ідеальний зразок, на думку миттєво спала назва - ""Еклер"". Він такий самий солодкий, гладенький, легкий і просторий.<br />
Комбінезон забезпечує новонародженому свободу рухів, а матусі - швидке одягання.</p> <p>Ззовні використовується плащьова тканина преміум якості, вітрозахисна та водовідштовхуюча, простьобана силіконізованим синтепоном 150 грн/м2.</p> <p>Внутрішній шар - м&#39;який і приємний трикотаж українського виробництва. 100% бавовна</p> <p>Терморежим від 5 до плюс 20 градусів.</p> <p>Просторий, прикрашений милими вушками, капюшон</p> <p>Застібка - блискавка надійно закрита внутрішньою планкою від вітру, а зверху - захищена від закушування підборіддя дитинки. Крім того, застібка споектована, щоб надати максимальну зручність під час одягання немовляти.</p> <p>Манжети-відвороти для додаткового захисту малят від вітру та холоду.</p>"
DR-2067-68,DR-2067-56,Демісезонний комбінезон Еклер Рожевий,Демісезонний комбінезон Еклер Рожевий 68/74 см,Одяг/Комбінезони,68/74,1695,UAH,В наявності,Да,ДоРечі,Google Feed for Merchant Center,"https://dorechi.ua/content/images/15/eclair_pink_68-20126934192652_+16cbdc6b46.jpg;https://dorechi.ua/content/images/13/eclair_pink_56-96110205624181_+f75248f8a5.jpg;https://dorechi.ua/content/images/13/eclair_pink_56-45952441158702_+e8d1ec6477.jpg;https://dorechi.ua/content/images/13/eclair_pink_56-45125547418450_+4cec4224a9.jpg;https://dorechi.ua/content/images/13/eclair_pink_56-32544486460897_+4486e473f6.jpg;https://dorechi.ua/content/images/13/eclair_pink_56-37904192861326_+bb1f65c96a.jpg;https://dorechi.ua/content/images/13/eclair_pink_56-95924486120520_+d6b53389b7.jpg;https://dorechi.ua/content/images/13/eclair_pink_56-50179348619240_+4741f8c815.jpg;https://dorechi.ua/content/images/13/eclair_pink_56-60385649569612_+3ca5625053.jpg;https://dorechi.ua/content/images/13/33908227515026_+cc68943c1e.jpg","<h2>Демісезонний комбінезон - одна з основних речей гардеробу малюка на весняно-осінню пору року, тому під час його створеннями ми приділяли увагу кожній деталі.</h2> <p>Коли після трьох пробних екземплярів ми отримали з експериментального цеху кінцевий ідеальний зразок, на думку миттєво спала назва - ""Еклер"". Він такий самий солодкий, гладенький, легкий і просторий.<br />
Комбінезон забезпечує новонародженому свободу рухів, а матусі - швидке одягання.</p> <p>Ззовні використовується плащьова тканина преміум якості, вітрозахисна та водовідштовхуюча, простьобана силіконізованим синтепоном 150 грн/м2.</p> <p>Внутрішній шар - м&#39;який і приємний трикотаж українського виробництва. 100% бавовна</p> <p>Терморежим від 5 до плюс 20 градусів.</p> <p>Просторий, прикрашений милими вушками, капюшон</p> <p>Застібка - блискавка надійно закрита внутрішньою планкою від вітру, а зверху - захищена від закушування підборіддя дитинки. Крім того, застібка споектована, щоб надати максимальну зручність під час одягання немовляти.</p> <p>Манжети-відвороти для додаткового захисту малят від вітру та холоду.</p>"
DR-2068-56,DR-2068-56,Демісезонний комбінезон Еклер М'ятний,Демісезонний комбінезон Еклер М'ятний 56/62 см,Одяг/Комбінезони,56/62,1695,UAH,В наявності,Да,ДоРечі,Google Feed for Merchant Center,"https://dorechi.ua/content/images/16/eclair_mint_56-25279587355176_+b948ebfe6f.jpg;https://dorechi.ua/content/images/16/eclair_mint_56-94958933308009_+51a41ac874.jpg;https://dorechi.ua/content/images/16/eclair_mint_56-77089978638688_+30e9fc2bff.jpg;https://dorechi.ua/content/images/16/eclair_mint_56-18702490806003_+c64b78d7aa.jpg;https://dorechi.ua/content/images/16/eclair_mint_56-19708477427630_+776db9b66b.jpg;https://dorechi.ua/content/images/16/eclair_mint_56-36906045429990_+1688fcfe7f.jpg;https://dorechi.ua/content/images/16/eclair_mint_56-19644709439828_+c88ae425d1.jpg;https://dorechi.ua/content/images/16/eclair_mint_56-78291474534720_+8cb360b9a3.jpg;https://dorechi.ua/content/images/16/eclair_mint_56-59025825370435_+9a23eadad6.jpg;https://dorechi.ua/content/images/16/eclair_mint_56-65943141484766_+34f6616b20.jpg;https://dorechi.ua/content/images/16/86321492697002_+72a5205942.jpg","<h2>Демісезонний комбінезон - одна з основних речей гардеробу малюка на весняно-осінню пору року, тому під час його створеннями ми приділяли увагу кожній деталі.</h2> <p>Коли після трьох пробних екземплярів ми отримали з експериментального цеху кінцевий ідеальний зразок, на думку миттєво спала назва - ""Еклер"". Він такий самий солодкий, гладенький, легкий і просторий.<br />
Комбінезон забезпечує новонародженому свободу рухів, а матусі - швидке одягання.</p> <p>Ззовні використовується плащьова тканина преміум якості, вітрозахисна та водовідштовхуюча, простьобана силіконізованим синтепоном 150 грн/м2.</p> <p>Внутрішній шар - м&#39;який і приємний трикотаж українського виробництва. 100% бавовна</p> <p>Терморежим від 5 до плюс 20 градусів.</p> <p>Просторий, прикрашений милими вушками, капюшон</p> <p>Застібка - блискавка надійно закрита внутрішньою планкою від вітру, а зверху - захищена від закушування підборіддя дитинки. Крім того, застібка споектована, щоб надати максимальну зручність під час одягання немовляти.</p> <p>Манжети-відвороти для додаткового захисту малят від вітру та холоду.</p>"
DR-2068-62,DR-2068-56,Демісезонний комбінезон Еклер М'ятний,Демісезонний комбінезон Еклер М'ятний 62/68 см,Одяг/Комбінезони,62/68,1695,UAH,В наявності,Да,ДоРечі,Google Feed for Merchant Center,"https://dorechi.ua/content/images/17/eclair_mint_62-97847489977899_+e6202c271e.jpg;https://dorechi.ua/content/images/16/eclair_mint_56-94958933308009_+51a41ac874.jpg;https://dorechi.ua/content/images/16/eclair_mint_56-77089978638688_+30e9fc2bff.jpg;https://dorechi.ua/content/images/16/eclair_mint_56-18702490806003_+c64b78d7aa.jpg;https://dorechi.ua/content/images/16/eclair_mint_56-19708477427630_+776db9b66b.jpg;https://dorechi.ua/content/images/16/eclair_mint_56-36906045429990_+1688fcfe7f.jpg;https://dorechi.ua/content/images/16/eclair_mint_56-19644709439828_+c88ae425d1.jpg;https://dorechi.ua/content/images/16/eclair_mint_56-78291474534720_+8cb360b9a3.jpg;https://dorechi.ua/content/images/16/eclair_mint_56-59025825370435_+9a23eadad6.jpg;https://dorechi.ua/content/images/16/eclair_mint_56-65943141484766_+34f6616b20.jpg;https://dorechi.ua/content/images/16/86321492697002_+72a5205942.jpg","<h2>Демісезонний комбінезон - одна з основних речей гардеробу малюка на весняно-осінню пору року, тому під час його створеннями ми приділяли увагу кожній деталі.</h2> <p>Коли після трьох пробних екземплярів ми отримали з експериментального цеху кінцевий ідеальний зразок, на думку миттєво спала назва - ""Еклер"". Він такий самий солодкий, гладенький, легкий і просторий.<br />
Комбінезон забезпечує новонародженому свободу рухів, а матусі - швидке одягання.</p> <p>Ззовні використовується плащьова тканина преміум якості, вітрозахисна та водовідштовхуюча, простьобана силіконізованим синтепоном 150 грн/м2.</p> <p>Внутрішній шар - м&#39;який і приємний трикотаж українського виробництва. 100% бавовна</p> <p>Терморежим від 5 до плюс 20 градусів.</p> <p>Просторий, прикрашений милими вушками, капюшон</p> <p>Застібка - блискавка надійно закрита внутрішньою планкою від вітру, а зверху - захищена від закушування підборіддя дитинки. Крім того, застібка споектована, щоб надати максимальну зручність під час одягання немовляти.</p> <p>Манжети-відвороти для додаткового захисту малят від вітру та холоду.</p>"
DR-2068-68,DR-2068-56,Демісезонний комбінезон Еклер М'ятний,Демісезонний комбінезон Еклер М'ятний 68/74 см,Одяг/Комбінезони,68/74,1695,UAH,В наявності,Да,ДоРечі,Google Feed for Merchant Center,"https://dorechi.ua/content/images/18/eclair_mint_68-26168759726147_+2b67cdcc06.jpg;https://dorechi.ua/content/images/16/eclair_mint_56-94958933308009_+51a41ac874.jpg;https://dorechi.ua/content/images/16/eclair_mint_56-77089978638688_+30e9fc2bff.jpg;https://dorechi.ua/content/images/16/eclair_mint_56-18702490806003_+c64b78d7aa.jpg;https://dorechi.ua/content/images/16/eclair_mint_56-19708477427630_+776db9b66b.jpg;https://dorechi.ua/content/images/16/eclair_mint_56-36906045429990_+1688fcfe7f.jpg;https://dorechi.ua/content/images/16/eclair_mint_56-19644709439828_+c88ae425d1.jpg;https://dorechi.ua/content/images/16/eclair_mint_56-78291474534720_+8cb360b9a3.jpg;https://dorechi.ua/content/images/16/eclair_mint_56-59025825370435_+9a23eadad6.jpg;https://dorechi.ua/content/images/16/eclair_mint_56-65943141484766_+34f6616b20.jpg;https://dorechi.ua/content/images/16/86321492697002_+72a5205942.jpg","<h2>Демісезонний комбінезон - одна з основних речей гардеробу малюка на весняно-осінню пору року, тому під час його створеннями ми приділяли увагу кожній деталі.</h2> <p>Коли після трьох пробних екземплярів ми отримали з експериментального цеху кінцевий ідеальний зразок, на думку миттєво спала назва - ""Еклер"". Він такий самий солодкий, гладенький, легкий і просторий.<br />
Комбінезон забезпечує новонародженому свободу рухів, а матусі - швидке одягання.</p> <p>Ззовні використовується плащьова тканина преміум якості, вітрозахисна та водовідштовхуюча, простьобана силіконізованим синтепоном 150 грн/м2.</p> <p>Внутрішній шар - м&#39;який і приємний трикотаж українського виробництва. 100% бавовна</p> <p>Терморежим від 5 до плюс 20 градусів.</p> <p>Просторий, прикрашений милими вушками, капюшон</p> <p>Застібка - блискавка надійно закрита внутрішньою планкою від вітру, а зверху - захищена від закушування підборіддя дитинки. Крім того, застібка споектована, щоб надати максимальну зручність під час одягання немовляти.</p> <p>Манжети-відвороти для додаткового захисту малят від вітру та холоду.</p>"
DR-1958-104,DR-1958-104,Напівкомбінезон зимовий Чорний,Напівкомбінезон зимовий Чорний 104 см,Одяг/Комбінезони,104,1250,UAH,В наявності,Да,ДоРечі,Google Feed for Merchant Center,"https://dorechi.ua/content/images/13/winter_pants_black_104-83263692749671_+ce077ab347.jpg;https://dorechi.ua/content/images/10/napivkombinezon-zymovyi-chornyi-13896349322887_+67b21174f3.jpg;https://dorechi.ua/content/images/10/napivkombinezon-zymovyi-chornyi-53691836670351_+730489901e.jpg;https://dorechi.ua/content/images/13/35461145244929_+8a72ad26eb.jpeg;https://dorechi.ua/content/images/10/winter_pants_black_92-95273377422400_+4175ddf500.jpg;https://dorechi.ua/content/images/13/18634329925322_+e1c06bf55b.jpeg;https://dorechi.ua/content/images/10/napivkombinezon-zymovyi-chornyi-79366321763712_+fe24316f20.jpg;https://dorechi.ua/content/images/10/napivkombinezon-zymovyi-chornyi-30465849411392_+f84a5765e0.jpg;https://dorechi.ua/content/images/10/winter_pants_black_92-59926369859671_+b3da512538.jpg","<p>Водонепроникний дитячий напівкомбінезон дуже важливий для тривалих зимових прогулянок на свіжому повітрі! Він легкий, відмінно лягає по фігурі, і завдяки продуманій конструкції не створює непотрібного об&rsquo;єму, який заважає свободі рухів.</p>

<p>З основною функцією - збереженням тепла, справляється на ""відмінно"".</p>

<p>Його можна використовувати не один рік, тому що лямки оснащені зручними регуляторами довжини, а штанини можна підвернути в перший рік і відкотити на наступний.</p>

<p>Напівкомбінезон пошитий з дихаючої мембранної вітро- і водонепроникної тканини, що забезпечує комфорт прогулянок за будь-якої погоди- не продувається вітром і не намокає під дощем і снігом. Водонепроникність тканини 5000мм. Повітропроникність 5000 гр / м&sup2;.</p>

<p>Продуманий до дрібниць:</p>

<ul>
	<li>Спинка додатково утеплена флісом, тому ви можете не переживати, якщо малюк сів чи ліг на сніг або на холодні гойдалки.</li>
	<li>На поясі вшита гумка для кращого прилягання і посадці по фігурі.</li>
	<li>Надійна внутрішня вітрозахисна планка, що закриває застібку.</li>
	<li>Комфортні внутрішні манжети на антиковзаючій гумці, завдяки яким штанини фіксуються на черевичках і ніжки захищені від попадання холодного повітря і снігу.</li>
	<li>Світловідбиваючі елементи забезпечують видимість дитини в темний час доби.</li>
</ul>

<p>Утеплювач - інноваційний матеріал Thermoloft Active 200. Тонкий, легкий і ефективно утримує тепло - до двох разів тепліше аналогічних утеплювачів однакової ваги. Не пропускає воду, не сковує рухи і практично не дає усадку при пранні.</p>

<p>Підкладка - антипілінговий фліс Polar, який практично не кошлатиться.</p>

<p>У штанинах - підкладковий атлас для легкого одягання.</p>

<p>Температурний режим +5 - 20 &deg; С без урахування вітру і вологості</p>

<p>Розміри - 92, 98 і 104 см.</p>

<p>Напівкомбінезони невибагливі в догляді - їх можна прати (використовуйте рідкі порошки або засоби для мембрани) і сушити в пральній машині.</p>

<p>Створюють чарівний комплект 2 в 1 з <u><span style=""font-size:16px;""><span style=""color:#f39c12;"">куртками-парками</span></span><span style=""color:#f39c12;""> ДоРечі.</span></u></p>"
DR-1958-92,DR-1958-104,Напівкомбінезон зимовий Чорний,Напівкомбінезон зимовий Чорний 92 см,Одяг/Комбінезони,92,1250,UAH,В наявності,Да,ДоРечі,Google Feed for Merchant Center,"https://dorechi.ua/content/images/10/napivkombinezon-zymovyi-chornyi-68248215121853_+fd4af1201e.jpg;https://dorechi.ua/content/images/10/napivkombinezon-zymovyi-chornyi-13896349322887_+67b21174f3.jpg;https://dorechi.ua/content/images/10/napivkombinezon-zymovyi-chornyi-53691836670351_+730489901e.jpg;https://dorechi.ua/content/images/13/35461145244929_+8a72ad26eb.jpeg;https://dorechi.ua/content/images/10/winter_pants_black_92-95273377422400_+4175ddf500.jpg;https://dorechi.ua/content/images/13/18634329925322_+e1c06bf55b.jpeg;https://dorechi.ua/content/images/10/napivkombinezon-zymovyi-chornyi-79366321763712_+fe24316f20.jpg;https://dorechi.ua/content/images/10/napivkombinezon-zymovyi-chornyi-30465849411392_+f84a5765e0.jpg;https://dorechi.ua/content/images/10/winter_pants_black_92-59926369859671_+b3da512538.jpg","<p>Водонепроникний дитячий напівкомбінезон дуже важливий для тривалих зимових прогулянок на свіжому повітрі! Він легкий, відмінно лягає по фігурі, і завдяки продуманій конструкції не створює непотрібного об&rsquo;єму, який заважає свободі рухів.</p>

<p>З основною функцією - збереженням тепла, справляється на ""відмінно"".</p>

<p>Його можна використовувати не один рік, тому що лямки оснащені зручними регуляторами довжини, а штанини можна підвернути в перший рік і відкотити на наступний.</p>

<p>Напівкомбінезон пошитий з дихаючої мембранної вітро- і водонепроникної тканини, що забезпечує комфорт прогулянок за будь-якої погоди- не продувається вітром і не намокає під дощем і снігом. Водонепроникність тканини 5000мм. Повітропроникність 5000 гр / м&sup2;.</p>

<p>Продуманий до дрібниць:</p>

<ul>
	<li>Спинка додатково утеплена флісом, тому ви можете не переживати, якщо малюк сів чи ліг на сніг або на холодні гойдалки.</li>
	<li>На поясі вшита гумка для кращого прилягання і посадці по фігурі.</li>
	<li>Надійна внутрішня вітрозахисна планка, що закриває застібку.</li>
	<li>Комфортні внутрішні манжети на антиковзаючій гумці, завдяки яким штанини фіксуються на черевичках і ніжки захищені від попадання холодного повітря і снігу.</li>
	<li>Світловідбиваючі елементи забезпечують видимість дитини в темний час доби.</li>
</ul>

<p>Утеплювач - інноваційний матеріал Thermoloft Active 200. Тонкий, легкий і ефективно утримує тепло - до двох разів тепліше аналогічних утеплювачів однакової ваги. Не пропускає воду, не сковує рухи і практично не дає усадку при пранні.</p>

<p>Підкладка - антипілінговий фліс Polar, який практично не кошлатиться.</p>

<p>У штанинах - підкладковий атлас для легкого одягання.</p>

<p>Температурний режим +5 - 20 &deg; С без урахування вітру і вологості</p>

<p>Розміри - 92, 98 і 104 см.</p>

<p>Напівкомбінезони невибагливі в догляді - їх можна прати (використовуйте рідкі порошки або засоби для мембрани) і сушити в пральній машині.</p>

<p>Створюють чарівний комплект 2 в 1 з <u><span style=""font-size:16px;""><span style=""color:#f39c12;"">куртками-парками</span></span><span style=""color:#f39c12;""> ДоРечі.</span></u></p>"
DR-1958-98,DR-1958-104,Напівкомбінезон зимовий Чорний,Напівкомбінезон зимовий Чорний 98 см,Одяг/Комбінезони,98,1250,UAH,Немає в наявності,Да,ДоРечі,Google Feed for Merchant Center,"https://dorechi.ua/content/images/12/winter_pants_black_98-32622059333551_+9c604051db.jpg;https://dorechi.ua/content/images/10/napivkombinezon-zymovyi-chornyi-13896349322887_+67b21174f3.jpg;https://dorechi.ua/content/images/10/napivkombinezon-zymovyi-chornyi-53691836670351_+730489901e.jpg;https://dorechi.ua/content/images/13/35461145244929_+8a72ad26eb.jpeg;https://dorechi.ua/content/images/10/winter_pants_black_92-95273377422400_+4175ddf500.jpg;https://dorechi.ua/content/images/13/18634329925322_+e1c06bf55b.jpeg;https://dorechi.ua/content/images/10/napivkombinezon-zymovyi-chornyi-79366321763712_+fe24316f20.jpg;https://dorechi.ua/content/images/10/napivkombinezon-zymovyi-chornyi-30465849411392_+f84a5765e0.jpg;https://dorechi.ua/content/images/10/winter_pants_black_92-59926369859671_+b3da512538.jpg","<p>Водонепроникний дитячий напівкомбінезон дуже важливий для тривалих зимових прогулянок на свіжому повітрі! Він легкий, відмінно лягає по фігурі, і завдяки продуманій конструкції не створює непотрібного об&rsquo;єму, який заважає свободі рухів.</p> <p>З основною функцією - збереженням тепла, справляється на ""відмінно"".</p> <p>Його можна використовувати не один рік, тому що лямки оснащені зручними регуляторами довжини, а штанини можна підвернути в перший рік і відкотити на наступний.</p> <p>Напівкомбінезон пошитий з дихаючої мембранної вітро- і водонепроникної тканини, що забезпечує комфорт прогулянок за будь-якої погоди- не продувається вітром і не намокає під дощем і снігом. Водонепроникність тканини 5000мм. Повітропроникність 5000 гр / м&sup2;.</p> <p>Продуманий до дрібниць:</p> <ul> <li>Спинка додатково утеплена флісом, тому ви можете не переживати, якщо малюк сів чи ліг на сніг або на холодні гойдалки.</li> <li>На поясі вшита гумка для кращого прилягання і посадці по фігурі.</li> <li>Надійна внутрішня вітрозахисна планка, що закриває застібку.</li> <li>Комфортні внутрішні манжети на антиковзаючій гумці, завдяки яким штанини фіксуються на черевичках і ніжки захищені від попадання холодного повітря і снігу.</li> <li>Світловідбиваючі елементи забезпечують видимість дитини в темний час доби.</li>
</ul> <p>Утеплювач - інноваційний матеріал Thermoloft Active 200. Тонкий, легкий і ефективно утримує тепло - до двох разів тепліше аналогічних утеплювачів однакової ваги. Не пропускає воду, не сковує рухи і практично не дає усадку при пранні.</p> <p>Підкладка - антипілінговий фліс Polar, який практично не кошлатиться.</p> <p>У штанинах - підкладковий атлас для легкого одягання.</p> <p>Температурний режим +5 - 20 &deg; С без урахування вітру і вологості</p> <p>Розміри - 92, 98 і 104 см.</p> <p>Напівкомбінезони невибагливі в догляді - їх можна прати (використовуйте рідкі порошки або засоби для мембрани) і сушити в пральній машині.</p> <p>Створюють чарівний комплект 2 в 1 з <u><span style=""font-size:16px;""><span style=""color:#f39c12;"">куртками-парками</span></span><span style=""color:#f39c12;""> ДоРечі.</span></u></p>"
DR-1959-104,DR-1959-104,Напівкомбінезон зимовий Графітовий,Напівкомбінезон зимовий Графітовий 104 см,Одяг/Комбінезони,104,1250,UAH,В наявності,Да,ДоРечі,Google Feed for Merchant Center,"https://dorechi.ua/content/images/20/winter_pants_graphite_104-29790822364171_+0ecb024804.jpg;https://dorechi.ua/content/images/18/napivkombinezon-zymovyi-hrafitovyi-63521598290835_+e4bfb981c8.jpg;https://dorechi.ua/content/images/18/napivkombinezon-zymovyi-hrafitovyi-64151222965048_+d4d92aec92.jpg;https://dorechi.ua/content/images/18/napivkombinezon-zymovyi-hrafitovyi-71170229099490_+e082907f1f.jpg;https://dorechi.ua/content/images/18/napivkombinezon-zymovyi-hrafitovyi-43506083447829_+8169070c20.jpg;https://dorechi.ua/content/images/18/winter_pants_graphite_92-62831319910977_+13d640a9b1.jpg","<p>Водонепроникний дитячий напівкомбінезон дуже важливий для тривалих зимових прогулянок на свіжому повітрі! Він легкий, відмінно лягає по фігурі, і завдяки продуманій конструкції не створює непотрібного об&rsquo;єму, який заважає свободі рухів.</p> <p>З основною функцією - збереженням тепла, справляється на ""відмінно"".</p> <p>Його можна використовувати не один рік, тому що лямки оснащені зручними регуляторами довжини, а штанини можна підвернути в перший рік і відкотити на наступний.</p> <p>Напівкомбінезон пошитий з дихаючої мембранної вітро- і водонепроникної тканини, що забезпечує комфорт прогулянок за будь-якої погоди- не продувається вітром і не намокає під дощем і снігом. Водонепроникність тканини 5000мм. Повітропроникність 5000 гр / м&sup2;.</p> <p>Продуманий до дрібниць:</p> <ul> <li>Спинка додатково утеплена флісом, тому ви можете не переживати, якщо малюк сів чи ліг на сніг або на холодні гойдалки.</li> <li>На поясі вшита гумка для кращого прилягання і посадці по фігурі.</li> <li>Надійна внутрішня вітрозахисна планка, що закриває застібку.</li> <li>Комфортні внутрішні манжети на антиковзаючій гумці, завдяки яким штанини фіксуються на черевичках і ніжки захищені від попадання холодного повітря і снігу.</li> <li>Світловідбиваючі елементи забезпечують видимість дитини в темний час доби.</li>
</ul> <p>Утеплювач - інноваційний матеріал Thermoloft Active 200. Тонкий, легкий і ефективно утримує тепло - до двох разів тепліше аналогічних утеплювачів однакової ваги. Не пропускає воду, не сковує рухи і практично не дає усадку при пранні.</p> <p>Підкладка - антипілінговий фліс Polar, який практично не кошлатиться.</p> <p>У штанинах - підкладковий атлас для легкого одягання.</p> <p>Температурний режим +5 - 20 &deg; С без урахування вітру і вологості</p> <p>Розміри - 92, 98 і 104 см.</p> <p>Напівкомбінезони невибагливі в догляді - їх можна прати (використовуйте рідкі порошки або засоби для мембрани) і сушити в пральній машині.</p> <p>Створюють чарівний комплект 2 в 1 з <u><span style=""font-size:16px;""><span style=""color:#f39c12;"">куртками-парками</span></span><span style=""color:#f39c12;""> ДоРечі.</span></u></p>"
DR-1959-92,DR-1959-104,Напівкомбінезон зимовий Графітовий,Напівкомбінезон зимовий Графітовий 92 см,Одяг/Комбінезони,92,1250,UAH,В наявності,Да,ДоРечі,Google Feed for Merchant Center,"https://dorechi.ua/content/images/18/napivkombinezon-zymovyi-hrafitovyi-99500203672398_+e81ceeca47.jpg;https://dorechi.ua/content/images/18/napivkombinezon-zymovyi-hrafitovyi-63521598290835_+e4bfb981c8.jpg;https://dorechi.ua/content/images/18/napivkombinezon-zymovyi-hrafitovyi-64151222965048_+d4d92aec92.jpg;https://dorechi.ua/content/images/18/napivkombinezon-zymovyi-hrafitovyi-71170229099490_+e082907f1f.jpg;https://dorechi.ua/content/images/18/napivkombinezon-zymovyi-hrafitovyi-43506083447829_+8169070c20.jpg;https://dorechi.ua/content/images/18/winter_pants_graphite_92-62831319910977_+13d640a9b1.jpg","<p>Водонепроникний дитячий напівкомбінезон дуже важливий для тривалих зимових прогулянок на свіжому повітрі! Він легкий, відмінно лягає по фігурі, і завдяки продуманій конструкції не створює непотрібного об&rsquo;єму, який заважає свободі рухів.</p> <p>З основною функцією - збереженням тепла, справляється на ""відмінно"".</p> <p>Його можна використовувати не один рік, тому що лямки оснащені зручними регуляторами довжини, а штанини можна підвернути в перший рік і відкотити на наступний.</p> <p>Напівкомбінезон пошитий з дихаючої мембранної вітро- і водонепроникної тканини, що забезпечує комфорт прогулянок за будь-якої погоди- не продувається вітром і не намокає під дощем і снігом. Водонепроникність тканини 5000мм. Повітропроникність 5000 гр / м&sup2;.</p> <p>Продуманий до дрібниць:</p> <ul> <li>Спинка додатково утеплена флісом, тому ви можете не переживати, якщо малюк сів чи ліг на сніг або на холодні гойдалки.</li> <li>На поясі вшита гумка для кращого прилягання і посадці по фігурі.</li> <li>Надійна внутрішня вітрозахисна планка, що закриває застібку.</li> <li>Комфортні внутрішні манжети на антиковзаючій гумці, завдяки яким штанини фіксуються на черевичках і ніжки захищені від попадання холодного повітря і снігу.</li> <li>Світловідбиваючі елементи забезпечують видимість дитини в темний час доби.</li>
</ul> <p>Утеплювач - інноваційний матеріал Thermoloft Active 200. Тонкий, легкий і ефективно утримує тепло - до двох разів тепліше аналогічних утеплювачів однакової ваги. Не пропускає воду, не сковує рухи і практично не дає усадку при пранні.</p> <p>Підкладка - антипілінговий фліс Polar, який практично не кошлатиться.</p> <p>У штанинах - підкладковий атлас для легкого одягання.</p> <p>Температурний режим +5 - 20 &deg; С без урахування вітру і вологості</p> <p>Розміри - 92, 98 і 104 см.</p> <p>Напівкомбінезони невибагливі в догляді - їх можна прати (використовуйте рідкі порошки або засоби для мембрани) і сушити в пральній машині.</p> <p>Створюють чарівний комплект 2 в 1 з <u><span style=""font-size:16px;""><span style=""color:#f39c12;"">куртками-парками</span></span><span style=""color:#f39c12;""> ДоРечі.</span></u></p>"
DR-1959-98,DR-1959-104,Напівкомбінезон зимовий Графітовий,Напівкомбінезон зимовий Графітовий 98 см,Одяг/Комбінезони,98,1250,UAH,В наявності,Да,ДоРечі,Google Feed for Merchant Center,"https://dorechi.ua/content/images/19/winter_pants_graphite_98-45945507093263_+ddf4aa6d49.jpg;https://dorechi.ua/content/images/18/napivkombinezon-zymovyi-hrafitovyi-63521598290835_+e4bfb981c8.jpg;https://dorechi.ua/content/images/18/napivkombinezon-zymovyi-hrafitovyi-64151222965048_+d4d92aec92.jpg;https://dorechi.ua/content/images/18/napivkombinezon-zymovyi-hrafitovyi-71170229099490_+e082907f1f.jpg;https://dorechi.ua/content/images/18/napivkombinezon-zymovyi-hrafitovyi-43506083447829_+8169070c20.jpg;https://dorechi.ua/content/images/18/winter_pants_graphite_92-62831319910977_+13d640a9b1.jpg","<p>Водонепроникний дитячий напівкомбінезон дуже важливий для тривалих зимових прогулянок на свіжому повітрі! Він легкий, відмінно лягає по фігурі, і завдяки продуманій конструкції не створює непотрібного об&rsquo;єму, який заважає свободі рухів.</p> <p>З основною функцією - збереженням тепла, справляється на ""відмінно"".</p> <p>Його можна використовувати не один рік, тому що лямки оснащені зручними регуляторами довжини, а штанини можна підвернути в перший рік і відкотити на наступний.</p> <p>Напівкомбінезон пошитий з дихаючої мембранної вітро- і водонепроникної тканини, що забезпечує комфорт прогулянок за будь-якої погоди- не продувається вітром і не намокає під дощем і снігом. Водонепроникність тканини 5000мм. Повітропроникність 5000 гр / м&sup2;.</p> <p>Продуманий до дрібниць:</p> <ul> <li>Спинка додатково утеплена флісом, тому ви можете не переживати, якщо малюк сів чи ліг на сніг або на холодні гойдалки.</li> <li>На поясі вшита гумка для кращого прилягання і посадці по фігурі.</li> <li>Надійна внутрішня вітрозахисна планка, що закриває застібку.</li> <li>Комфортні внутрішні манжети на антиковзаючій гумці, завдяки яким штанини фіксуються на черевичках і ніжки захищені від попадання холодного повітря і снігу.</li> <li>Світловідбиваючі елементи забезпечують видимість дитини в темний час доби.</li>
</ul> <p>Утеплювач - інноваційний матеріал Thermoloft Active 200. Тонкий, легкий і ефективно утримує тепло - до двох разів тепліше аналогічних утеплювачів однакової ваги. Не пропускає воду, не сковує рухи і практично не дає усадку при пранні.</p> <p>Підкладка - антипілінговий фліс Polar, який практично не кошлатиться.</p> <p>У штанинах - підкладковий атлас для легкого одягання.</p> <p>Температурний режим +5 - 20 &deg; С без урахування вітру і вологості</p> <p>Розміри - 92, 98 і 104 см.</p> <p>Напівкомбінезони невибагливі в догляді - їх можна прати (використовуйте рідкі порошки або засоби для мембрани) і сушити в пральній машині.</p> <p>Створюють чарівний комплект 2 в 1 з <u><span style=""font-size:16px;""><span style=""color:#f39c12;"">куртками-парками</span></span><span style=""color:#f39c12;""> ДоРечі.</span></u></p>"
DR-2052-104,DR-2052-104,Напівкомбінезон зимовий Синій,Напівкомбінезон зимовий Синій 104 см,Одяг/Комбінезони,104,1250,UAH,В наявності,Да,ДоРечі,Google Feed for Merchant Center,"https://dorechi.ua/content/images/4/pants_navy_104-37065392938890_+3cad1b65ac.jpg;https://dorechi.ua/content/images/2/pants_navy_92-12325144248604_+884ea3a1e0.jpg;https://dorechi.ua/content/images/2/pants_navy_92-89499227468196_+677f81ac7e.jpg;https://dorechi.ua/content/images/2/pants_navy_92-33006743501916_+18eb06e3d7.jpg;https://dorechi.ua/content/images/2/pants_navy_92-89316773068505_+db0a244c8a.jpg;https://dorechi.ua/content/images/2/pants_navy_92-97604439062311_+2e6e483e0a.jpg;https://dorechi.ua/content/images/2/pants_navy_92-37938586567094_+c101d3e8fe.jpg;https://dorechi.ua/content/images/2/pants_navy_92-35846179924643_+c3b71d042a.jpg;https://dorechi.ua/content/images/2/pants_navy_92-34053114267790_+d8ef0213ef.jpg;https://dorechi.ua/content/images/2/pants_navy_92-65518583863962_+d20eb4ed3c.jpg;https://dorechi.ua/content/images/2/pants_navy_92-61436896072999_+9f1da92acb.jpg","<p>Водонепроникний дитячий напівкомбінезон дуже важливий для тривалих зимових прогулянок на свіжому повітрі! Він легкий, відмінно лягає по фігурі, і завдяки продуманій конструкції не створює непотрібного об&rsquo;єму, який заважає свободі рухів.</p> <p>З основною функцією - збереженням тепла, справляється на ""відмінно"".</p> <p>Його можна використовувати не один рік, тому що лямки оснащені зручними регуляторами довжини, а штанини можна підвернути в перший рік і відкотити на наступний.</p> <p>Напівкомбінезон пошитий з дихаючої мембранної вітро- і водонепроникної тканини, що забезпечує комфорт прогулянок за будь-якої погоди- не продувається вітром і не намокає під дощем і снігом. Водонепроникність тканини 5000мм. Повітропроникність 5000 гр / м&sup2;.</p> <p>Продуманий до дрібниць:</p> <ul> <li>Спинка додатково утеплена флісом, тому ви можете не переживати, якщо малюк сів чи ліг на сніг або на холодні гойдалки.</li> <li>На поясі вшита гумка для кращого прилягання і посадці по фігурі.</li> <li>Надійна внутрішня вітрозахисна планка, що закриває застібку.</li> <li>Комфортні внутрішні манжети на антиковзаючій гумці, завдяки яким штанини фіксуються на черевичках і ніжки захищені від попадання холодного повітря і снігу.</li> <li>Світловідбиваючі елементи забезпечують видимість дитини в темний час доби.</li>
</ul> <p>Утеплювач - інноваційний матеріал Thermoloft Active 200. Тонкий, легкий і ефективно утримує тепло - до двох разів тепліше аналогічних утеплювачів однакової ваги. Не пропускає воду, не сковує рухи і практично не дає усадку при пранні.</p> <p>Підкладка - антипілінговий фліс Polar, який практично не кошлатиться.</p> <p>У штанинах - підкладковий атлас для легкого одягання.</p> <p>Температурний режим +5 - 20 &deg; С без урахування вітру і вологості</p> <p>Розміри - 92, 98 і 104 см.</p> <p>Напівкомбінезони невибагливі в догляді - їх можна прати (використовуйте рідкі порошки або засоби для мембрани) і сушити в пральній машині.</p> <p>Створюють чарівний комплект 2 в 1 з <u><span style=""font-size:16px;""><span style=""color:#f39c12;"">куртками-парками</span></span><span style=""color:#f39c12;""> ДоРечі.</span></u></p>"
DR-2052-92,DR-2052-104,Напівкомбінезон зимовий Синій,Напівкомбінезон зимовий Синій 92 см,Одяг/Комбінезони,92,1250,UAH,В наявності,Да,ДоРечі,Google Feed for Merchant Center,"https://dorechi.ua/content/images/2/pants_navy_92-87895315457024_+70087dabfd.jpg;https://dorechi.ua/content/images/2/pants_navy_92-12325144248604_+884ea3a1e0.jpg;https://dorechi.ua/content/images/2/pants_navy_92-89499227468196_+677f81ac7e.jpg;https://dorechi.ua/content/images/2/pants_navy_92-33006743501916_+18eb06e3d7.jpg;https://dorechi.ua/content/images/2/pants_navy_92-89316773068505_+db0a244c8a.jpg;https://dorechi.ua/content/images/2/pants_navy_92-97604439062311_+2e6e483e0a.jpg;https://dorechi.ua/content/images/2/pants_navy_92-37938586567094_+c101d3e8fe.jpg;https://dorechi.ua/content/images/2/pants_navy_92-35846179924643_+c3b71d042a.jpg;https://dorechi.ua/content/images/2/pants_navy_92-34053114267790_+d8ef0213ef.jpg;https://dorechi.ua/content/images/2/pants_navy_92-65518583863962_+d20eb4ed3c.jpg;https://dorechi.ua/content/images/2/pants_navy_92-61436896072999_+9f1da92acb.jpg","<p>Водонепроникний дитячий напівкомбінезон дуже важливий для тривалих зимових прогулянок на свіжому повітрі! Він легкий, відмінно лягає по фігурі, і завдяки продуманій конструкції не створює непотрібного об&rsquo;єму, який заважає свободі рухів.</p> <p>З основною функцією - збереженням тепла, справляється на ""відмінно"".</p> <p>Його можна використовувати не один рік, тому що лямки оснащені зручними регуляторами довжини, а штанини можна підвернути в перший рік і відкотити на наступний.</p> <p>Напівкомбінезон пошитий з дихаючої мембранної вітро- і водонепроникної тканини, що забезпечує комфорт прогулянок за будь-якої погоди- не продувається вітром і не намокає під дощем і снігом. Водонепроникність тканини 5000мм. Повітропроникність 5000 гр / м&sup2;.</p> <p>Продуманий до дрібниць:</p> <ul> <li>Спинка додатково утеплена флісом, тому ви можете не переживати, якщо малюк сів чи ліг на сніг або на холодні гойдалки.</li> <li>На поясі вшита гумка для кращого прилягання і посадці по фігурі.</li> <li>Надійна внутрішня вітрозахисна планка, що закриває застібку.</li> <li>Комфортні внутрішні манжети на антиковзаючій гумці, завдяки яким штанини фіксуються на черевичках і ніжки захищені від попадання холодного повітря і снігу.</li> <li>Світловідбиваючі елементи забезпечують видимість дитини в темний час доби.</li>
</ul> <p>Утеплювач - інноваційний матеріал Thermoloft Active 200. Тонкий, легкий і ефективно утримує тепло - до двох разів тепліше аналогічних утеплювачів однакової ваги. Не пропускає воду, не сковує рухи і практично не дає усадку при пранні.</p> <p>Підкладка - антипілінговий фліс Polar, який практично не кошлатиться.</p> <p>У штанинах - підкладковий атлас для легкого одягання.</p> <p>Температурний режим +5 - 20 &deg; С без урахування вітру і вологості</p> <p>Розміри - 92, 98 і 104 см.</p> <p>Напівкомбінезони невибагливі в догляді - їх можна прати (використовуйте рідкі порошки або засоби для мембрани) і сушити в пральній машині.</p> <p>Створюють чарівний комплект 2 в 1 з <u><span style=""font-size:16px;""><span style=""color:#f39c12;"">куртками-парками</span></span><span style=""color:#f39c12;""> ДоРечі.</span></u></p>"
DR-2052-98,DR-2052-104,Напівкомбінезон зимовий Синій,Напівкомбінезон зимовий Синій 98 см,Одяг/Комбінезони,98,1250,UAH,В наявності,Да,ДоРечі,Google Feed for Merchant Center,"https://dorechi.ua/content/images/3/pants_navy_98-64315864590133_+9392c02d36.jpg;https://dorechi.ua/content/images/2/pants_navy_92-12325144248604_+884ea3a1e0.jpg;https://dorechi.ua/content/images/2/pants_navy_92-89499227468196_+677f81ac7e.jpg;https://dorechi.ua/content/images/2/pants_navy_92-33006743501916_+18eb06e3d7.jpg;https://dorechi.ua/content/images/2/pants_navy_92-89316773068505_+db0a244c8a.jpg;https://dorechi.ua/content/images/2/pants_navy_92-97604439062311_+2e6e483e0a.jpg;https://dorechi.ua/content/images/2/pants_navy_92-37938586567094_+c101d3e8fe.jpg;https://dorechi.ua/content/images/2/pants_navy_92-35846179924643_+c3b71d042a.jpg;https://dorechi.ua/content/images/2/pants_navy_92-34053114267790_+d8ef0213ef.jpg;https://dorechi.ua/content/images/2/pants_navy_92-65518583863962_+d20eb4ed3c.jpg;https://dorechi.ua/content/images/2/pants_navy_92-61436896072999_+9f1da92acb.jpg","<p>Водонепроникний дитячий напівкомбінезон дуже важливий для тривалих зимових прогулянок на свіжому повітрі! Він легкий, відмінно лягає по фігурі, і завдяки продуманій конструкції не створює непотрібного об&rsquo;єму, який заважає свободі рухів.</p> <p>З основною функцією - збереженням тепла, справляється на ""відмінно"".</p> <p>Його можна використовувати не один рік, тому що лямки оснащені зручними регуляторами довжини, а штанини можна підвернути в перший рік і відкотити на наступний.</p> <p>Напівкомбінезон пошитий з дихаючої мембранної вітро- і водонепроникної тканини, що забезпечує комфорт прогулянок за будь-якої погоди- не продувається вітром і не намокає під дощем і снігом. Водонепроникність тканини 5000мм. Повітропроникність 5000 гр / м&sup2;.</p> <p>Продуманий до дрібниць:</p> <ul> <li>Спинка додатково утеплена флісом, тому ви можете не переживати, якщо малюк сів чи ліг на сніг або на холодні гойдалки.</li> <li>На поясі вшита гумка для кращого прилягання і посадці по фігурі.</li> <li>Надійна внутрішня вітрозахисна планка, що закриває застібку.</li> <li>Комфортні внутрішні манжети на антиковзаючій гумці, завдяки яким штанини фіксуються на черевичках і ніжки захищені від попадання холодного повітря і снігу.</li> <li>Світловідбиваючі елементи забезпечують видимість дитини в темний час доби.</li>
</ul> <p>Утеплювач - інноваційний матеріал Thermoloft Active 200. Тонкий, легкий і ефективно утримує тепло - до двох разів тепліше аналогічних утеплювачів однакової ваги. Не пропускає воду, не сковує рухи і практично не дає усадку при пранні.</p> <p>Підкладка - антипілінговий фліс Polar, який практично не кошлатиться.</p> <p>У штанинах - підкладковий атлас для легкого одягання.</p> <p>Температурний режим +5 - 20 &deg; С без урахування вітру і вологості</p> <p>Розміри - 92, 98 і 104 см.</p> <p>Напівкомбінезони невибагливі в догляді - їх можна прати (використовуйте рідкі порошки або засоби для мембрани) і сушити в пральній машині.</p> <p>Створюють чарівний комплект 2 в 1 з <u><span style=""font-size:16px;""><span style=""color:#f39c12;"">куртками-парками</span></span><span style=""color:#f39c12;""> ДоРечі.</span></u></p>"
DR-2096,DR-2096,Муфта на флісі Леопард,Муфта на флісі Леопард,Прогулянка та іграшки/Аксесуари для колясок,,1095,UAH,В наявності,Да,ДоРечі,Google Feed for Merchant Center,"https://dorechi.ua/content/images/33/handmuff_leopard-71200628587886_+23d0e09f0e.jpg;https://dorechi.ua/content/images/33/handmuff_leopard-65451724356702_+03e0e9d627.jpg","<h2>Муфта ДоРечі практичного чорного кольору - це універсальна муфта, яка підходить до усіх видів візків - з однією та двома ручками, з ручними гальмами та без них.</h2> <p>Муфта на коляску від компанії ДоРечі &ndash; це абсолютно новий рівень захисту рук під час прогулянок на морозному повітрі.</p> <p>Це єдина у світі запатентована модель муфти, у якій рука не торкається холодної ручки коляски. Виріб створює замкнений простір, який унеможливлює вихід тепла назовні і запобігає задуванню вітру всередину. Придбавши муфту ДоРечі, ви керуватимете коляскою з задоволенням, незважаючи на низьку температуру, вітер, дощ чи сніг.</p> <p>Світловідбивні елементи забезпечать вашу видимість для водіїв під час переходу через дорогу у темну частину доби.</p> <p>Високоякісні застібки &ldquo;молнії&rdquo; виробництва України, на відміну від дешевого Китаю, прослужать довго і витримають велику кількість циклів розстібання &ndash; застібання.</p> <p>Ззовні &ndash; мембранна тканина з водо відштовхуючою та вітронепроникною обробкою.</p> <p>Утеплювач &ndash; чотиришаровий силіконізований синтепон (вдвічі більше, ніж у муфтах на овчині).</p> <p>Підкладка &ndash; щільний антиалергенний антипілінговий фліс Polar турецького виробництва. Завдяки використання флісу замість звичної нам овчини, яка вимагає особливого догляду, муфту можна прати у пральній машинці, а не користуватися послугами хімчистки.</p> <p>Муфти ідеально поєднуються у кольоровій гаммі з конвертами виробництва компанії ДоРечі.</p>"
DR-2115,DR-2115,Муфта на флісі Мамонт,Муфта на флісі Мамонт,Прогулянка та іграшки/Аксесуари для колясок,,1095,UAH,В наявності,Да,ДоРечі,Google Feed for Merchant Center,https://dorechi.ua/content/images/14/handmuff_mammoth-74510447933117_+d2f6e9613f.jpg,"<h2>Муфта ДоРечі практичного чорного кольору з милим малюнком - це універсальна муфта, яка підходить до усіх видів візків - з однією та двома ручками, з ручними гальмами та без них.</h2> <p>Муфта на коляску від компанії ДоРечі &ndash; це абсолютно новий рівень захисту рук під час прогулянок на морозному повітрі.</p> <p>Це єдина у світі запатентована модель муфти, у якій рука не торкається холодної ручки коляски. Виріб створює замкнений простір, який унеможливлює вихід тепла назовні і запобігає задуванню вітру всередину. Придбавши муфту ДоРечі, ви керуватимете коляскою з задоволенням, незважаючи на низьку температуру, вітер, дощ чи сніг.</p> <p>Світловідбивні елементи забезпечать вашу видимість для водіїв під час переходу через дорогу у темну частину доби.</p> <p>Високоякісні застібки &ldquo;молнії&rdquo; виробництва України, на відміну від дешевого Китаю, прослужать довго і витримають велику кількість циклів розстібання &ndash; застібання.</p> <p>Ззовні &ndash; мембранна тканина з водо відштовхуючою та вітронепроникною обробкою.</p> <p>Утеплювач &ndash; чотиришаровий силіконізований синтепон (вдвічі більше, ніж у муфтах на овчині).</p> <p>Підкладка &ndash; щільний антиалергенний антипілінговий фліс Polar турецького виробництва. Завдяки використання флісу замість звичної нам овчини, яка вимагає особливого догляду, муфту можна прати у пральній машинці, а не користуватися послугами хімчистки.</p> <p>Муфти ідеально поєднуються у кольоровій гаммі з конвертами виробництва компанії ДоРечі.</p>"
DR-2116,DR-2116,Муфта на флісі Перший сніг,Муфта на флісі Перший сніг,Прогулянка та іграшки/Аксесуари для колясок,,1095,UAH,В наявності,Да,ДоРечі,Google Feed for Merchant Center,https://dorechi.ua/content/images/15/handmuff_first_snow-74400486155879_+4325eaab2e.jpg,"<h2>Муфта ДоРечі зі стильним принтом ""Перший сніг"" - це універсальна муфта, яка підходить до усіх видів візків - з однією та двома ручками, з ручними гальмами та без них.</h2> <p>Муфта на коляску від компанії ДоРечі &ndash; це абсолютно новий рівень захисту рук під час прогулянок на морозному повітрі.</p> <p>Це єдина у світі запатентована модель муфти, у якій рука не торкається холодної ручки коляски. Виріб створює замкнений простір, який унеможливлює вихід тепла назовні і запобігає задуванню вітру всередину. Придбавши муфту ДоРечі, ви керуватимете коляскою з задоволенням, незважаючи на низьку температуру, вітер, дощ чи сніг.</p> <p>Світловідбивні елементи забезпечать вашу видимість для водіїв під час переходу через дорогу у темну частину доби.</p> <p>Високоякісні застібки &ldquo;молнії&rdquo; виробництва України, на відміну від дешевого Китаю, прослужать довго і витримають велику кількість циклів розстібання &ndash; застібання.</p> <p>Ззовні &ndash; мембранна тканина з водо відштовхуючою та вітронепроникною обробкою.</p> <p>Утеплювач &ndash; чотиришаровий силіконізований синтепон (вдвічі більше, ніж у муфтах на овчині).</p> <p>Підкладка &ndash; щільний антиалергенний антипілінговий фліс Polar турецького виробництва. Завдяки використання флісу замість звичної нам овчини, яка вимагає особливого догляду, муфту можна прати у пральній машинці, а не користуватися послугами хімчистки.</p> <p>Муфти ідеально поєднуються у кольоровій гаммі з конвертами виробництва компанії ДоРечі.</p>"
DR-2117,DR-2117,Муфта на флісі Зимова Галявина,Муфта на флісі Зимова Галявина,Прогулянка та іграшки/Аксесуари для колясок,,1095,UAH,В наявності,Да,ДоРечі,Google Feed for Merchant Center,"https://dorechi.ua/content/images/16/handmuff_winter_meadow-92533400741399_+10b65e1e07.jpg;https://dorechi.ua/content/images/16/handmuff_winter_meadow-95826179166455_+7aff3b29c6.jpg","<h2>Муфта ДоРечі з ніжним принтом ""Зимова галявина"" - це універсальна муфта, яка підходить до усіх видів візків - з однією та двома ручками, з ручними гальмами та без них.</h2>

<p>Муфта на коляску від компанії ДоРечі &ndash; це абсолютно новий рівень захисту рук під час прогулянок на морозному повітрі.</p>

<p>Це єдина у світі запатентована модель муфти, у якій рука не торкається холодної ручки коляски. Виріб створює замкнений простір, який унеможливлює вихід тепла назовні і запобігає задуванню вітру всередину. Придбавши муфту ДоРечі, ви керуватимете коляскою з задоволенням, незважаючи на низьку температуру, вітер, дощ чи сніг.</p>

<p>Світловідбивні елементи забезпечать вашу видимість для водіїв під час переходу через дорогу у темну частину доби.</p>

<p>Високоякісні застібки &ldquo;молнії&rdquo; виробництва України, на відміну від дешевого Китаю, прослужать довго і витримають велику кількість циклів розстібання &ndash; застібання.</p>

<p>Ззовні &ndash; мембранна тканина з водо відштовхуючою та вітронепроникною обробкою.</p>

<p>Утеплювач &ndash; чотиришаровий силіконізований синтепон (вдвічі більше, ніж у муфтах на овчині).</p>

<p>Підкладка &ndash; щільний антиалергенний антипілінговий фліс Polar турецького виробництва. Завдяки використання флісу замість звичної нам овчини, яка вимагає особливого догляду, муфту можна прати у пральній машинці, а не користуватися послугами хімчистки.</p>

<p>Муфти ідеально поєднуються у кольоровій гаммі з конвертами виробництва компанії ДоРечі.</p>

<h3>Купити муфту на флісі зі швидкою доставкою Ви можете в нашому офіційному інтернет-магазині!</h3>

<p style=""margin:0cm 0cm 0.0001pt""> </p>"
DR-1816,DR-1816,Муфта на флісі Бежева,Муфта на флісі Бежева,Прогулянка та іграшки/Аксесуари для колясок,,995,UAH,В наявності,Да,ДоРечі,Google Feed for Merchant Center,https://dorechi.ua/content/images/2/mufta_fleece_beige-83353632948030_+941774f715.jpg,
DR-2080,DR-2080,Муфта на флісі Лате,Муфта на флісі Лате,Прогулянка та іграшки/Аксесуари для колясок,,995,UAH,В наявності,Да,ДоРечі,Google Feed for Merchant Center,"https://dorechi.ua/content/images/46/handmuff_late-45477987386745_+0cf53ad536.jpg;https://dorechi.ua/content/images/46/handmuff_late-83961876854627_+1a8f2ae286.jpg;https://dorechi.ua/content/images/46/handmuff_late-33672811808503_+b5e06a87bb.jpg;https://dorechi.ua/content/images/46/handmuff_late-31998209890196_+958a554d35.jpg;https://dorechi.ua/content/images/46/handmuff_late-91854200352218_+28378480ca.jpg",
DR-1817,DR-1817,Муфта на овчині Графітова,Муфта на овчині Графітова,Прогулянка та іграшки/Аксесуари для колясок,,995,UAH,В наявності,Да,ДоРечі,Google Feed for Merchant Center,"https://dorechi.ua/content/images/27/mufti-dorechidorechi-mufta-na-ovchyni-graphite-20707378851680_+c09d057a17.jpg;https://dorechi.ua/content/images/27/mufti-dorechidorechi-mufta-na-ovchyni-graphite-58057888117101_+5ef1d60fd6.jpg;https://dorechi.ua/content/images/27/mufti-dorechidorechi-mufta-na-ovchyni-graphite-83473413624506_+df79e11adf.jpg;https://dorechi.ua/content/images/27/mufti-dorechidorechi-mufta-na-ovchyni-graphite-87765257881309_+bf8ae8cb18.jpg;https://dorechi.ua/content/images/27/mufti-dorechidorechi-mufta-na-ovchyni-graphite-33344509773855_+baff9d06d7.jpg;https://dorechi.ua/content/images/27/mufti-dorechidorechi-mufta-na-ovchyni-graphite-22235951329258_+9f0de048ac.jpg;https://dorechi.ua/content/images/27/mufti-dorechidorechi-mufta-na-ovchyni-graphite-14746609288578_+688c0b197a.jpg;https://dorechi.ua/content/images/27/mufti-dorechidorechi-mufta-na-ovchyni-graphite-20205554607813_+eaa16ca76d.jpg","<h2>Муфта ДоРечі Графітового кольору - це універсальна муфта, яка підходить до усіх видів візків - з однією та двома ручками, з ручними гальмами та без них.</h2> <p>Муфта на коляску від компанії ДоРечі &ndash; це абсолютно новий рівень захисту рук під час прогулянок на морозному повітрі.</p> <p>Це єдина у світі запатентована модель муфти, у якій рука не торкається холодної ручки коляски. Виріб створює замкнений простір, який унеможливлює вихід тепла назовні і запобігає задуванню вітру всередину. Придбавши муфту ДоРечі, ви керуватимете коляскою з задоволенням, незважаючи на низьку температуру, вітер, дощ чи сніг.</p> <p>Світловідбивні елементи забезпечать вашу видимість для водіїв під час переходу через дорогу у темну частину доби.</p> <p>Високоякісні застібки &ldquo;молнії&rdquo; виробництва України, на відміну від дешевого Китаю, прослужать довго і витримають велику кількість циклів розстібання &ndash; застібання.</p> <p>Ззовні &ndash; мембранна тканина з водо відштовхуючою та вітронепроникною обробкою.</p> <p>Утеплювач &ndash; двошаровий силіконізований синтепон.</p> <p>Підкладка &ndash; овчина на тканій основі 100% овеча вовна.</p> <p>Муфти ідеально поєднуються у кольоровій гаммі з конвертами виробництва компанії ДоРечі.</p> <h3>Купити муфту на овчині зі швидкою доставкою Ви можете в нашому офіційному інтернет-магазині усього за декілька хвилин!</h3> <p style=""margin:0cm 0cm 0.0001pt""><span style=""font-size:medium""><span style=""font-family:Calibri, sans-serif""><span lang=""RU"" style=""font-size:13.5pt""><span style=""font-family:-webkit-standard, serif"">Хочемо наголосити, що підкладка виробу з натуральної вовни, тому рекомендована суха хімчистка</span></span><br />
<span lang=""RU"" style=""font-size:13.5pt""><span style=""font-family:-webkit-standard, serif"">У домашніх умовах його можна прати руками шампунню чи спеціальним засобом для вовни</span></span><br />
<span lang=""RU"" style=""font-size:13.5pt""><span style=""font-family:-webkit-standard, serif"">Не відтискати у пральній машинці</span></span><br />
<span lang=""RU"" style=""font-size:13.5pt""><span style=""font-family:-webkit-standard, serif"">Після прання в машинці</span></span> <span lang=""RU"" style=""font-size:13.5pt""><span style=""font-family:-webkit-standard, serif"">вовна зкатається та стане схожою на вовняний пледик (хоча це зовсім не страшно, бо своїх теплих властивостей вона все одно не втратить)</span></span></span></span></p> "
DR-1817-F,DR-1817-F,Муфта на флісі Графітова,Муфта на флісі Графітова,Прогулянка та іграшки/Аксесуари для колясок,,995,UAH,В наявності,Да,ДоРечі,Google Feed for Merchant Center,"https://dorechi.ua/content/images/48/mufta_fleece_graphite-83793370501704_+d247aed806.jpg;https://dorechi.ua/content/images/48/mufta_fleece_graphite-83154075417114_+671db4594c.jpg;https://dorechi.ua/content/images/48/mufta_fleece_graphite-41792027802316_+606e95cae8.jpg;https://dorechi.ua/content/images/48/mufta_fleece_graphite-51826023347151_+2ec7159203.jpg;https://dorechi.ua/content/images/48/mufta_fleece_graphite-23554054269246_+59291ebc5e.jpg;https://dorechi.ua/content/images/48/mufta_fleece_graphite-82486594130352_+ad35d0f3f9.jpg;https://dorechi.ua/content/images/48/mufta_fleece_graphite-81016889860660_+09919a33ff.jpg;https://dorechi.ua/content/images/48/mufta_fleece_graphite-80958873587324_+08cf16d2e2.jpg","<h2>Муфта ДоРечі приємного графітового кольору - це універсальна муфта, яка підходить до усіх видів візків - з однією та двома ручками, з ручними гальмами та без них.</h2> <p>Муфта на коляску від компанії ДоРечі &ndash; це абсолютно новий рівень захисту рук під час прогулянок на морозному повітрі.</p> <p>Це єдина у світі запатентована модель муфти, у якій рука не торкається холодної ручки коляски. Виріб створює замкнений простір, який унеможливлює вихід тепла назовні і запобігає задуванню вітру всередину. Придбавши муфту ДоРечі, ви керуватимете коляскою з задоволенням, незважаючи на низьку температуру, вітер, дощ чи сніг.</p> <p>Світловідбивні елементи забезпечать вашу видимість для водіїв під час переходу через дорогу у темну частину доби.</p> <p>Високоякісні застібки &ldquo;молнії&rdquo; виробництва України, на відміну від дешевого Китаю, прослужать довго і витримають велику кількість циклів розстібання &ndash; застібання.</p> <p>Ззовні &ndash; мембранна тканина з водо відштовхуючою та вітронепроникною обробкою.</p> <p>Утеплювач &ndash; чотиришаровий силіконізований синтепон (вдвічі більше, ніж у муфтах на овчині).</p> <p>Підкладка &ndash; щільний антиалергенний антипілінговий фліс Polar турецького виробництва. Завдяки використання флісу замість звичної нам овчини, яка вимагає особливого догляду, муфту можна прати у пральній машинці, а не користуватися послугами хімчистки.</p> <p>Муфти ідеально поєднуються у кольоровій гаммі з конвертами виробництва компанії ДоРечі</p>"
DR-1818,DR-1818,Муфта на овчині Чорна,Муфта на овчині Чорна,Прогулянка та іграшки/Аксесуари для колясок,,995,UAH,В наявності,Да,ДоРечі,Google Feed for Merchant Center,"https://dorechi.ua/content/images/34/mufti-dorechiknyaginya-dorechi-mufta-dlya-vizochkiv-87671398801484_+82f3567e06.jpg;https://dorechi.ua/content/images/34/mufti-dorechiknyaginya-dorechi-mufta-dlya-vizochkiv-32510872256300_+ba1dacee46.jpg;https://dorechi.ua/content/images/34/mufti-dorechiknyaginya-dorechi-mufta-dlya-vizochkiv-50260283087214_+9c948c4925.jpg;https://dorechi.ua/content/images/34/mufti-dorechiknyaginya-dorechi-mufta-dlya-vizochkiv-49672736522215_+25b0d99d48.jpg;https://dorechi.ua/content/images/34/mufti-dorechiknyaginya-dorechi-mufta-dlya-vizochkiv-95542031347967_+01e4082e0c.jpg","<h2>Чорні муфти-рукавички на коляску ДоРечі - це абсолютно новий рівень захисту рук під час прогулянок на морозному повітрі.</h2>

<p>Єдина у світі запатентована модель муфти, у якій рука не торкається холодної ручки коляски. Виріб створює замкнений простір, який унеможливлює вихід тепла назовні і запобігає задуванню вітру всередину. Придбавши муфту ДоРечі, ви керуватимете коляскою з задоволенням, незважаючи на низьку температуру, вітер, дощ чи сніг.</p>

<p>Світловідбивні елементи забезпечать вашу видимість для водіїв під час переходу через дорогу у темну частину доби.</p>

<p>Високоякісні застібки виробництва України, на відміну від недовговічних китайських, прослужать довго і витримають велику кількість циклів розстібання &ndash; застібання</p>

<p>Ззовні &ndash; мембранна тканина з водо відштовхуючою та вітронепроникною обробкою.</p>

<p>Утеплювач &ndash; двошаровий силіконізований синтепон.</p>

<p>Підкладка &ndash; овчина на тканій основі 100% овеча вовна.</p>

<p>Муфти ідеально поєднуються у кольоровій гаммі з конвертами виробництва компанії ДоРечі.</p>

<h3>Купити муфту на овчині зі швидкою доставкою Ви можете в нашому офіційному інтернет-магазині!</h3>

<p style=""margin:0cm 0cm 0.0001pt""><span style=""font-size:medium""><span style=""font-family:Calibri, sans-serif""><span lang=""RU"" style=""font-size:13.5pt""><span style=""font-family:-webkit-standard, serif"">Хочемо наголосити, що підкладка виробу з натуральної вовни, тому рекомендована суха хімчистка</span></span><br />
<span lang=""RU"" style=""font-size:13.5pt""><span style=""font-family:-webkit-standard, serif"">У домашніх умовах його можна прати руками шампунню чи спеціальним засобом для вовни</span></span><br />
<span lang=""RU"" style=""font-size:13.5pt""><span style=""font-family:-webkit-standard, serif"">Не відтискати у пральній машинці</span></span><br />
<span lang=""RU"" style=""font-size:13.5pt""><span style=""font-family:-webkit-standard, serif"">Після прання в машинці</span></span> <span lang=""RU"" style=""font-size:13.5pt""><span style=""font-family:-webkit-standard, serif"">вовна зкатається та стане схожою на вовняний пледик (хоча це зовсім не страшно, бо своїх теплих властивостей вона все одно не втратить)</span></span></span></span></p>"
DR-1818-F,DR-1818-F,Муфта на флісі Чорна,Муфта на флісі Чорна,Прогулянка та іграшки/Аксесуари для колясок,,995,UAH,В наявності,Да,ДоРечі,Google Feed for Merchant Center,"https://dorechi.ua/content/images/49/mufta_fleece_black-89970690381437_+d093bc330b.jpg;https://dorechi.ua/content/images/49/mufta_fleece_black-30090175074959_+7ebed573e6.jpg;https://dorechi.ua/content/images/49/mufta_fleece_black-50917494141862_+58d9d25247.jpg;https://dorechi.ua/content/images/49/mufta_fleece_black-64999391909002_+4007ba24e3.jpg","<h2>Муфта ДоРечі практичного чорного кольору - це універсальна муфта, яка підходить до усіх видів візків - з однією та двома ручками, з ручними гальмами та без них.</h2> <p>Муфта на коляску від компанії ДоРечі &ndash; це абсолютно новий рівень захисту рук під час прогулянок на морозному повітрі.</p> <p>Це єдина у світі запатентована модель муфти, у якій рука не торкається холодної ручки коляски. Виріб створює замкнений простір, який унеможливлює вихід тепла назовні і запобігає задуванню вітру всередину. Придбавши муфту ДоРечі, ви керуватимете коляскою з задоволенням, незважаючи на низьку температуру, вітер, дощ чи сніг.</p> <p>Світловідбивні елементи забезпечать вашу видимість для водіїв під час переходу через дорогу у темну частину доби.</p> <p>Високоякісні застібки &ldquo;молнії&rdquo; виробництва України, на відміну від дешевого Китаю, прослужать довго і витримають велику кількість циклів розстібання &ndash; застібання.</p> <p>Ззовні &ndash; мембранна тканина з водо відштовхуючою та вітронепроникною обробкою.</p> <p>Утеплювач &ndash; чотиришаровий силіконізований синтепон (вдвічі більше, ніж у муфтах на овчині).</p> <p>Підкладка &ndash; щільний антиалергенний антипілінговий фліс Polar турецького виробництва. Завдяки використання флісу замість звичної нам овчини, яка вимагає особливого догляду, муфту можна прати у пральній машинці, а не користуватися послугами хімчистки.</p> <p>Муфти ідеально поєднуються у кольоровій гаммі з конвертами виробництва компанії ДоРечі.</p>"
DR-1850,DR-1850,Муфта на овчині Синя,Муфта на овчині Синя,Прогулянка та іграшки/Аксесуари для колясок,,600,UAH,В наявності,Да,ДоРечі,Google Feed for Merchant Center,"https://dorechi.ua/content/images/28/mufti-dorechidorechi-mufta-na-ovchyni-navy-blue-35160367146277_+ee0abd8d4b.jpg;https://dorechi.ua/content/images/28/mufti-dorechidorechi-mufta-na-ovchyni-navy-blue-18360538083238_+74258f2ab5.jpg;https://dorechi.ua/content/images/28/mufti-dorechidorechi-mufta-na-ovchyni-navy-blue-72253673582664_+2a2084e00e.jpg;https://dorechi.ua/content/images/28/mufti-dorechidorechi-mufta-na-ovchyni-navy-blue-88985774057100_+7c5a0b23b2.jpg;https://dorechi.ua/content/images/28/mufti-dorechidorechi-mufta-na-ovchyni-navy-blue-98517453029585_+d5c63151fb.jpg","<h2>Муфта на коляску ДоРечі синя - це універсальна муфта, яка підходить до усіх видів візків - з однією та двома ручками, з ручними гальмами та без них.</h2> <p>Муфта на коляску від компанії ДоРечі &ndash; це абсолютно новий рівень захисту рук під час прогулянок на морозному повітрі.</p> <p>Це єдина у світі запатентована модель муфти, у якій рука не торкається холодної ручки коляски. Виріб створює замкнений простір, який унеможливлює вихід тепла назовні і запобігає задуванню вітру всередину. Придбавши муфту ДоРечі, ви керуватимете коляскою з задоволенням, незважаючи на низьку температуру, вітер, дощ чи сніг.</p> <p>Світловідбивні елементи забезпечать вашу видимість для водіїв під час переходу через дорогу у темну частину доби.</p> <p>Високоякісні застібки &ldquo;молнії&rdquo; виробництва України, на відміну від дешевого Китаю, прослужать довго і витримають велику кількість циклів розстібання &ndash; застібання.</p> <p>Ззовні &ndash; мембранна тканина з водо відштовхуючою та вітронепроникною обробкою.</p> <p>Утеплювач &ndash; двошаровий силіконізований синтепон.</p> <p>Підкладка &ndash; овчина на тканій основі 100% овеча вовна.</p> <p>Муфти ідеально поєднуються у кольоровій гаммі з конвертами виробництва компанії ДоРечі.</p> <p style=""margin:0cm 0cm 0.0001pt""><span style=""font-size:medium""><span style=""font-family:Calibri, sans-serif""><span lang=""RU"" style=""font-size:13.5pt""><span style=""font-family:-webkit-standard, serif"">Хочемо наголосити, що підкладка виробу з натуральної вовни, тому рекомендована суха хімчистка</span></span><br />
<span lang=""RU"" style=""font-size:13.5pt""><span style=""font-family:-webkit-standard, serif"">У домашніх умовах його можна прати руками шампунню чи спеціальним засобом для вовни</span></span><br />
<span lang=""RU"" style=""font-size:13.5pt""><span style=""font-family:-webkit-standard, serif"">Не відтискати у пральній машинці</span></span><br />
<span lang=""RU"" style=""font-size:13.5pt""><span style=""font-family:-webkit-standard, serif"">Після прання в машинці</span></span> <span lang=""RU"" style=""font-size:13.5pt""><span style=""font-family:-webkit-standard, serif"">вовна зкатається та стане схожою на вовняний пледик (хоча це зовсім не страшно, бо своїх теплих властивостей вона все одно не втратить)</span></span></span></span></p>"
DR-1850-F,DR-1850-F,Муфта на флісі Синя,Муфта на флісі Синя,Прогулянка та іграшки/Аксесуари для колясок,,995,UAH,В наявності,Да,ДоРечі,Google Feed for Merchant Center,"https://dorechi.ua/content/images/50/mufta_fleece_navy_blue-23945913043194_+5e0de020cd.jpg;https://dorechi.ua/content/images/50/mufta_fleece_navy_blue-91397497768594_+ef40173c1a.jpg;https://dorechi.ua/content/images/50/mufta_fleece_navy_blue-34542834201910_+351ac81932.jpg;https://dorechi.ua/content/images/50/mufta_fleece_navy_blue-11929595174203_+c823a1013a.jpg","<h2>Муфта ДоРечі глибокого синього кольору - це універсальна муфта, яка підходить до усіх видів візків - з однією та двома ручками, з ручними гальмами та без них.</h2> <p>Муфта на коляску від компанії ДоРечі &ndash; це абсолютно новий рівень захисту рук під час прогулянок на морозному повітрі.</p> <p>Це єдина у світі запатентована модель муфти, у якій рука не торкається холодної ручки коляски. Виріб створює замкнений простір, який унеможливлює вихід тепла назовні і запобігає задуванню вітру всередину. Придбавши муфту ДоРечі, ви керуватимете коляскою з задоволенням, незважаючи на низьку температуру, вітер, дощ чи сніг.</p> <p>Світловідбивні елементи забезпечать вашу видимість для водіїв під час переходу через дорогу у темну частину доби.</p> <p>Високоякісні застібки &ldquo;молнії&rdquo; виробництва України, на відміну від дешевого Китаю, прослужать довго і витримають велику кількість циклів розстібання &ndash; застібання.</p> <p>Ззовні &ndash; мембранна тканина з водо відштовхуючою та вітронепроникною обробкою.</p> <p>Утеплювач &ndash; чотиришаровий силіконізований синтепон (вдвічі більше, ніж у муфтах на овчині).</p> <p>Підкладка &ndash; щільний антиалергенний антипілінговий фліс Polar турецького виробництва. Завдяки використання флісу замість звичної нам овчини, яка вимагає особливого догляду, муфту можна прати у пральній машинці, а не користуватися послугами хімчистки.</p> <p>Муфти ідеально поєднуються у кольоровій гаммі з конвертами виробництва компанії ДоРечі.</p>"
DR-2078,DR-2078,Муфта на флісі М'ятна,Муфта на флісі М'ятна,Прогулянка та іграшки/Аксесуари для колясок,,995,UAH,В наявності,Да,ДоРечі,Google Feed for Merchant Center,"https://dorechi.ua/content/images/44/handmuffs_mint-86840143968888_+a04847b4dc.jpg;https://dorechi.ua/content/images/44/handmuff_mint-55460026589396_+3b106f7d0c.jpg;https://dorechi.ua/content/images/44/handmuff_mint-83086474790676_+0abc2ac0b5.jpg;https://dorechi.ua/content/images/44/handmuff_mint-20478347049035_+e75f78d71c.jpg;https://dorechi.ua/content/images/44/handmuff_mint-30964505384933_+8e9a1e7a58.jpg","<h2>Муфта ДоРечі практичного м&#39;ятного кольору - це універсальна муфта, яка підходить до усіх видів візків - з однією та двома ручками, з ручними гальмами та без них.</h2> <p>Муфта на коляску від компанії ДоРечі &ndash; це абсолютно новий рівень захисту рук під час прогулянок на морозному повітрі.</p> <p>Це єдина у світі запатентована модель муфти, у якій рука не торкається холодної ручки коляски. Виріб створює замкнений простір, який унеможливлює вихід тепла назовні і запобігає задуванню вітру всередину. Придбавши муфту ДоРечі, ви керуватимете коляскою з задоволенням, незважаючи на низьку температуру, вітер, дощ чи сніг.</p> <p>Світловідбивні елементи забезпечать вашу видимість для водіїв під час переходу через дорогу у темну частину доби.</p> <p>Високоякісні застібки &ldquo;молнії&rdquo; виробництва України, на відміну від дешевого Китаю, прослужать довго і витримають велику кількість циклів розстібання &ndash; застібання.</p> <p>Ззовні &ndash; плащова тканина з водо відштовхуючою та вітронепроникною обробкою.</p> <p>Утеплювач &ndash; чотиришаровий силіконізований синтепон (вдвічі більше, ніж у муфтах на овчині).</p> <p>Підкладка &ndash; щільний антиалергенний антипілінговий фліс Polar турецького виробництва. Завдяки використання флісу замість звичної нам овчини, яка вимагає особливого догляду, муфту можна прати у пральній машинці, а не користуватися послугами хімчистки.</p> <p>Муфти ідеально поєднуються у кольоровій гаммі з конвертами виробництва компанії ДоРечі.</p>"
DR-2079,DR-2079,Муфта на флісі Рожева,Муфта на флісі Рожева,Прогулянка та іграшки/Аксесуари для колясок,,995,UAH,В наявності,Да,ДоРечі,Google Feed for Merchant Center,"https://dorechi.ua/content/images/45/handmuff_pink-52995358814256_+f8433ce8a0.jpg;https://dorechi.ua/content/images/45/handmuff_pink-85329455688650_+5fbbf2baf9.jpg;https://dorechi.ua/content/images/45/handmuff_pink-71027015948154_+1e6006a820.jpg;https://dorechi.ua/content/images/45/handmuff_pink-76152428150828_+4d4bcea3a6.jpg;https://dorechi.ua/content/images/45/handmuff_pink-94573489361838_+552deeb10c.jpg","<h2>Муфта ДоРечі ніжного рожевого кольору - це універсальна муфта, яка підходить до усіх видів візків - з однією та двома ручками, з ручними гальмами та без них.</h2> <p>Муфта на коляску від компанії ДоРечі &ndash; це абсолютно новий рівень захисту рук під час прогулянок на морозному повітрі.</p> <p>Це єдина у світі запатентована модель муфти, у якій рука не торкається холодної ручки коляски. Виріб створює замкнений простір, який унеможливлює вихід тепла назовні і запобігає задуванню вітру всередину. Придбавши муфту ДоРечі, ви керуватимете коляскою з задоволенням, незважаючи на низьку температуру, вітер, дощ чи сніг.</p> <p>Світловідбивні елементи забезпечать вашу видимість для водіїв під час переходу через дорогу у темну частину доби.</p> <p>Високоякісні застібки &ldquo;молнії&rdquo; виробництва України, на відміну від дешевого Китаю, прослужать довго і витримають велику кількість циклів розстібання &ndash; застібання.</p> <p>Ззовні &ndash; плащова тканина з водо відштовхуючою та вітронепроникною обробкою.</p> <p>Утеплювач &ndash; чотиришаровий силіконізований синтепон (вдвічі більше, ніж у муфтах на овчині).</p> <p>Підкладка &ndash; щільний антиалергенний антипілінговий фліс Polar турецького виробництва. Завдяки використання флісу замість звичної нам овчини, яка вимагає особливого догляду, муфту можна прати у пральній машинці, а не користуватися послугами хімчистки.</p> <p>Муфти ідеально поєднуються у кольоровій гаммі з конвертами виробництва компанії ДоРечі.</p>"
DR-2080,DR-2080,Муфта на флісі Лате,Муфта на флісі Лате,Прогулянка та іграшки/Аксесуари для колясок,,995,UAH,В наявності,Да,ДоРечі,Google Feed for Merchant Center,"https://dorechi.ua/content/images/46/handmuff_late-45477987386745_+0cf53ad536.jpg;https://dorechi.ua/content/images/46/handmuff_late-83961876854627_+1a8f2ae286.jpg;https://dorechi.ua/content/images/46/handmuff_late-33672811808503_+b5e06a87bb.jpg;https://dorechi.ua/content/images/46/handmuff_late-31998209890196_+958a554d35.jpg;https://dorechi.ua/content/images/46/handmuff_late-91854200352218_+28378480ca.jpg","<h2>Муфта ДоРечі ніжного кольору Лате - це універсальна муфта, яка підходить до усіх видів візків - з однією та двома ручками, з ручними гальмами та без них.</h2> <p>Муфта на коляску від компанії ДоРечі &ndash; це абсолютно новий рівень захисту рук під час прогулянок на морозному повітрі.</p> <p>Це єдина у світі запатентована модель муфти, у якій рука не торкається холодної ручки коляски. Виріб створює замкнений простір, який унеможливлює вихід тепла назовні і запобігає задуванню вітру всередину. Придбавши муфту ДоРечі, ви керуватимете коляскою з задоволенням, незважаючи на низьку температуру, вітер, дощ чи сніг.</p> <p>Світловідбивні елементи забезпечать вашу видимість для водіїв під час переходу через дорогу у темну частину доби.</p> <p>Високоякісні застібки &ldquo;молнії&rdquo; виробництва України, на відміну від дешевого Китаю, прослужать довго і витримають велику кількість циклів розстібання &ndash; застібання.</p> <p>Ззовні &ndash; плащова тканина з водо відштовхуючою та вітронепроникною обробкою.</p> <p>Утеплювач &ndash; чотиришаровий силіконізований синтепон (вдвічі більше, ніж у муфтах на овчині).</p> <p>Підкладка &ndash; щільний антиалергенний антипілінговий фліс Polar турецького виробництва. Завдяки використання флісу замість звичної нам овчини, яка вимагає особливого догляду, муфту можна прати у пральній машинці, а не користуватися послугами хімчистки.</p> <p>Муфти ідеально поєднуються у кольоровій гаммі з конвертами виробництва компанії ДоРечі.</p>"
DR-2081,DR-2081,Муфта на флісі Зелена,Муфта на флісі Зелена,Прогулянка та іграшки/Аксесуари для колясок,,995,UAH,В наявності,Да,ДоРечі,Google Feed for Merchant Center,"https://dorechi.ua/content/images/47/handmuff_green-62318508358553_+6eb1e492f0.jpg;https://dorechi.ua/content/images/47/handmuff_green-11734250586000_+77e98f36ea.jpg;https://dorechi.ua/content/images/47/handmuff_green-31621984160584_+6cc71b32f3.jpg","<h2>Муфта ДоРечі універсального зеленого кольору - це універсальна муфта, яка підходить до усіх видів візків - з однією та двома ручками, з ручними гальмами та без них.</h2> <p>Муфта на коляску від компанії ДоРечі &ndash; це абсолютно новий рівень захисту рук під час прогулянок на морозному повітрі.</p> <p>Це єдина у світі запатентована модель муфти, у якій рука не торкається холодної ручки коляски. Виріб створює замкнений простір, який унеможливлює вихід тепла назовні і запобігає задуванню вітру всередину. Придбавши муфту ДоРечі, ви керуватимете коляскою з задоволенням, незважаючи на низьку температуру, вітер, дощ чи сніг.</p> <p>Світловідбивні елементи забезпечать вашу видимість для водіїв під час переходу через дорогу у темну частину доби.</p> <p>Високоякісні застібки &ldquo;молнії&rdquo; виробництва України, на відміну від дешевого Китаю, прослужать довго і витримають велику кількість циклів розстібання &ndash; застібання.</p> <p>Ззовні &ndash; плащова тканина з водо відштовхуючою та вітронепроникною обробкою.</p> <p>Утеплювач &ndash; чотиришаровий силіконізований синтепон (вдвічі більше, ніж у муфтах на овчині).</p> <p>Підкладка &ndash; щільний антиалергенний антипілінговий фліс Polar турецького виробництва. Завдяки використання флісу замість звичної нам овчини, яка вимагає особливого догляду, муфту можна прати у пральній машинці, а не користуватися послугами хімчистки.</p> <p>Муфти ідеально поєднуються у кольоровій гаммі з конвертами виробництва компанії ДоРечі.</p>"
DR-2082,DR-2082,Муфта на флісі Молочна,Муфта на флісі Молочна,Прогулянка та іграшки/Аксесуари для колясок,,995,UAH,В наявності,Да,ДоРечі,Google Feed for Merchant Center,"https://dorechi.ua/content/images/48/handmuff_milk-25315856277722_+807b340dd6.jpg;https://dorechi.ua/content/images/48/handmuff_milk-12008034559895_+e0cc91e63a.jpg;https://dorechi.ua/content/images/48/handmuff_milk-90258742564900_+f8ad83260c.jpg;https://dorechi.ua/content/images/48/handmuff_milk-30200349105637_+a9da53e856.jpg;https://dorechi.ua/content/images/48/handmuff_milk-44661795765486_+fd91dc626c.jpg","<h2>Муфта ДоРечі універсального молочного кольору - це універсальна муфта, яка підходить до усіх видів візків - з однією та двома ручками, з ручними гальмами та без них.</h2> <p>Муфта на коляску від компанії ДоРечі &ndash; це абсолютно новий рівень захисту рук під час прогулянок на морозному повітрі.</p> <p>Це єдина у світі запатентована модель муфти, у якій рука не торкається холодної ручки коляски. Виріб створює замкнений простір, який унеможливлює вихід тепла назовні і запобігає задуванню вітру всередину. Придбавши муфту ДоРечі, ви керуватимете коляскою з задоволенням, незважаючи на низьку температуру, вітер, дощ чи сніг.</p> <p>Світловідбивні елементи забезпечать вашу видимість для водіїв під час переходу через дорогу у темну частину доби.</p> <p>Високоякісні застібки &ldquo;молнії&rdquo; виробництва України, на відміну від дешевого Китаю, прослужать довго і витримають велику кількість циклів розстібання &ndash; застібання.</p> <p>Ззовні &ndash; плащова тканина з водо відштовхуючою та вітронепроникною обробкою.</p> <p>Утеплювач &ndash; чотиришаровий силіконізований синтепон (вдвічі більше, ніж у муфтах на овчині).</p> <p>Підкладка &ndash; щільний антиалергенний антипілінговий фліс Polar турецького виробництва. Завдяки використання флісу замість звичної нам овчини, яка вимагає особливого догляду, муфту можна прати у пральній машинці, а не користуватися послугами хімчистки.</p> <p>Муфти ідеально поєднуються у кольоровій гаммі з конвертами виробництва компанії ДоРечі.</p>"
DR-2114,DR-2114,Муфта на флісі Шоколад,Муфта на флісі Шоколад,Прогулянка та іграшки/Аксесуари для колясок,,995,UAH,В наявності,Да,ДоРечі,Google Feed for Merchant Center,https://dorechi.ua/content/images/13/handmuff_chocolate-26512225055808_+6655f6b02b.jpg,"<h2>Муфта ДоРечі практичного шоколадного кольору - це універсальна муфта, яка підходить до усіх видів візків - з однією та двома ручками, з ручними гальмами та без них.</h2> <p>Муфта на коляску від компанії ДоРечі &ndash; це абсолютно новий рівень захисту рук під час прогулянок на морозному повітрі.</p> <p>Це єдина у світі запатентована модель муфти, у якій рука не торкається холодної ручки коляски. Виріб створює замкнений простір, який унеможливлює вихід тепла назовні і запобігає задуванню вітру всередину. Придбавши муфту ДоРечі, ви керуватимете коляскою з задоволенням, незважаючи на низьку температуру, вітер, дощ чи сніг.</p> <p>Світловідбивні елементи забезпечать вашу видимість для водіїв під час переходу через дорогу у темну частину доби.</p> <p>Високоякісні застібки &ldquo;молнії&rdquo; виробництва України, на відміну від дешевого Китаю, прослужать довго і витримають велику кількість циклів розстібання &ndash; застібання.</p> <p>Ззовні &ndash; мембранна тканина з водо відштовхуючою та вітронепроникною обробкою.</p> <p>Утеплювач &ndash; чотиришаровий силіконізований синтепон (вдвічі більше, ніж у муфтах на овчині).</p> <p>Підкладка &ndash; щільний антиалергенний антипілінговий фліс Polar турецького виробництва. Завдяки використання флісу замість звичної нам овчини, яка вимагає особливого догляду, муфту можна прати у пральній машинці, а не користуватися послугами хімчистки.</p> <p>Муфти ідеально поєднуються у кольоровій гаммі з конвертами виробництва компанії ДоРечі.</p>"
DR-1961-74,DR-1961-74,Куртка Комікси,Куртка Комікси 74 см,Одяг/Верхній одяг,74,945,UAH,В наявності,Да,ДоРечі,Google Feed for Merchant Center,"https://dorechi.ua/content/images/48/parka_comics_74-70108290403517_+46895d2b0c.jpg;https://dorechi.ua/content/images/48/parka_comics_74-19507266129141_+52b24278cc.jpg;https://dorechi.ua/content/images/48/parka_comics_74-63846458323982_+7b3737c4f7.jpg;https://dorechi.ua/content/images/48/parka_comics_74-22868603892042_+35f355873b.jpg;https://dorechi.ua/content/images/48/parka_comics_74-54390875418092_+c3742a239c.jpg;https://dorechi.ua/content/images/48/parka_comics_74-64808244409645_+a78403b3e8.jpg;https://dorechi.ua/content/images/48/parka_comics_74-60404196068304_+209be36695.jpg;https://dorechi.ua/content/images/48/parka_comics_74-36075056563824_+74c75819fb.jpg;https://dorechi.ua/content/images/48/parka_comics_74-15865789763457_+b188b39769.jpg;https://dorechi.ua/content/images/48/parka_comics_74-50718363995763_+a8a84e0593.jpeg","<p>Демісезонна курточка-парка ДоРечі Комікси - це саме той непересічний дитячий одяг, який ви так довго шукали.</p> <p>Вона стильна, зручна та практична. А завдяки світловідбивним елементам малятко буде помітне під час переходу дороги у темну частину доби. </p> <p>Верх - вітронепродувна та водовідштовхуюча мембранна тканина. Водонепроникність 5000мм. Повітропроникність 5000 гр/м&sup2;.</p> <p>Майже невагомий утеплювач - Termoloft&trade; 100 з відмінною термоізоляцією.</p> <p>Підкладка - м&rsquo;якенька 100% бавовна на грудях та спинці плюс приємний на дотик щільний підкладковий атлас у рукавах для швидкого одягання.</p> <p>Капюшон з милими вушками оснащений резинкою та забезпечує щільне прилягання до голови дитини, створюючи надійний захист від вітру та дощу.</p> <p>Зручна застібка, захищена від продування вітрозахисними планками. У кінці застібки - захист від закушування підборіддя.</p> <p>Дві кишеньки для зберігання важливих дрібничок.</p> <p>Температурний режим від +5 до +25&deg;С.</p> <p>Доступна у розмірах 74, 80, 86, 92 см (у кожному розмірі є запас 6 см для зростання)</p>"
DR-1962-74,DR-1962-74,Куртка Динозаври в космосі,Куртка Динозаври в космосі 74 см,Одяг/Верхній одяг,74,945,UAH,В наявності,Да,ДоРечі,Google Feed for Merchant Center,"https://dorechi.ua/content/images/2/parka_dinosaurs_74-34390097019768_+2ca10e2a4b.jpg;https://dorechi.ua/content/images/2/parka_dinosaurs_74-92513218330766_+673a654a38.jpg;https://dorechi.ua/content/images/2/parka_dinosaurs_74-92094431060267_+45a8656c79.jpg;https://dorechi.ua/content/images/2/parka_dinosaurs_74-35467375206088_+04518a38df.png;https://dorechi.ua/content/images/2/parka_dinosaurs_74-35014255538458_+92c1e62934.jpg;https://dorechi.ua/content/images/2/parka_dinosaurs_74-47510869745706_+69b72fa76d.jpg;https://dorechi.ua/content/images/2/parka_dinosaurs_74-29348924356853_+1b7c108ba2.jpg;https://dorechi.ua/content/images/2/parka_dinosaurs_74-84249484033739_+2807571fb0.jpg;https://dorechi.ua/content/images/2/parka_dinosaurs_74-28184262976120_+22ae2ef411.jpg;https://dorechi.ua/content/images/2/parka_dinosaurs_74-16280407844398_+4a90150b7f.jpg;https://dorechi.ua/content/images/2/parka_dinosaurs_74-23045178497735_+04e56cb32b.jpg","<p>Демісезонна курточка-парка ДоРечі з принтом Динозаври у космосі не залишить байдужими як маленьких поціновувачів динозавів так і підкорювачів космічних просторів.</p> <p>Вона стильна, зручна та практична. А завдяки світловідбивним елементам малятко буде помітне під час переходу дороги у темну частину доби. </p> <p>Верх - вітронепродувна та водовідштовхуюча мембранна тканина. Водонепроникність 5000мм. Повітропроникність 5000 гр/м&sup2;.</p> <p>Майже невагомий утеплювач - Termoloft&trade; 100 з відмінною термоізоляцією.</p> <p>Підкладка - м&rsquo;якенька 100% бавовна на грудях та спинці плюс приємний на дотик щільний підкладковий атлас у рукавах для швидкого одягання.</p> <p>Капюшон з милими вушками оснащений резинкою та забезпечує щільне прилягання до голови дитини, створюючи надійний захист від вітру та дощу.</p> <p>Зручна застібка, захищена від продування вітрозахисними планками. У кінці застібки - захист від закушування підборіддя.</p> <p>Дві кишеньки для зберігання важливих дрібничок.</p> <p>Температурний режим від +5 до +25&deg;С.</p> <p>Доступна у розмірах 74, 80, 86, 92 см (у кожному розмірі є запас 6 см для зростання)</p>"
DR-1962-80,DR-1962-74,Куртка Динозаври в космосі,Куртка Динозаври в космосі 80 см,Одяг/Верхній одяг,80,945,UAH,В наявності,Да,ДоРечі,Google Feed for Merchant Center,"https://dorechi.ua/content/images/3/parka_dinosaurs_80-89776913209618_+00b0f67ddc.jpg;https://dorechi.ua/content/images/2/parka_dinosaurs_74-92513218330766_+673a654a38.jpg;https://dorechi.ua/content/images/2/parka_dinosaurs_74-92094431060267_+45a8656c79.jpg;https://dorechi.ua/content/images/2/parka_dinosaurs_74-35467375206088_+04518a38df.png;https://dorechi.ua/content/images/2/parka_dinosaurs_74-35014255538458_+92c1e62934.jpg;https://dorechi.ua/content/images/2/parka_dinosaurs_74-47510869745706_+69b72fa76d.jpg;https://dorechi.ua/content/images/2/parka_dinosaurs_74-29348924356853_+1b7c108ba2.jpg;https://dorechi.ua/content/images/2/parka_dinosaurs_74-84249484033739_+2807571fb0.jpg;https://dorechi.ua/content/images/2/parka_dinosaurs_74-28184262976120_+22ae2ef411.jpg;https://dorechi.ua/content/images/2/parka_dinosaurs_74-16280407844398_+4a90150b7f.jpg;https://dorechi.ua/content/images/2/parka_dinosaurs_74-23045178497735_+04e56cb32b.jpg","<p>Демісезонна курточка-парка ДоРечі з принтом Динозаври у космосі не залишить байдужими як маленьких поціновувачів динозавів так і підкорювачів космічних просторів.</p> <p>Вона стильна, зручна та практична. А завдяки світловідбивним елементам малятко буде помітне під час переходу дороги у темну частину доби. </p> <p>Верх - вітронепродувна та водовідштовхуюча мембранна тканина. Водонепроникність 5000мм. Повітропроникність 5000 гр/м&sup2;.</p> <p>Майже невагомий утеплювач - Termoloft&trade; 100 з відмінною термоізоляцією.</p> <p>Підкладка - м&rsquo;якенька 100% бавовна на грудях та спинці плюс приємний на дотик щільний підкладковий атлас у рукавах для швидкого одягання.</p> <p>Капюшон з милими вушками оснащений резинкою та забезпечує щільне прилягання до голови дитини, створюючи надійний захист від вітру та дощу.</p> <p>Зручна застібка, захищена від продування вітрозахисними планками. У кінці застібки - захист від закушування підборіддя.</p> <p>Дві кишеньки для зберігання важливих дрібничок.</p> <p>Температурний режим від +5 до +25&deg;С.</p> <p>Доступна у розмірах 74, 80, 86, 92 см (у кожному розмірі є запас 6 см для зростання)</p>"
DR-2012-74,DR-2012-74,Куртка Машинки,Куртка Машинки 74 см,Одяг/Верхній одяг,74,945,UAH,В наявності,Да,ДоРечі,Google Feed for Merchant Center,"https://dorechi.ua/content/images/7/jacket_cars_74-73647220458458_+f98dccf1e3.jpg;https://dorechi.ua/content/images/7/jacket_cars_74-18073255830586_+660532b1d4.jpg;https://dorechi.ua/content/images/7/jacket_cars_74-63099395832615_+078d3fc360.jpg;https://dorechi.ua/content/images/7/jacket_cars_74-75124073988959_+764e4664d4.jpg;https://dorechi.ua/content/images/7/jacket_cars_74-18707182872026_+f5cdf1fdb1.jpeg;https://dorechi.ua/content/images/7/jacket_cars_74-82192099768497_+54458c0d4d.jpg;https://dorechi.ua/content/images/7/jacket_cars_74-47626732508128_+04fea214db.jpg;https://dorechi.ua/content/images/7/jacket_cars_74-69738883375283_+959ee5b420.jpg;https://dorechi.ua/content/images/7/jacket_cars_74-22421368087728_+9e2da209d9.jpg;https://dorechi.ua/content/images/8/jacket_cars_80-50327300915727_+e883180c15.jpeg","<p>Демісезонна курточка-парка ДоРечі з принтом Машинки не залишить байдужими маленьких поціновувачів цих пречудових транспортних засобів.</p> <p>Вона стильна, зручна та практична. А завдяки світловідбивним елементам малятко буде помітне під час переходу дороги у темну частину доби. </p> <p>Верх - вітронепродувна та водовідштовхуюча мембранна тканина. Водонепроникність 5000мм. Повітропроникність 5000 гр/м&sup2;.</p> <p>Майже невагомий утеплювач - Termoloft&trade; 100 з відмінною термоізоляцією.</p> <p>Підкладка - м&rsquo;якенька 100% бавовна на грудях та спинці плюс приємний на дотик щільний підкладковий атлас у рукавах для швидкого одягання.</p> <p>Капюшон з милими вушками оснащений резинкою та забезпечує щільне прилягання до голови дитини, створюючи надійний захист від вітру та дощу.</p> <p>Зручна застібка, захищена від продування вітрозахисними планками. У кінці застібки - захист від закушування підборіддя.</p> <p>Дві кишеньки для зберігання важливих дрібничок.</p> <p>Температурний режим від +5 до +25&deg;С.</p> <p>Доступна у розмірах 74, 80, 86, 92 см (у кожному розмірі є запас 6 см для зростання)</p>"
DR-1930-18,DR-1930-18,Матрасик Сірий/Чорний,Матрасик Сірий/Чорний,Прогулянка та іграшки/Аксесуари для колясок,,775,UAH,Немає в наявності,Да,ДоРечі,Google Feed for Merchant Center,"https://dorechi.ua/content/images/10/liner-graphite-black-79460136940550_+f7c0b3573b.jpg;https://dorechi.ua/content/images/10/liner-graphite-black-26009866601828_+1a233db1a4.jpg;https://dorechi.ua/content/images/10/liner-graphite-black-97835337896777_+e41097af0f.jpg;https://dorechi.ua/content/images/10/liner-graphite-black-13474665173323_+cc0b14713b.jpg;https://dorechi.ua/content/images/10/liner-graphite-black-55851441667203_+e33ca64a13.jpg;https://dorechi.ua/content/images/10/liner-graphite-black-38358763670846_+b0da0b3b4d.jpg;https://dorechi.ua/content/images/10/liner-graphite-black-38494777943988_+d4531aa2be.png","<p><b>Двосторонній дихаючий матрасик-вкладка у візочок ДоРечі забезпечує максимально комфортні прогулянки для малюків у гарячу пору року. Він захищає від забруднення та вигоряння основного матеріалу сидіння.</b></p>

<ul>
	<li><b>Тканина</b>: преміум котон (100% бавовна), дихаюча та приємна на дотик.</li>
	<li><b>Наповнювач</b>: еластичний, неймовірно м&rsquo;який пінополіуретан українського виробництва, який чудово всотує вологу. Має сертифікат якості та безпечний для немовлят.</li>
	<li><b>Розмір</b>: 89х37 см, підходить на абсолютну більшість візків.</li>
</ul>

<p><b>Бавовняний матрасик</b> - ідеальне рішення, оскільки він не лише приємніший на дотик, але й завдяки еластичній піні створює повітряну подушку, яка менше нагрівається та дозволяє повітрю вільно циркулювати.</p>

<p><b>Двосторонній дизайн</b> дозволяє змінювати вигляд візочка, підбираючи сторону під настрій або елементи одягу. Завдяки універсальним отворам для ременів безпеки, матрасик можна використовувати у переважній більшості моделей візків.</p>

<p>У зоні найбільшого навантаження, навколо отворів для ременів безпеки, додатковий шар котону подовжує час використання матрасику. Тканина не рветься та не стирається так швидко, а вставка з мембранної тканини у районі ніжок дозволяє швидко прибирати забруднення вологою серветкою.</p>

<p><b>Кріплення</b>: завязки та резиночки гарантують, що матрасик не буде сповзати, і ви зможете використати саме той вид кріплення, який підійде до вашого візочка. Наприклад, коли немає можливості закріпити верхню резинку, можна використовувати для фіксації зав&rsquo;язки.</p>

<p><b>Безпека вечірніх прогулянок</b> забезпечується світловідбивними елементами, що роблять вас помітними на дорозі у темну частину доби.</p>

<p><strong>Поради по догляду.</strong><br />
Прати руками або у пральній машині у делікатному режимі.</p>

<p>Відтискати на низьких оборотах.</p>

<p>Не використовувати відбілювачі та пом&#39;якшувачі.<br />
Прасувати за температури 110 градусів.</p>"
DR-1930-24,DR-1930-24,Матрасик Африка/Зелений,Матрасик Африка/Зелений,Прогулянка та іграшки/Аксесуари для колясок,,775,UAH,Немає в наявності,Да,ДоРечі,Google Feed for Merchant Center,"https://dorechi.ua/content/images/5/liner-africa-green-61599864010862_+48beb3a275.jpg;https://dorechi.ua/content/images/5/liner-africa-green-77780664769655_+4034314437.jpg;https://dorechi.ua/content/images/5/12338520929018_+16eb439fd9.jpg;https://dorechi.ua/content/images/5/liner-africa-green-18874144980976_+46f4b43a58.jpg","<p><b>Двосторонній дихаючий матрасик-вкладка у візочок ДоРечі забезпечує максимально комфортні прогулянки для малюків у гарячу пору року. Він захищає від забруднення та вигоряння основного матеріалу сидіння.</b></p>

<ul>
	<li><b>Тканина</b>: преміум котон (100% бавовна), дихаюча та приємна на дотик.</li>
	<li><b>Наповнювач</b>: еластичний, неймовірно м&rsquo;який пінополіуретан українського виробництва, який чудово всотує вологу. Має сертифікат якості та безпечний для немовлят.</li>
	<li><b>Розмір</b>: 89х37 см, підходить на абсолютну більшість візків.</li>
</ul>

<p><b>Бавовняний матрасик</b> - ідеальне рішення, оскільки він не лише приємніший на дотик, але й завдяки еластичній піні створює повітряну подушку, яка менше нагрівається та дозволяє повітрю вільно циркулювати.</p>

<p><b>Двосторонній дизайн</b> дозволяє змінювати вигляд візочка, підбираючи сторону під настрій або елементи одягу. Завдяки універсальним отворам для ременів безпеки, матрасик можна використовувати у переважній більшості моделей візків.</p>

<p>У зоні найбільшого навантаження, навколо отворів для ременів безпеки, додатковий шар котону подовжує час використання матрасику. Тканина не рветься та не стирається так швидко, а вставка з мембранної тканини у районі ніжок дозволяє швидко прибирати забруднення вологою серветкою.</p>

<p><b>Кріплення</b>: завязки та резиночки гарантують, що матрасик не буде сповзати, і ви зможете використати саме той вид кріплення, який підійде до вашого візочка. Наприклад, коли немає можливості закріпити верхню резинку, можна використовувати для фіксації зав&rsquo;язки.</p>

<p><b>Безпека вечірніх прогулянок</b> забезпечується світловідбивними елементами, що роблять вас помітними на дорозі у темну частину доби.</p>

<p><strong>Поради по догляду.</strong><br />
Прати руками або у пральній машині у делікатному режимі.</p>

<p>Відтискати на низьких оборотах.</p>

<p>Не використовувати відбілювачі та пом&#39;якшувачі.<br />
Прасувати за температури 110 градусів.</p>"
DR-1930-28,DR-1930-28,Матрасик Киці/Рожевий,Матрасик Киці/Рожевий,Прогулянка та іграшки/Аксесуари для колясок,,775,UAH,Немає в наявності,Да,ДоРечі,Google Feed for Merchant Center,"https://dorechi.ua/content/images/45/liner-kittens-pink-24146643153321_+e2729ecc67.jpg;https://dorechi.ua/content/images/45/liner-kittens-pink-63807693254355_+1779665304.jpg;https://dorechi.ua/content/images/45/liner-kittens-pink-77563353821461_+bd7a2a8b44.jpg;https://dorechi.ua/content/images/45/liner-kittens-pink-97513575760268_+b4d5e7d9d4.jpg;https://dorechi.ua/content/images/45/liner-kittens-pink-43753489137960_+a89c2156d6.jpg","<p><b>Двосторонній дихаючий матрасик-вкладка у візочок ДоРечі забезпечує максимально комфортні прогулянки для малюків у гарячу пору року. Він захищає від забруднення та вигоряння основного матеріалу сидіння.</b></p>

<ul>
	<li><b>Тканина</b>: преміум котон (100% бавовна), дихаюча та приємна на дотик.</li>
	<li><b>Наповнювач</b>: еластичний, неймовірно м&rsquo;який пінополіуретан українського виробництва, який чудово всотує вологу. Має сертифікат якості та безпечний для немовлят.</li>
	<li><b>Розмір</b>: 89х37 см, підходить на абсолютну більшість візків.</li>
</ul>

<p><b>Бавовняний матрасик</b> - ідеальне рішення, оскільки він не лише приємніший на дотик, але й завдяки еластичній піні створює повітряну подушку, яка менше нагрівається та дозволяє повітрю вільно циркулювати.</p>

<p><b>Двосторонній дизайн</b> дозволяє змінювати вигляд візочка, підбираючи сторону під настрій або елементи одягу. Завдяки універсальним отворам для ременів безпеки, матрасик можна використовувати у переважній більшості моделей візків.</p>

<p>У зоні найбільшого навантаження, навколо отворів для ременів безпеки, додатковий шар котону подовжує час використання матрасику. Тканина не рветься та не стирається так швидко, а вставка з мембранної тканини у районі ніжок дозволяє швидко прибирати забруднення вологою серветкою.</p>

<p><b>Кріплення</b>: резиночки-накидки на спинку візка гарантують, що матрасик не буде сповзати.</p>

<p><b>Безпека вечірніх прогулянок</b> забезпечується світловідбивними елементами, що роблять вас помітними на дорозі у темну частину доби.</p>

<p><strong>Поради по догляду.</strong><br />
Прати руками або у пральній машині у делікатному режимі.</p>

<p>Відтискати на низьких оборотах.</p>

<p>Не використовувати відбілювачі та пом&#39;якшувачі.<br />
Прасувати за температури 110 градусів.</p>"
DR-1930-32,DR-1930-32,Матрасик Динозаври/Сірий,Матрасик Динозаври/Сірий,Прогулянка та іграшки/Аксесуари для колясок,,775,UAH,Немає в наявності,Да,ДоРечі,Google Feed for Merchant Center,"https://dorechi.ua/content/images/49/liner-dino-grey-58491931475816_+17d74bf516.jpg;https://dorechi.ua/content/images/49/liner-dino-grey-86769578684185_+9297908bd5.jpg;https://dorechi.ua/content/images/49/liner-dino-grey-51028787627394_+f00887e995.jpg;https://dorechi.ua/content/images/49/liner-dino-grey-98593015936606_+3abc01b9d1.jpg;https://dorechi.ua/content/images/49/liner-dino-grey-11411965111026_+8bf1c18ce6.jpg;https://dorechi.ua/content/images/49/liner-dino-grey-28750496084301_+29d8ddba0a.jpg","<p><b>Двосторонній дихаючий матрасик-вкладка у візочок ДоРечі забезпечує максимально комфортні прогулянки для малюків у гарячу пору року. Він захищає від забруднення та вигоряння основного матеріалу сидіння.</b></p> <ul> <li><b>Тканина</b>: преміум котон (100% бавовна), дихаюча та приємна на дотик.</li> <li><b>Наповнювач</b>: еластичний, неймовірно м&rsquo;який пінополіуретан українського виробництва, який чудово всотує вологу. Має сертифікат якості та безпечний для немовлят.</li> <li><b>Розмір</b>: 89х37 см, підходить на абсолютну більшість візків.</li>
</ul> <p><b>Бавовняний матрасик</b> - ідеальне рішення, оскільки він не лише приємніший на дотик, але й завдяки еластичній піні створює повітряну подушку, яка менше нагрівається та дозволяє повітрю вільно циркулювати.</p> <p><b>Двосторонній дизайн</b> дозволяє змінювати вигляд візочка, підбираючи сторону під настрій або елементи одягу. Завдяки універсальним отворам для ременів безпеки, матрасик можна використовувати у переважній більшості моделей візків.</p> <p>У зоні найбільшого навантаження, навколо отворів для ременів безпеки, додатковий шар котону подовжує час використання матрасику. Тканина не рветься та не стирається так швидко, а вставка з мембранної тканини у районі ніжок дозволяє швидко прибирати забруднення вологою серветкою.</p> <p><b>Кріплення</b>: резиночки-накидки на спинку візка гарантують, що матрасик не буде сповзати.</p> <p><b>Безпека вечірніх прогулянок</b> забезпечується світловідбивними елементами, що роблять вас помітними на дорозі у темну частину доби.</p> <p><strong>Поради по догляду.</strong><br />
Прати руками або у пральній машині у делікатному режимі.</p> <p>Відтискати на низьких оборотах.</p> <p>Не використовувати відбілювачі та пом&#39;якшувачі.<br />
Прасувати за температури 110 градусів.</p>"
DR-1930-33,DR-1930-33,Матрасик Акварель/Рожевий,Матрасик Акварель/Рожевий,Прогулянка та іграшки/Аксесуари для колясок,,775,UAH,Немає в наявності,Да,ДоРечі,Google Feed for Merchant Center,,
DR-1930-34,DR-1930-34,Матрасик Будівництво/Блакитний,Матрасик Будівництво/Блакитний,Прогулянка та іграшки/Аксесуари для колясок,,775,UAH,Немає в наявності,Да,ДоРечі,Google Feed for Merchant Center,"https://dorechi.ua/content/images/9/liner_transport_blue-26737049144785_+5b3b41faee.jpg;https://dorechi.ua/content/images/9/liner_transport_blue-56980634177104_+0720ac2ae4.jpg;https://dorechi.ua/content/images/9/liner_animals_gray-83929330551320_+6a0d55bd7c.jpg","<p><b>Двосторонній дихаючий матрасик-вкладка у візочок ДоРечі забезпечує максимально комфортні прогулянки для малюків у гарячу пору року. Він захищає від забруднення та вигоряння основного матеріалу сидіння.</b></p>

<ul>
	<li><b>Тканина</b>: 100% бавовна, дихаюча та приємна на дотик.</li>
	<li><b>Наповнювач</b>: еластичний, неймовірно м&rsquo;який пінополіуретан українського виробництва, який чудово всотує вологу. Має сертифікат якості та безпечний для немовлят.</li>
	<li><b>Розмір</b>: 89х37 см, підходить на абсолютну більшість візків.</li>
</ul>

<p><b>Бавовняний матрасик</b> - ідеальне рішення, оскільки він не лише приємніший на дотик, але й завдяки еластичній піні створює повітряну подушку, яка менше нагрівається та дозволяє повітрю вільно циркулювати.</p>

<p><b>Двосторонній дизайн</b> дозволяє змінювати вигляд візочка, підбираючи сторону під настрій або елементи одягу. Завдяки універсальним отворам для ременів безпеки, матрасик можна використовувати у переважній більшості моделей візків.</p>

<p>У зоні найбільшого навантаження, навколо отворів для ременів безпеки, додатковий шар котону подовжує час використання матрасику. Тканина не рветься та не стирається так швидко, а вставка з мембранної тканини у районі ніжок дозволяє швидко прибирати забруднення вологою серветкою.</p>

<p><b>Кріплення</b>: резиночки-накидки на спинку візка гарантують, що матрасик не буде сповзати.</p>

<p><b>Безпека вечірніх прогулянок</b> забезпечується світловідбивними елементами, що роблять вас помітними на дорозі у темну частину доби.</p>

<p><strong>Поради по догляду.</strong><br />
Прати руками або у пральній машині у делікатному режимі.</p>

<p>Відтискати на низьких оборотах.</p>

<p>Не використовувати відбілювачі та пом&#39;якшувачі.<br />
Прасувати за температури 110 градусів.</p>"
DR-1833MHFB,DR-1833MHFB,Козирок Double Must Have Shade 2 в 1 Фарби з чорною москітною сіткою,Козирок Double Must Have Shade 2 в 1 Фарби з чорною москітною сіткою,Прогулянка та іграшки/Аксесуари для колясок,,765,UAH,В наявності,Да,ДоРечі,Google Feed for Merchant Center,https://dorechi.ua/content/images/7/17192201547076_+8878d182f3.jpg,"<h2>Double Must Have Shade Фарби ДоРечі - це додатковий козирок зі знімною москітною сіткою, який надійно захищає Вашого малюка від шкідливого впливу сонця.</h2> <p>У період високої сонячної активності немовлята мають перебувати у тіні. Якщо у Вашої коляски недостатньо глибокий капюшон, то сонцезахисний кап стане надійною допомогою.</p> <p>Ще одне питання, що турбує молодих батьків, - як убезпечити дітей від набридливих комах, тополиного пуху чи падаючого листя. Козирок обладнаний вбудованою москітною сіткою, тому вони ніколи не захоплять вас зненацька. А за необхідності сітку можна легко відстібнути, бо вона кріпиться на застібці &ldquo;молнії&rdquo;.</p> <p>Купуючи козирок від сонця на візочок Ви можете бути впевнені, що він:</p> <ul type=""disc""> <li>Має фактор захисту від ультрафіолетових променів UPF50, тобто тканина козирка блокує 49 із 50 чи 98% УФ випромінювання.</li> <li>Надійно кріпиться за допомогою зав&#39;язок у двох точках.</li> <li>Створює беззаперечно більшу тінь, ніж заводські капюшони колясок. Його можна опустити до самого бампера, щоб сонце не заважало дитині спати. А можна залишити розкритим лише одну секцію - ідеальний варіант для денних прогулянок.</li> <li>Підходить для будь-яких візків з капюшоном - і люлек і прогулянкових блоків. Створить щільну тінь над автокріслом.</li> <li>Має чорний колір матеріалу. Бо чим темніший колір, тим менше виріб пропускає ультрафіолету.</li> <li>Має дихаючий матеріал &mdash; не заважає вільній циркуляції повітря.</li> <li>У прикріпленому вигляді не заважає складанню коляски</li> <li>Захищає ""рідний"" капюшон візочка від вигоряння.</li> <li>Врятує від легкого літнього дощику.</li> <li>Складається у невеличку зручну сумочку 25*25 см.</li>
 <p>Додаткові козирки від сонця з захистом UPF50 рекомендовані найкращими педіатрами світу.</p> <p>Double Must Have Shade - обов&rsquo;язкове придбання люблячих батьків у сонячну пору року!</p>"
DR-1833MHFW,DR-1833MHFW,Козирок Double Must Have Shade 2 в 1 Фарби з білою москітною сіткою,Козирок Double Must Have Shade 2 в 1 Фарби з білою москітною сіткою,Прогулянка та іграшки/Аксесуари для колясок,,765,UAH,В наявності,Да,ДоРечі,Google Feed for Merchant Center,"https://dorechi.ua/content/images/8/86193975657080_+04607925e9.jpg;https://dorechi.ua/content/images/8/double_mh_farbs_white-54669855402398_+23ed3406de.jpg","<h2>Double Must Have Shade Фарби ДоРечі - це додатковий козирок зі знімною москітною сіткою, який надійно захищає Вашого малюка від шкідливого впливу сонця.</h2> <p>У період високої сонячної активності немовлята мають перебувати у тіні. Якщо у Вашої коляски недостатньо глибокий капюшон, то сонцезахисний кап стане надійною допомогою.</p> <p>Ще одне питання, що турбує молодих батьків, - як убезпечити дітей від набридливих комах, тополиного пуху чи падаючого листя. Козирок обладнаний вбудованою москітною сіткою, тому вони ніколи не захоплять вас зненацька. А за необхідності сітку можна легко відстібнути, бо вона кріпиться на застібці &ldquo;молнії&rdquo;.</p> <p>Купуючи козирок від сонця на візочок Ви можете бути впевнені, що він:</p> <ul type=""disc""> <li>Має фактор захисту від ультрафіолетових променів UPF50, тобто тканина козирка блокує 49 із 50 чи 98% УФ випромінювання.</li> <li>Надійно кріпиться за допомогою зав&#39;язок у двох точках.</li> <li>Створює беззаперечно більшу тінь, ніж заводські капюшони колясок. Його можна опустити до самого бампера, щоб сонце не заважало дитині спати. А можна залишити розкритим лише одну секцію - ідеальний варіант для денних прогулянок.</li> <li>Підходить для будь-яких візків з капюшоном - і люлек і прогулянкових блоків. Створить щільну тінь над автокріслом.</li> <li>Має чорний колір матеріалу. Бо чим темніший колір, тим менше виріб пропускає ультрафіолету.</li> <li>Має дихаючий матеріал &mdash; не заважає вільній циркуляції повітря.</li> <li>У прикріпленому вигляді не заважає складанню коляски</li> <li>Захищає ""рідний"" капюшон візочка від вигоряння.</li> <li>Врятує від легкого літнього дощику.</li> <li>Складається у невеличку зручну сумочку 25*25 см.</li>
 <p>Додаткові козирки від сонця з захистом UPF50 рекомендовані найкращими педіатрами світу.</p> <p>Double Must Have Shade - обов&rsquo;язкове придбання люблячих батьків у сонячну пору року!</p>"
DR-1846F,DR-1846F,Козирок Must Have Shade Фарби 2 в 1 з білою москітною сіткою,Козирок Must Have Shade Фарби 2 в 1 з білою москітною сіткою,Прогулянка та іграшки/Аксесуари для колясок,,765,UAH,В наявності,Да,ДоРечі,Google Feed for Merchant Center,"https://dorechi.ua/content/images/13/must_have_farbs_white-50499395498387_+921e2f54b4.jpg;https://dorechi.ua/content/images/13/must_have_farbs_white-69487552551669_+7e979ea9c2.jpg;https://dorechi.ua/content/images/13/must_have_farbs_white-37771496610406_+b95a95f841.jpg;https://dorechi.ua/content/images/13/must_have_farbs_white-42681765900165_+23a918183b.jpg;https://dorechi.ua/content/images/13/must_have_farbs_white-11491898147230_+44af1d4d44.jpg","<h2>Must Have Shade Фарби ДоРечі  - це додатковий козирок для коляски, який надійно захищає Вашого малюка від шкідливого впливу сонця.</h2> <p>У період високої сонячної активності малюки мають перебувати у тіні. Якщо у Вашої коляски недостатньо глибокий капюшон, то сонцезахисний кап стане надійною допомогою.</p> <p>Купуючи козирок Маст Хев Шейд Фарби Ви можете бути впевнені, що він:</p> <ul> <li>Має фактор захисту від ультрафіолетових променів UPF40, тобто тканина козирка блокує  39 із 40 чи 97% УФ випромінювання.</li> <li>Надійно кріпиться за допомогою зав&#39;язок у двох точках.</li> <li>Створює беззаперечно більшу тінь, ніж заводські капюшони колясок. Його можна опуститити до самого бампера, щоб сонце не заважало дитині спати. А можна залишити розкритим лише одну секцію - ідеальний варіант для денних прогулянок.</li> <li>Підходить для будь-яких візкіaв з капюшоном - і люлек і прогулянкових блоків. Створить щільну тінь над автокріслом.</li> <li>Має чорний колір матеріалу. Бо чим темніший колір, тим менше виріб пропускає ультрафіолету.</li> <li>Має дихаючий матеріал &mdash; не заважає вільній циркуляції повітря.</li> <li>У прикріпленому вигляді не заважає складанню коляски</li> <li>Захищає ""рідний"" капюшон візочка від вигоряння.</li> <li>Врятує від легкого літнього дощику.</li> <li>Складається у невеличку зручну сумочку 25*25 см.</li>
</p> <p>Додаткові козирки від сонця рекомендовані найкращими педіатрами світу.</p>  <p>Must Have Shade Фарби - це маст хев придбання люблячих батьків у сонячну пору року!</p>"
DR-1847F,DR-1847F,Козирок Must Have Shade Фарби 2 в 1 з чорною москітною сіткою,Козирок Must Have Shade Фарби 2 в 1 з чорною москітною сіткою,Прогулянка та іграшки/Аксесуари для колясок,,765,UAH,В наявності,Да,ДоРечі,Google Feed for Merchant Center,"https://dorechi.ua/content/images/15/53514759124163_+3a19e34302.jpg;https://dorechi.ua/content/images/15/84615661901869_+7753b4e8e7.jpg;https://dorechi.ua/content/images/15/46539401341989_+bb626688df.jpg;https://dorechi.ua/content/images/15/83642079773198_+c6829715e5.jpg;https://dorechi.ua/content/images/15/26061802313830_+b8e76846af.jpg;https://dorechi.ua/content/images/15/45530951877894_+9a54d1a34a.jpg;https://dorechi.ua/content/images/15/must_have_farbs_black-16821601320974_+b92c761c20.jpeg;https://dorechi.ua/content/images/15/must_have_farbs_black-57713994213780_+9fcfa1856a.jpeg;https://dorechi.ua/content/images/15/must_have_farbs_black-61671072148678_+3d602799ff.jpeg","<h2>Must Have Shade Фарби ДоРечі  - це додатковий козирок для коляски, який надійно захищає Вашого малюка від шкідливого впливу сонця.</h2> <p>У період високої сонячної активності малюки мають перебувати у тіні. Якщо у Вашої коляски недостатньо глибокий капюшон, то сонцезахисний кап стане надійною допомогою.</p> <p>Купуючи козирок від сонця Ви можете бути впевнені, що він:</p> <ul> <li>Має фактор захисту від ультрафіолетових променів UPF40, тобто тканина козирка блокує  39 із 40 чи 97% УФ випромінювання.</li> <li>Надійно кріпиться за допомогою зав&#39;язок у двох точках.</li> <li>Створює беззаперечно більшу тінь, ніж заводські капюшони колясок. Його можна опустити до самого бампера, щоб сонце не заважало дитині спати. А можна залишити розкритим лише одну секцію - ідеальний варіант для денних прогулянок.</li> <li>Підходить для будь-яких візкіaв з капюшоном - і люлек і прогулянкових блоків. Створить щільну тінь над автокріслом.</li> <li>Має чорний колір матеріалу. Бо чим темніший колір, тим менше виріб пропускає ультрафіолету.</li> <li>Має дихаючий матеріал &mdash; не заважає вільній циркуляції повітря.</li> <li>У прикріпленому вигляді не заважає складанню коляски</li> <li>Захищає ""рідний"" капюшон візочка від вигоряння.</li> <li>Врятує від легкого літнього дощику.</li> <li>Складається у невеличку зручну сумочку 25*25 см.</li>
</p> <p>Додаткові козирки від сонця рекомендовані найкращими педіатрами світу.</p>  <p>Маст Хев Шейд Фарби - це маст хев придбання люблячих батьків у сонячну пору року!</p>"
DR-1833MHB,DR-1833MHB,Козирок Double Must Have Shade 2 в 1 з чорною москітною сіткою,Козирок Double Must Have Shade 2 в 1 з чорною москітною сіткою,Прогулянка та іграшки/Аксесуари для колясок,,715,UAH,Немає в наявності,Да,ДоРечі,Google Feed for Merchant Center,"https://dorechi.ua/content/images/33/double_mh_black-27780102224761_+d8563fcdcf.jpg;https://dorechi.ua/content/images/33/double_mh_black-66054465854671_+5cf027de72.jpg;https://dorechi.ua/content/images/33/double_mh_black-73557391634533_+23008c7b36.jpg","<h2>Double Must Have Shade ДоРечі - це додатковий козирок зі знімною москітною сіткою, який надійно захищає Вашого малюка від шкідливого впливу сонця.</h2> <p>У період високої сонячної активності немовлята мають перебувати у тіні. Якщо у Вашої коляски недостатньо глибокий капюшон, то сонцезахисний кап стане надійною допомогою.</p> <p>Ще одне питання, що турбує молодих батьків, - як убезпечити дітей від набридливих комах, тополиного пуху чи падаючого листя. Козирок обладнаний вбудованою москітною сіткою, тому вони ніколи не захоплять вас зненацька. А за необхідності сітку можна легко відстібнути, бо вона кріпиться на застібці &ldquo;молнії&rdquo;.</p> <p>Купуючи козирок від сонця на візочок Ви можете бути впевнені, що він:</p> <ul type=""disc""> <li>Має фактор захисту від ультрафіолетових променів UPF50, тобто тканина козирка блокує 49 із 50 чи 98% УФ випромінювання.</li> <li>Надійно кріпиться за допомогою зав&#39;язок у двох точках.</li> <li>Створює беззаперечно більшу тінь, ніж заводські капюшони колясок. Його можна опустити до самого бампера, щоб сонце не заважало дитині спати. А можна залишити розкритим лише одну секцію - ідеальний варіант для денних прогулянок.</li> <li>Підходить для будь-яких візків з капюшоном - і люлек і прогулянкових блоків. Створить щільну тінь над автокріслом.</li> <li>Має чорний колір матеріалу. Бо чим темніший колір, тим менше виріб пропускає ультрафіолету.</li> <li>Має дихаючий матеріал &mdash; не заважає вільній циркуляції повітря.</li> <li>У прикріпленому вигляді не заважає складанню коляски</li> <li>Захищає ""рідний"" капюшон візочка від вигоряння.</li> <li>Врятує від легкого літнього дощику.</li> <li>Складається у невеличку зручну сумочку 25*25 см.</li>
 <p>Додаткові козирки від сонця з захистом UPF50 рекомендовані найкращими педіатрами світу.</p> <p>Double Must Have Shade - обов&rsquo;язкове придбання люблячих батьків у сонячну пору року!</p>"
DR-1833MHW,DR-1833MHFW,Козирок Double Must Have Shade 2 в 1 з білою москітною сіткою,Козирок Double Must Have Shade 2 в 1 з білою москітною сіткою,Прогулянка та іграшки/Аксесуари для колясок,,715,UAH,В наявності,Да,ДоРечі,Google Feed for Merchant Center,"https://dorechi.ua/content/images/34/double_mh_white-31168370807142_+d41336f8e6.jpg;https://dorechi.ua/content/images/34/17327979277210_+ba561f05d9.jpg;https://dorechi.ua/content/images/34/72422416872145_+74cfa2f51a.jpg","<h2>Double Must Have Shade ДоРечі - це додатковий козирок зі знімною москітною сіткою, який надійно захищає Вашого малюка від шкідливого впливу сонця.</h2> <p>У період високої сонячної активності немовлята мають перебувати у тіні. Якщо у Вашої коляски недостатньо глибокий капюшон, то сонцезахисний кап стане надійною допомогою.</p> <p>Ще одне питання, що турбує молодих батьків, - як убезпечити дітей від набридливих комах, тополиного пуху чи падаючого листя. Козирок обладнаний вбудованою москітною сіткою, тому вони ніколи не захоплять вас зненацька. А за необхідності сітку можна легко відстібнути, бо вона кріпиться на застібці &ldquo;молнії&rdquo;.</p> <p>Купуючи козирок від сонця на візочок Ви можете бути впевнені, що він:</p> <ul type=""disc""> <li>Має фактор захисту від ультрафіолетових променів UPF50, тобто тканина козирка блокує 49 із 50 чи 98% УФ випромінювання.</li> <li>Надійно кріпиться за допомогою зав&#39;язок у двох точках.</li> <li>Створює беззаперечно більшу тінь, ніж заводські капюшони колясок. Його можна опустити до самого бампера, щоб сонце не заважало дитині спати. А можна залишити розкритим лише одну секцію - ідеальний варіант для денних прогулянок.</li> <li>Підходить для будь-яких візків з капюшоном - і люлек і прогулянкових блоків. Створить щільну тінь над автокріслом.</li> <li>Має чорний колір матеріалу. Бо чим темніший колір, тим менше виріб пропускає ультрафіолету.</li> <li>Має дихаючий матеріал &mdash; не заважає вільній циркуляції повітря.</li> <li>У прикріпленому вигляді не заважає складанню коляски</li> <li>Захищає ""рідний"" капюшон візочка від вигоряння.</li> <li>Врятує від легкого літнього дощику.</li> <li>Складається у невеличку зручну сумочку 25*25 см.</li>
 <p>Додаткові козирки від сонця з захистом UPF50 рекомендовані найкращими педіатрами світу.</p> <p>Double Must Have Shade - обов&rsquo;язкове придбання люблячих батьків у сонячну пору року!</p>"
DR-1846,DR-1846,Козирок Must Have Shade 2 в 1 з білою москітною сіткою,Козирок Must Have Shade 2 в 1 з білою москітною сіткою,Прогулянка та іграшки/Аксесуари для колясок,,715,UAH,В наявності,Да,ДоРечі,Google Feed for Merchant Center,"https://dorechi.ua/content/images/20/kozirki-vid-soncyamust-have-shade-dorechi-soncezahisniy-kozirok-34710942345447_+28afa93e84.jpg;https://dorechi.ua/content/images/20/kozirki-vid-soncyamust-have-shade-dorechi-soncezahisniy-kozirok-16346876512950_+b62685206e.jpg;https://dorechi.ua/content/images/20/kozirki-vid-soncyamust-have-shade-dorechi-soncezahisniy-kozirok-24887259664771_+1e183f1a6a.jpg;https://dorechi.ua/content/images/20/kozirki-vid-soncyamust-have-shade-dorechi-soncezahisniy-kozirok-97368948488812_+5920178c11.jpg;https://dorechi.ua/content/images/20/kozirki-vid-soncyamust-have-shade-dorechi-soncezahisniy-kozirok-21316331379279_+f741fec343.jpg;https://dorechi.ua/content/images/20/kozirki-vid-soncyamust-have-shade-dorechi-soncezahisniy-kozirok-72731601386799_+b133c0b557.jpg;https://dorechi.ua/content/images/20/kozirki-vid-soncyamust-have-shade-dorechi-soncezahisniy-kozirok-76160844021424_+a66faf1018.jpg;https://dorechi.ua/content/images/20/kozirki-vid-soncyamust-have-shade-dorechi-soncezahisniy-kozirok-17654880408016_+99bf26b3a1.jpg;https://dorechi.ua/content/images/20/kozirki-vid-soncyamust-have-shade-dorechi-soncezahisniy-kozirok-37872292912850_+2064402244.jpg;https://dorechi.ua/content/images/20/kozirki-vid-soncyamust-have-shade-dorechi-soncezahisniy-kozirok-49141135464656_+e5fe3eb117.jpg;https://dorechi.ua/content/images/20/kozirki-vid-soncyamust-have-shade-dorechi-soncezahisniy-kozirok-89117080420955_+28e5a0fab9.jpg;https://dorechi.ua/content/images/20/kozirki-vid-soncyamust-have-shade-dorechi-soncezahisniy-kozirok-49220203937275_+ff3cb89d39.jpg","<h2>Must Have Shade ДоРечі - це додатковий козирок зі знімною москітною сіткою, який надійно захищає Вашого малюка від шкідливого впливу сонця.</h2> <p>У період високої сонячної активності немовлята мають перебувати у тіні. Якщо у Вашої коляски недостатньо глибокий капюшон, то сонцезахисний кап стане надійною допомогою.</p> <p>Ще одне питання, що турбує молодих батьків, - як убезпечити дітей від набридливих комах, тополиного пуху чи падаючого листя. Козирок обладнаний вбудованою москітною сіткою, тому вони ніколи не захоплять вас зненацька. А за необхідності сітку можна легко відстібнути, бо вона кріпиться на застібці &ldquo;молнії&rdquo;.</p> <p>Купуючи козирок від сонця на візочок Ви можете бути впевнені, що він:</p> <ul type=""disc""> <li>Має фактор захисту від ультрафіолетових променів UPF50, тобто тканина козирка блокує 49 із 50 чи 98% УФ випромінювання.</li> <li>Надійно кріпиться за допомогою зав&#39;язок у двох точках.</li> <li>Створює беззаперечно більшу тінь, ніж заводські капюшони колясок. Його можна опустити до самого бампера, щоб сонце не заважало дитині спати. А можна залишити розкритим лише одну секцію - ідеальний варіант для денних прогулянок.</li> <li>Підходить для будь-яких візків з капюшоном - і люлек і прогулянкових блоків. Створить щільну тінь над автокріслом.</li> <li>Має чорний колір матеріалу. Бо чим темніший колір, тим менше виріб пропускає ультрафіолету.</li> <li>Має дихаючий матеріал &mdash; не заважає вільній циркуляції повітря.</li> <li>У прикріпленому вигляді не заважає складанню коляски</li> <li>Захищає ""рідний"" капюшон візочка від вигоряння.</li> <li>Врятує від легкого літнього дощику.</li> <li>Складається у невеличку зручну сумочку 25*25 см.</li>
 <p>Додаткові козирки від сонця з захистом UPF50 рекомендовані найкращими педіатрами світу.</p>"
DR-1847,DR-1847,Козирок Must Have Shade 2 в 1 з чорною москітною сіткою,Козирок Must Have Shade 2 в 1 з чорною москітною сіткою,Прогулянка та іграшки/Аксесуари для колясок,,715,UAH,В наявності,Да,ДоРечі,Google Feed for Merchant Center,"https://dorechi.ua/content/images/18/kozirki-vid-soncyamust-have-shade-dorechi-soncezahisniy-kozirok-black-17937954503467_+ada6eca74d.jpg;https://dorechi.ua/content/images/18/kozirki-vid-soncyamust-have-shade-dorechi-soncezahisniy-kozirok-black-62717480211428_+5e74abfeca.jpg;https://dorechi.ua/content/images/18/kozirki-vid-soncyamust-have-shade-dorechi-soncezahisniy-kozirok-black-56247920716720_+81724c52b9.jpg;https://dorechi.ua/content/images/18/kozirki-vid-soncyamust-have-shade-dorechi-soncezahisniy-kozirok-black-94668936656856_+0944b4592c.jpg;https://dorechi.ua/content/images/18/kozirki-vid-soncyamust-have-shade-dorechi-soncezahisniy-kozirok-black-27555068550474_+d1593bad15.jpg;https://dorechi.ua/content/images/18/kozirki-vid-soncyamust-have-shade-dorechi-soncezahisniy-kozirok-black-64912970615950_+e39b90e5a6.jpg;https://dorechi.ua/content/images/18/kozirki-vid-soncyamust-have-shade-dorechi-soncezahisniy-kozirok-black-46777310566662_+2cc326530d.jpg;https://dorechi.ua/content/images/18/kozirki-vid-soncyamust-have-shade-dorechi-soncezahisniy-kozirok-black-54020268709238_+b985c9c5ab.jpg;https://dorechi.ua/content/images/18/kozirki-vid-soncyamust-have-shade-dorechi-soncezahisniy-kozirok-black-89621929672878_+94951a4802.jpg;https://dorechi.ua/content/images/18/kozirki-vid-soncyamust-have-shade-dorechi-soncezahisniy-kozirok-black-97964821314929_+b19fa3e2fb.jpeg;https://dorechi.ua/content/images/18/kozirki-vid-soncyamust-have-shade-dorechi-soncezahisniy-kozirok-black-87440113074920_+e51cdc6962.jpeg;https://dorechi.ua/content/images/18/kozirki-vid-soncyamust-have-shade-dorechi-soncezahisniy-kozirok-black-60633099823575_+5b4afd4db1.jpeg;https://dorechi.ua/content/images/18/kozirki-vid-soncyamust-have-shade-dorechi-soncezahisniy-kozirok-black-55975140952508_+abfdf55e5f.jpeg","<h2>Must Have Shade ДоРечі - це додатковий козирок зі знімною москітною сіткою, який надійно захищає Вашого малюка від шкідливого впливу сонця.</h2> <p>У період високої сонячної активності немовлята мають перебувати у тіні. Якщо у Вашої коляски недостатньо глибокий капюшон, то сонцезахисний кап стане надійною допомогою.</p> <p>Ще одне питання, що турбує молодих батьків, - як убезпечити дітей від набридливих комах, тополиного пуху чи падаючого листя. Козирок обладнаний вбудованою москітною сіткою, тому вони ніколи не захоплять вас зненацька. А за необхідності сітку можна легко відстібнути, бо вона кріпиться на застібці &ldquo;молнії&rdquo;.</p> <p>Купуючи козирок від сонця на візочок Ви можете бути впевнені, що він:</p> <ul type=""disc""> <li>Має фактор захисту від ультрафіолетових променів UPF50, тобто тканина козирка блокує 49 із 50 чи 98% УФ випромінювання.</li> <li>Надійно кріпиться за допомогою зав&#39;язок у двох точках.</li> <li>Створює беззаперечно більшу тінь, ніж заводські капюшони колясок. Його можна опустити до самого бампера, щоб сонце не заважало дитині спати. А можна залишити розкритим лише одну секцію - ідеальний варіант для денних прогулянок.</li> <li>Підходить для будь-яких візків з капюшоном - і люлек і прогулянкових блоків. Створить щільну тінь над автокріслом.</li> <li>Має чорний колір матеріалу. Бо чим темніший колір, тим менше виріб пропускає ультрафіолету.</li> <li>Має дихаючий матеріал &mdash; не заважає вільній циркуляції повітря.</li> <li>У прикріпленому вигляді не заважає складанню коляски</li> <li>Захищає ""рідний"" капюшон візочка від вигоряння.</li> <li>Врятує від легкого літнього дощику.</li> <li>Складається у невеличку зручну сумочку 25*25 см.</li>
 <p>Додаткові козирки від сонця з захистом UPF50 рекомендовані найкращими педіатрами світу.</p>"
DR-2009-46,DR-2009-46,Шапка зимова з вовною мериноса Молочна з помпоном,Шапка зимова з вовною мериноса Молочна з помпоном 46см,Головні убори та аксесуари/Головні убори,46см,695,UAH,В наявності,Да,ДоРечі,Google Feed for Merchant Center,"https://dorechi.ua/content/images/33/merino-beanie-milk-46-87890838569628_+cd38c1037c.jpg;https://dorechi.ua/content/images/33/merino-beanie-milk-46-39918708569808_+ec530868a4.jpg;https://dorechi.ua/content/images/35/merino-beanie-milk-50-90308598836285_+eeddbd1b52.jpeg;https://dorechi.ua/content/images/33/merino-beanie-milk-46-76659735092210_+c010c29ab8.jpg","<h2>М&#39;якенька приємна до тіла зимова шапочка з вовною мериноса &ndash; найкращий варіант зиму, бо вона дарує тепло та комфорт малятку навіть у найлютіші морози.</h2> <p>Неймовірно м&rsquo;якенька, тепла та зручна, а декор у вигляді пухнастого помпону додає шапочці яскраві нотки.</p> <p dir=""ltr"">Помпон знімний - на кнопці.</p> <p dir=""ltr"">Максимально натуральний склад пряжі - 35% віскоза, 30% меринос, 25% бавовна + 10% нейлон для еластичності, завдяки чому шапочка надійно зберігає тепло, не створює парникового ефекту та не електризується.</p> <p dir=""ltr"">Шапка легко одягається та надійно тримається на голові.</p> <p dir=""ltr"">Вушка дитини добре захищені, а зав&#39;язки надійно фіксують виріб на голові. </p> <p dir=""ltr"">Додаткове утеплення силіконізованим синтепоном для безкомпромісного захисту </p> <p dir=""ltr"">Подкладка: 100% бавовна. Дуже важливо, щоб голівка дитини торкалася виключно натуральних матеріалів, тому згідно санітарних норм у шапочках для дітей до року дозволено використовувати у якості підкладки лише бавовну</p> <p dir=""ltr"">Ідеально поєднується зі снудами з цієї ж пряжі, які можна придбати додатково.</p> <p dir=""ltr"">Поради по догляду</p> <p dir=""ltr"">Перед пранням обов&rsquo;язково зняти помпон. Для чистки не користуйтеся пральною машиною і сушкою. Лише ручне прання у теплій воді з засобом для прання вовни. Не використовуйте пом&rsquo;якшувачі, відбілювачі, миючі засоби або інші продукти, що містять відбілюючі інгредієнти.</p> <p dir=""ltr"">Не прасувати.</p>"
DR-2009-48,DR-2009-46,Шапка зимова з вовною мериноса Молочна з помпоном,Шапка зимова з вовною мериноса Молочна з помпоном 48см,Головні убори та аксесуари/Головні убори,48см,695,UAH,В наявності,Да,ДоРечі,Google Feed for Merchant Center,"https://dorechi.ua/content/images/34/merino-beanie-milk-48-81699454897420_+e6e2f7ef2f.jpg;https://dorechi.ua/content/images/33/merino-beanie-milk-46-39918708569808_+ec530868a4.jpg;https://dorechi.ua/content/images/35/merino-beanie-milk-50-90308598836285_+eeddbd1b52.jpeg;https://dorechi.ua/content/images/33/merino-beanie-milk-46-76659735092210_+c010c29ab8.jpg","<h2>М&#39;якенька приємна до тіла зимова шапочка з вовною мериноса &ndash; найкращий варіант зиму, бо вона дарує тепло та комфорт малятку навіть у найлютіші морози.</h2> <p>Неймовірно м&rsquo;якенька, тепла та зручна, а декор у вигляді пухнастого помпону додає шапочці яскраві нотки.</p> <p dir=""ltr"">Помпон знімний - на кнопці.</p> <p dir=""ltr"">Максимально натуральний склад пряжі - 35% віскоза, 30% меринос, 25% бавовна + 10% нейлон для еластичності, завдяки чому шапочка надійно зберігає тепло, не створює парникового ефекту та не електризується.</p> <p dir=""ltr"">Шапка легко одягається та надійно тримається на голові.</p> <p dir=""ltr"">Вушка дитини добре захищені, а зав&#39;язки надійно фіксують виріб на голові. </p> <p dir=""ltr"">Додаткове утеплення силіконізованим синтепоном для безкомпромісного захисту </p> <p dir=""ltr"">Подкладка: 100% бавовна. Дуже важливо, щоб голівка дитини торкалася виключно натуральних матеріалів, тому згідно санітарних норм у шапочках для дітей до року дозволено використовувати у якості підкладки лише бавовну</p> <p dir=""ltr"">Ідеально поєднується зі снудами з цієї ж пряжі, які можна придбати додатково.</p> <p dir=""ltr"">Поради по догляду</p> <p dir=""ltr"">Перед пранням обов&rsquo;язково зняти помпон. Для чистки не користуйтеся пральною машиною і сушкою. Лише ручне прання у теплій воді з засобом для прання вовни. Не використовуйте пом&rsquo;якшувачі, відбілювачі, миючі засоби або інші продукти, що містять відбілюючі інгредієнти.</p> <p dir=""ltr"">Не прасувати.</p>"
DR-2009-50,DR-2009-46,Шапка зимова з вовною мериноса Молочна з помпоном,Шапка зимова з вовною мериноса Молочна з помпоном 50см,Головні убори та аксесуари/Головні убори,50см,695,UAH,В наявності,Да,ДоРечі,Google Feed for Merchant Center,"https://dorechi.ua/content/images/35/merino-beanie-milk-50-70549670546596_+5f60237ff8.jpg;https://dorechi.ua/content/images/33/merino-beanie-milk-46-39918708569808_+ec530868a4.jpg;https://dorechi.ua/content/images/35/merino-beanie-milk-50-90308598836285_+eeddbd1b52.jpeg;https://dorechi.ua/content/images/33/merino-beanie-milk-46-76659735092210_+c010c29ab8.jpg","<h2>М&#39;якенька приємна до тіла зимова шапочка з вовною мериноса &ndash; найкращий варіант зиму, бо вона дарує тепло та комфорт малятку навіть у найлютіші морози.</h2> <p>Неймовірно м&rsquo;якенька, тепла та зручна, а декор у вигляді пухнастого помпону додає шапочці яскраві нотки.</p> <p dir=""ltr"">Помпон знімний - на кнопці.</p> <p dir=""ltr"">Максимально натуральний склад пряжі - 35% віскоза, 30% меринос, 25% бавовна + 10% нейлон для еластичності, завдяки чому шапочка надійно зберігає тепло, не створює парникового ефекту та не електризується.</p> <p dir=""ltr"">Шапка легко одягається та надійно тримається на голові.</p> <p dir=""ltr"">Вушка дитини добре захищені, а зав&#39;язки надійно фіксують виріб на голові. </p> <p dir=""ltr"">Додаткове утеплення силіконізованим синтепоном для безкомпромісного захисту </p> <p dir=""ltr"">Подкладка: 100% бавовна. Дуже важливо, щоб голівка дитини торкалася виключно натуральних матеріалів, тому згідно санітарних норм у шапочках для дітей до року дозволено використовувати у якості підкладки лише бавовну</p> <p dir=""ltr"">Ідеально поєднується зі снудами з цієї ж пряжі, які можна придбати додатково.</p> <p dir=""ltr"">Поради по догляду</p> <p dir=""ltr"">Перед пранням обов&rsquo;язково зняти помпон. Для чистки не користуйтеся пральною машиною і сушкою. Лише ручне прання у теплій воді з засобом для прання вовни. Не використовуйте пом&rsquo;якшувачі, відбілювачі, миючі засоби або інші продукти, що містять відбілюючі інгредієнти.</p> <p dir=""ltr"">Не прасувати.</p>"
DR-2010-46,DR-2010-46,Шапка зимова з вовною мериноса Сіра з помпоном,Шапка зимова з вовною мериноса Сіра з помпоном 46см,Головні убори та аксесуари/Головні убори,46см,695,UAH,В наявності,Да,ДоРечі,Google Feed for Merchant Center,"https://dorechi.ua/content/images/36/merino-beanie-grey-46-67808303533051_+865b515a5d.jpg;https://dorechi.ua/content/images/36/merino-beanie-grey-46-91080441774751_+5b2fef56f4.jpg;https://dorechi.ua/content/images/36/merino-beanie-grey-46-23072303812869_+e14c27cdf3.jpg;https://dorechi.ua/content/images/36/merino-beanie-grey-46-69206032721261_+4391a04cb2.jpeg;https://dorechi.ua/content/images/36/merino-beanie-grey-46-73326737420066_+45a34e4af5.jpg;https://dorechi.ua/content/images/36/merino-beanie-grey-46-69667679928025_+3c7e3dceb2.jpg;https://dorechi.ua/content/images/36/merino-beanie-grey-46-80494117987422_+80ed4fcfdd.jpg","<h2>М&#39;якенька приємна до тіла зимова шапочка з вовною мериноса &ndash; найкращий варіант зиму, бо вона дарує тепло та комфорт малятку навіть у найлютіші морози.</h2> <p>Неймовірно м&rsquo;якенька, тепла та зручна, а декор у вигляді пухнастого помпону додає шапочці яскраві нотки.</p> <p dir=""ltr"">Помпон знімний - на кнопці.</p> <p dir=""ltr"">Максимально натуральний склад пряжі - 35% віскоза, 30% меринос, 25% бавовна + 10% нейлон для еластичності, завдяки чому шапочка надійно зберігає тепло, не створює парникового ефекту та не електризується.</p> <p dir=""ltr"">Шапка легко одягається та надійно тримається на голові.</p> <p dir=""ltr"">Вушка дитини добре захищені, а зав&#39;язки надійно фіксують виріб на голові. </p> <p dir=""ltr"">Додаткове утеплення силіконізованим синтепоном для безкомпромісного захисту </p> <p dir=""ltr"">Подкладка: 100% бавовна. Дуже важливо, щоб голівка дитини торкалася виключно натуральних матеріалів, тому згідно санітарних норм у шапочках для дітей до року дозволено використовувати у якості підкладки лише бавовну</p> <p dir=""ltr"">Ідеально поєднується зі снудами з цієї ж пряжі, які можна придбати додатково.</p> <p dir=""ltr"">Поради по догляду</p> <p dir=""ltr"">Перед пранням обов&rsquo;язково зняти помпон. Для чистки не користуйтеся пральною машиною і сушкою. Лише ручне прання у теплій воді з засобом для прання вовни. Не використовуйте пом&rsquo;якшувачі, відбілювачі, миючі засоби або інші продукти, що містять відбілюючі інгредієнти.</p> <p dir=""ltr"">Не прасувати.</p>"
DR-2010-48,DR-2010-46,Шапка зимова з вовною мериноса Сіра з помпоном,Шапка зимова з вовною мериноса Сіра з помпоном 48см,Головні убори та аксесуари/Головні убори,48см,695,UAH,В наявності,Да,ДоРечі,Google Feed for Merchant Center,"https://dorechi.ua/content/images/37/merino-beanie-grey-48-24653021651000_+decbcc0c6c.jpg;https://dorechi.ua/content/images/36/merino-beanie-grey-46-91080441774751_+5b2fef56f4.jpg;https://dorechi.ua/content/images/36/merino-beanie-grey-46-23072303812869_+e14c27cdf3.jpg;https://dorechi.ua/content/images/36/merino-beanie-grey-46-69206032721261_+4391a04cb2.jpeg;https://dorechi.ua/content/images/36/merino-beanie-grey-46-73326737420066_+45a34e4af5.jpg;https://dorechi.ua/content/images/36/merino-beanie-grey-46-69667679928025_+3c7e3dceb2.jpg;https://dorechi.ua/content/images/36/merino-beanie-grey-46-80494117987422_+80ed4fcfdd.jpg","<h2>М&#39;якенька приємна до тіла зимова шапочка з вовною мериноса &ndash; найкращий варіант зиму, бо вона дарує тепло та комфорт малятку навіть у найлютіші морози.</h2> <p>Неймовірно м&rsquo;якенька, тепла та зручна, а декор у вигляді пухнастого помпону додає шапочці яскраві нотки.</p> <p dir=""ltr"">Помпон знімний - на кнопці.</p> <p dir=""ltr"">Максимально натуральний склад пряжі - 35% віскоза, 30% меринос, 25% бавовна + 10% нейлон для еластичності, завдяки чому шапочка надійно зберігає тепло, не створює парникового ефекту та не електризується.</p> <p dir=""ltr"">Шапка легко одягається та надійно тримається на голові.</p> <p dir=""ltr"">Вушка дитини добре захищені, а зав&#39;язки надійно фіксують виріб на голові. </p> <p dir=""ltr"">Додаткове утеплення силіконізованим синтепоном для безкомпромісного захисту </p> <p dir=""ltr"">Подкладка: 100% бавовна. Дуже важливо, щоб голівка дитини торкалася виключно натуральних матеріалів, тому згідно санітарних норм у шапочках для дітей до року дозволено використовувати у якості підкладки лише бавовну</p> <p dir=""ltr"">Ідеально поєднується зі снудами з цієї ж пряжі, які можна придбати додатково.</p> <p dir=""ltr"">Поради по догляду</p> <p dir=""ltr"">Перед пранням обов&rsquo;язково зняти помпон. Для чистки не користуйтеся пральною машиною і сушкою. Лише ручне прання у теплій воді з засобом для прання вовни. Не використовуйте пом&rsquo;якшувачі, відбілювачі, миючі засоби або інші продукти, що містять відбілюючі інгредієнти.</p> <p dir=""ltr"">Не прасувати.</p>"
DR-2010-50,DR-2010-46,Шапка зимова з вовною мериноса Сіра з помпоном,Шапка зимова з вовною мериноса Сіра з помпоном 50см,Головні убори та аксесуари/Головні убори,50см,695,UAH,В наявності,Да,ДоРечі,Google Feed for Merchant Center,"https://dorechi.ua/content/images/38/38244508669840_+c34008dbee.jpg;https://dorechi.ua/content/images/36/merino-beanie-grey-46-91080441774751_+5b2fef56f4.jpg;https://dorechi.ua/content/images/36/merino-beanie-grey-46-23072303812869_+e14c27cdf3.jpg;https://dorechi.ua/content/images/36/merino-beanie-grey-46-69206032721261_+4391a04cb2.jpeg;https://dorechi.ua/content/images/36/merino-beanie-grey-46-73326737420066_+45a34e4af5.jpg;https://dorechi.ua/content/images/36/merino-beanie-grey-46-69667679928025_+3c7e3dceb2.jpg;https://dorechi.ua/content/images/36/merino-beanie-grey-46-80494117987422_+80ed4fcfdd.jpg","<h2>М&#39;якенька приємна до тіла зимова шапочка з вовною мериноса &ndash; найкращий варіант зиму, бо вона дарує тепло та комфорт малятку навіть у найлютіші морози.</h2> <p>Неймовірно м&rsquo;якенька, тепла та зручна, а декор у вигляді пухнастого помпону додає шапочці яскраві нотки.</p> <p dir=""ltr"">Помпон знімний - на кнопці.</p> <p dir=""ltr"">Максимально натуральний склад пряжі - 35% віскоза, 30% меринос, 25% бавовна + 10% нейлон для еластичності, завдяки чому шапочка надійно зберігає тепло, не створює парникового ефекту та не електризується.</p> <p dir=""ltr"">Шапка легко одягається та надійно тримається на голові.</p> <p dir=""ltr"">Вушка дитини добре захищені, а зав&#39;язки надійно фіксують виріб на голові. </p> <p dir=""ltr"">Додаткове утеплення силіконізованим синтепоном для безкомпромісного захисту </p> <p dir=""ltr"">Подкладка: 100% бавовна. Дуже важливо, щоб голівка дитини торкалася виключно натуральних матеріалів, тому згідно санітарних норм у шапочках для дітей до року дозволено використовувати у якості підкладки лише бавовну</p> <p dir=""ltr"">Ідеально поєднується зі снудами з цієї ж пряжі, які можна придбати додатково.</p> <p dir=""ltr"">Поради по догляду</p> <p dir=""ltr"">Перед пранням обов&rsquo;язково зняти помпон. Для чистки не користуйтеся пральною машиною і сушкою. Лише ручне прання у теплій воді з засобом для прання вовни. Не використовуйте пом&rsquo;якшувачі, відбілювачі, миючі засоби або інші продукти, що містять відбілюючі інгредієнти.</p> <p dir=""ltr"">Не прасувати.</p>"
DR-2066-46,DR-2066-46,Шапка зимова з вовною мериноса Чорна з помпоном,Шапка зимова з вовною мериноса Чорна з помпоном 46см,Головні убори та аксесуари/Головні убори,46см,695,UAH,В наявності,Да,ДоРечі,Google Feed for Merchant Center,"https://dorechi.ua/content/images/34/merino-beanie-black-46-1-73308027094598_+0b4b63885a.jpg;https://dorechi.ua/content/images/34/merino-beanie-black-46-1-68796461998896_+5bce65f588.jpg;https://dorechi.ua/content/images/34/merino-beanie-black-46-1-28219584764840_+32753349f1.jpg;https://dorechi.ua/content/images/35/merino-beanie-black-48-69584742058741_+ab4107c0d5.jpg;https://dorechi.ua/content/images/34/merino-beanie-black-46-1-47149117594259_+6a4746e8e1.jpg;https://dorechi.ua/content/images/34/53713415859670_+ad22b4c484.jpg","<h2>М&#39;якенька приємна до тіла зимова шапочка з вовною мериноса &ndash; найкращий варіант зиму, бо вона дарує тепло та комфорт малятку навіть у найлютіші морози.</h2> <p>Неймовірно м&rsquo;якенька, тепла та зручна, а декор у вигляді пухнастого помпону додає шапочці яскраві нотки.</p> <p dir=""ltr"">Помпон знімний - на кнопці.</p> <p dir=""ltr"">Максимально натуральний склад пряжі - 35% віскоза, 30% меринос, 25% бавовна + 10% нейлон для еластичності, завдяки чому шапочка надійно зберігає тепло, не створює парникового ефекту та не електризується.</p> <p dir=""ltr"">Шапка легко одягається та надійно тримається на голові.</p> <p dir=""ltr"">Вушка дитини добре захищені, а зав&#39;язки надійно фіксують виріб на голові. </p> <p dir=""ltr"">Додаткове утеплення силіконізованим синтепоном для безкомпромісного захисту </p> <p dir=""ltr"">Подкладка: 100% бавовна. Дуже важливо, щоб голівка дитини торкалася виключно натуральних матеріалів, тому згідно санітарних норм у шапочках для дітей до року дозволено використовувати у якості підкладки лише бавовну</p> <p dir=""ltr"">Ідеально поєднується зі снудами з цієї ж пряжі, які можна придбати додатково.</p> <p dir=""ltr"">Поради по догляду</p> <p dir=""ltr"">Перед пранням обов&rsquo;язково зняти помпон. Для чистки не користуйтеся пральною машиною і сушкою. Лише ручне прання у теплій воді з засобом для прання вовни. Не використовуйте пом&rsquo;якшувачі, відбілювачі, миючі засоби або інші продукти, що містять відбілюючі інгредієнти.</p> <p dir=""ltr"">Не прасувати.</p>"
DR-2066-48,DR-2066-46,Шапка зимова з вовною мериноса Чорна з помпоном,Шапка зимова з вовною мериноса Чорна з помпоном 48см,Головні убори та аксесуари/Головні убори,48см,695,UAH,В наявності,Да,ДоРечі,Google Feed for Merchant Center,"https://dorechi.ua/content/images/35/merino-beanie-black-48-47042725391540_+09daa86245.jpg;https://dorechi.ua/content/images/34/merino-beanie-black-46-1-68796461998896_+5bce65f588.jpg;https://dorechi.ua/content/images/34/merino-beanie-black-46-1-28219584764840_+32753349f1.jpg;https://dorechi.ua/content/images/35/merino-beanie-black-48-69584742058741_+ab4107c0d5.jpg;https://dorechi.ua/content/images/34/merino-beanie-black-46-1-47149117594259_+6a4746e8e1.jpg;https://dorechi.ua/content/images/34/53713415859670_+ad22b4c484.jpg","<h2>М&#39;якенька приємна до тіла зимова шапочка з вовною мериноса &ndash; найкращий варіант зиму, бо вона дарує тепло та комфорт малятку навіть у найлютіші морози.</h2> <p>Неймовірно м&rsquo;якенька, тепла та зручна, а декор у вигляді пухнастого помпону додає шапочці яскраві нотки.</p> <p dir=""ltr"">Помпон знімний - на кнопці.</p> <p dir=""ltr"">Максимально натуральний склад пряжі - 35% віскоза, 30% меринос, 25% бавовна + 10% нейлон для еластичності, завдяки чому шапочка надійно зберігає тепло, не створює парникового ефекту та не електризується.</p> <p dir=""ltr"">Шапка легко одягається та надійно тримається на голові.</p> <p dir=""ltr"">Вушка дитини добре захищені, а зав&#39;язки надійно фіксують виріб на голові. </p> <p dir=""ltr"">Додаткове утеплення силіконізованим синтепоном для безкомпромісного захисту </p> <p dir=""ltr"">Подкладка: 100% бавовна. Дуже важливо, щоб голівка дитини торкалася виключно натуральних матеріалів, тому згідно санітарних норм у шапочках для дітей до року дозволено використовувати у якості підкладки лише бавовну</p> <p dir=""ltr"">Ідеально поєднується зі снудами з цієї ж пряжі, які можна придбати додатково.</p> <p dir=""ltr"">Поради по догляду</p> <p dir=""ltr"">Перед пранням обов&rsquo;язково зняти помпон. Для чистки не користуйтеся пральною машиною і сушкою. Лише ручне прання у теплій воді з засобом для прання вовни. Не використовуйте пом&rsquo;якшувачі, відбілювачі, миючі засоби або інші продукти, що містять відбілюючі інгредієнти.</p> <p dir=""ltr"">Не прасувати.</p>"
DR-2066-50,DR-2066-46,Шапка зимова з вовною мериноса Чорна з помпоном,Шапка зимова з вовною мериноса Чорна з помпоном 50см,Головні убори та аксесуари/Головні убори,50см,695,UAH,В наявності,Да,ДоРечі,Google Feed for Merchant Center,"https://dorechi.ua/content/images/36/merino-beanie-black-50-37517946878502_+832bc6a914.jpg;https://dorechi.ua/content/images/34/merino-beanie-black-46-1-68796461998896_+5bce65f588.jpg;https://dorechi.ua/content/images/34/merino-beanie-black-46-1-28219584764840_+32753349f1.jpg;https://dorechi.ua/content/images/35/merino-beanie-black-48-69584742058741_+ab4107c0d5.jpg;https://dorechi.ua/content/images/34/merino-beanie-black-46-1-47149117594259_+6a4746e8e1.jpg;https://dorechi.ua/content/images/34/53713415859670_+ad22b4c484.jpg","<h2>М&#39;якенька приємна до тіла зимова шапочка з вовною мериноса &ndash; найкращий варіант зиму, бо вона дарує тепло та комфорт малятку навіть у найлютіші морози.</h2> <p>Неймовірно м&rsquo;якенька, тепла та зручна, а декор у вигляді пухнастого помпону додає шапочці яскраві нотки.</p> <p dir=""ltr"">Помпон знімний - на кнопці.</p> <p dir=""ltr"">Максимально натуральний склад пряжі - 35% віскоза, 30% меринос, 25% бавовна + 10% нейлон для еластичності, завдяки чому шапочка надійно зберігає тепло, не створює парникового ефекту та не електризується.</p> <p dir=""ltr"">Шапка легко одягається та надійно тримається на голові.</p> <p dir=""ltr"">Вушка дитини добре захищені, а зав&#39;язки надійно фіксують виріб на голові. </p> <p dir=""ltr"">Додаткове утеплення силіконізованим синтепоном для безкомпромісного захисту </p> <p dir=""ltr"">Подкладка: 100% бавовна. Дуже важливо, щоб голівка дитини торкалася виключно натуральних матеріалів, тому згідно санітарних норм у шапочках для дітей до року дозволено використовувати у якості підкладки лише бавовну</p> <p dir=""ltr"">Ідеально поєднується зі снудами з цієї ж пряжі, які можна придбати додатково.</p> <p dir=""ltr"">Поради по догляду</p> <p dir=""ltr"">Перед пранням обов&rsquo;язково зняти помпон. Для чистки не користуйтеся пральною машиною і сушкою. Лише ручне прання у теплій воді з засобом для прання вовни. Не використовуйте пом&rsquo;якшувачі, відбілювачі, миючі засоби або інші продукти, що містять відбілюючі інгредієнти.</p> <p dir=""ltr"">Не прасувати.</p>"
DR-1848F,DR-1848F,Козирок Twin Shade Фарби,Козирок Twin Shade Фарби,Прогулянка та іграшки/Аксесуари для колясок,,650,UAH,В наявності,Да,ДоРечі,Google Feed for Merchant Center,"https://dorechi.ua/content/images/20/twin_shade_farbs-52754740590344_+0ec8bfdd2f.jpg;https://dorechi.ua/content/images/20/twin_shade_farbs-55853011194656_+7645bcdcfe.jpg;https://dorechi.ua/content/images/20/twin_shade_farbs-86861052175762_+fcc2e3bf81.jpeg;https://dorechi.ua/content/images/20/twin_shade_farbs-37944656717403_+438a7bbb42.jpeg;https://dorechi.ua/content/images/20/twin_shade_farbs-70453338187492_+df59017492.jpeg;https://dorechi.ua/content/images/20/twin_shade_farbs-74907370998476_+4e5d06a87c.jpeg;https://dorechi.ua/content/images/20/twin_shade_farbs-51427723878593_+dd6e95dc32.jpeg","<h2>Twin Shade Фарби ДоРечі - це яскравий додатковий козирок для коляски, який надійно захищає Вашого малюка від шкідливого впливу сонця.</h2> <p>У період високої сонячної активності малюки мають перебувати у тіні. Якщо у Вашої коляски недостатньо глибокий капюшон, то сонцезахисний кап стане надійною допомогою.</p> <p>Купуючи козирок від сонця Ви можете бути впевнені, що він:</p> <ul> <li>Має фактор захисту від ультрафіолетових променів UPF40, тобто тканина козирка блокує  39 із 40 чи 97% УФ випромінювання.</li> <li>Надійно кріпиться за допомогою зав&#39;язок у двох точках.</li> <li>Створює беззаперечно більшу тінь, ніж заводські капюшони більшості колясок. Його можна опустити до самого бампера, щоб сонце не заважало дитині спати. А можна залишити розкритим лише одну секцію - ідеальний варіант для денних прогулянок.</li> <li>Підходить для будь-яких візків з капюшоном - і люлек і прогулянкових блоків. Створить щільну тінь над автокріслом.</li> <li>Має чорний колір матеріалу. Бо чим темніший колір, тим менше виріб пропускає ультрафіолету.</li> <li>Вироблений з дихаючого матеріалу &mdash; не заважає вільній циркуляції повітря.</li> <li>Не перешкоджає складанню коляски.</li> <li>Захищає ""рідний"" капюшон візочка від вигоряння.</li> <li>Врятує від легкого вітру, дощику та навіть снігу.</li> <li>Складається у невеличку зручну сумочку 25*25 см.</li>
</ul> <p>Додаткові козирки від сонця з захистом UPF50 рекомендовані найкращими педіатрами світу.</p> <p>Чому козирки чорні? Відповідь <u><strong><span style=""color:#1abc9c;"">ТУТ</span></strong></u></p>"
DR-2009-38,DR-2009-38,Шапка зимова з вовною мериноса Молочна,Шапка зимова з вовною мериноса Молочна 38см,Головні убори та аксесуари/Головні убори,38см,650,UAH,В наявності,Да,ДоРечі,Google Feed for Merchant Center,"https://dorechi.ua/content/images/18/merino-beanie-milk-38-55418852144234_+8b7e52c6ce.jpg;https://dorechi.ua/content/images/24/merino-beanie-milk-40-48955578782831_+4884b8b5fe.jpg;https://dorechi.ua/content/images/24/merino-beanie-milk-40-94113893567078_+8529754999.jpg;https://dorechi.ua/content/images/17/37493571561300_+71ed504f2b.jpeg;https://dorechi.ua/content/images/26/merino-beanie-milk-44-46027513184667_+a33421a1c5.jpeg;https://dorechi.ua/content/images/18/92816976890939_+0397d88108.jpeg;https://dorechi.ua/content/images/24/merino-beanie-milk-40-49420970386874_+537a9180f6.jpeg;https://dorechi.ua/content/images/18/shapka-zymova-z-vovnoiu-merynosa-molochna-44037944575833_+ff80e7db97.jpg;https://dorechi.ua/content/images/24/merino-beanie-milk-40-59954242631740_+fb9ef34fd7.jpg","<h2>М&#39;якенька приємна до тіла зимова шапочка з вовною мериноса &ndash; найкращий варіант зиму, бо вона дарує тепло та комфорт малятку навіть у найлютіші морози.</h2> <p>Неймовірно м&rsquo;якенька, тепла та зручна, декор у вигляді вушок додає шапочці нотки ніжності та казковості. </p> <p dir=""ltr"">Максимально натуральний склад пряжі - 35% віскоза, 30% меринос, 25% бавовна + 10% нейлон для еластичності, завдяки чому шапочка надійно зберігає тепло, не створює парникового ефекту та не електризується.</p> <p dir=""ltr"">Шапка легко одягається та надійно тримається на голові.</p> <p dir=""ltr"">Вушка дитини добре захищені, а зав&#39;язки надійно фіксують виріб на голові. </p> <p dir=""ltr"">Додаткове утеплення силіконізованим синтепоном для безкомпромісного захисту </p> <p dir=""ltr"">Подкладка: 100% бавовна. Дуже важливо, щоб голівка дитини торкалася виключно натуральних матеріалів, тому згідно санітарних норм у шапочках для дітей до року дозволено використовувати у якості підкладки лише бавовну</p> <p dir=""ltr"">Ідеально поєднується зі снудами з цієї ж пряжі, які можна придбати додатково.</p> <p dir=""ltr"">Поради по догляду</p> <p dir=""ltr"">Для чистки не користуйтеся пральною машиною і сушкою. Лише ручне прання у теплій воді з засобом для прання вовни. Не використовуйте пом&rsquo;якшувачі, відбілювачі, миючі засоби або інші продукти, що містять відбілюючі інгредієнти.</p> <p dir=""ltr"">Не прасувати.</p>"
DR-2009-40,DR-2009-38,Шапка зимова з вовною мериноса Молочна,Шапка зимова з вовною мериноса Молочна 40см,Головні убори та аксесуари/Головні убори,40см,650,UAH,В наявності,Да,ДоРечі,Google Feed for Merchant Center,"https://dorechi.ua/content/images/24/merino-beanie-milk-40-60344360470406_+fa7b10dc63.jpg;https://dorechi.ua/content/images/24/merino-beanie-milk-40-48955578782831_+4884b8b5fe.jpg;https://dorechi.ua/content/images/24/merino-beanie-milk-40-94113893567078_+8529754999.jpg;https://dorechi.ua/content/images/17/37493571561300_+71ed504f2b.jpeg;https://dorechi.ua/content/images/26/merino-beanie-milk-44-46027513184667_+a33421a1c5.jpeg;https://dorechi.ua/content/images/18/92816976890939_+0397d88108.jpeg;https://dorechi.ua/content/images/24/merino-beanie-milk-40-49420970386874_+537a9180f6.jpeg;https://dorechi.ua/content/images/18/shapka-zymova-z-vovnoiu-merynosa-molochna-44037944575833_+ff80e7db97.jpg;https://dorechi.ua/content/images/24/merino-beanie-milk-40-59954242631740_+fb9ef34fd7.jpg","<h2>М&#39;якенька приємна до тіла зимова шапочка з вовною мериноса &ndash; найкращий варіант зиму, бо вона дарує тепло та комфорт малятку навіть у найлютіші морози.</h2> <p>Неймовірно м&rsquo;якенька, тепла та зручна, декор у вигляді вушок додає шапочці нотки ніжності та казковості. </p> <p dir=""ltr"">Максимально натуральний склад пряжі - 35% віскоза, 30% меринос, 25% бавовна + 10% нейлон для еластичності, завдяки чому шапочка надійно зберігає тепло, не створює парникового ефекту та не електризується.</p> <p dir=""ltr"">Шапка легко одягається та надійно тримається на голові.</p> <p dir=""ltr"">Вушка дитини добре захищені, а зав&#39;язки надійно фіксують виріб на голові. </p> <p dir=""ltr"">Додаткове утеплення силіконізованим синтепоном для безкомпромісного захисту </p> <p dir=""ltr"">Подкладка: 100% бавовна. Дуже важливо, щоб голівка дитини торкалася виключно натуральних матеріалів, тому згідно санітарних норм у шапочках для дітей до року дозволено використовувати у якості підкладки лише бавовну</p> <p dir=""ltr"">Ідеально поєднується зі снудами з цієї ж пряжі, які можна придбати додатково.</p> <p dir=""ltr"">Поради по догляду</p> <p dir=""ltr"">Для чистки не користуйтеся пральною машиною і сушкою. Лише ручне прання у теплій воді з засобом для прання вовни. Не використовуйте пом&rsquo;якшувачі, відбілювачі, миючі засоби або інші продукти, що містять відбілюючі інгредієнти.</p> <p dir=""ltr"">Не прасувати.</p>"
DR-2009-42,DR-2009-38,Шапка зимова з вовною мериноса Молочна,Шапка зимова з вовною мериноса Молочна 42см,Головні убори та аксесуари/Головні убори,42см,650,UAH,В наявності,Да,ДоРечі,Google Feed for Merchant Center,"https://dorechi.ua/content/images/25/merino-beanie-milk-42-32775795448846_+806cbcf845.jpg;https://dorechi.ua/content/images/24/merino-beanie-milk-40-48955578782831_+4884b8b5fe.jpg;https://dorechi.ua/content/images/24/merino-beanie-milk-40-94113893567078_+8529754999.jpg;https://dorechi.ua/content/images/17/37493571561300_+71ed504f2b.jpeg;https://dorechi.ua/content/images/26/merino-beanie-milk-44-46027513184667_+a33421a1c5.jpeg;https://dorechi.ua/content/images/18/92816976890939_+0397d88108.jpeg;https://dorechi.ua/content/images/24/merino-beanie-milk-40-49420970386874_+537a9180f6.jpeg;https://dorechi.ua/content/images/18/shapka-zymova-z-vovnoiu-merynosa-molochna-44037944575833_+ff80e7db97.jpg;https://dorechi.ua/content/images/24/merino-beanie-milk-40-59954242631740_+fb9ef34fd7.jpg","<h2>М&#39;якенька приємна до тіла зимова шапочка з вовною мериноса &ndash; найкращий варіант зиму, бо вона дарує тепло та комфорт малятку навіть у найлютіші морози.</h2> <p>Неймовірно м&rsquo;якенька, тепла та зручна, декор у вигляді вушок додає шапочці нотки ніжності та казковості. </p> <p dir=""ltr"">Максимально натуральний склад пряжі - 35% віскоза, 30% меринос, 25% бавовна + 10% нейлон для еластичності, завдяки чому шапочка надійно зберігає тепло, не створює парникового ефекту та не електризується.</p> <p dir=""ltr"">Шапка легко одягається та надійно тримається на голові.</p> <p dir=""ltr"">Вушка дитини добре захищені, а зав&#39;язки надійно фіксують виріб на голові. </p> <p dir=""ltr"">Додаткове утеплення силіконізованим синтепоном для безкомпромісного захисту </p> <p dir=""ltr"">Подкладка: 100% бавовна. Дуже важливо, щоб голівка дитини торкалася виключно натуральних матеріалів, тому згідно санітарних норм у шапочках для дітей до року дозволено використовувати у якості підкладки лише бавовну</p> <p dir=""ltr"">Ідеально поєднується зі снудами з цієї ж пряжі, які можна придбати додатково.</p> <p dir=""ltr"">Поради по догляду</p> <p dir=""ltr"">Для чистки не користуйтеся пральною машиною і сушкою. Лише ручне прання у теплій воді з засобом для прання вовни. Не використовуйте пом&rsquo;якшувачі, відбілювачі, миючі засоби або інші продукти, що містять відбілюючі інгредієнти.</p> <p dir=""ltr"">Не прасувати.</p>"
DR-2009-44,DR-2009-38,Шапка зимова з вовною мериноса Молочна,Шапка зимова з вовною мериноса Молочна 44см,Головні убори та аксесуари/Головні убори,44см,650,UAH,В наявності,Да,ДоРечі,Google Feed for Merchant Center,"https://dorechi.ua/content/images/26/merino-beanie-milk-44-47595596046384_+cf3d45063d.jpg;https://dorechi.ua/content/images/24/merino-beanie-milk-40-48955578782831_+4884b8b5fe.jpg;https://dorechi.ua/content/images/24/merino-beanie-milk-40-94113893567078_+8529754999.jpg;https://dorechi.ua/content/images/17/37493571561300_+71ed504f2b.jpeg;https://dorechi.ua/content/images/26/merino-beanie-milk-44-46027513184667_+a33421a1c5.jpeg;https://dorechi.ua/content/images/18/92816976890939_+0397d88108.jpeg;https://dorechi.ua/content/images/24/merino-beanie-milk-40-49420970386874_+537a9180f6.jpeg;https://dorechi.ua/content/images/18/shapka-zymova-z-vovnoiu-merynosa-molochna-44037944575833_+ff80e7db97.jpg;https://dorechi.ua/content/images/24/merino-beanie-milk-40-59954242631740_+fb9ef34fd7.jpg","<h2>М&#39;якенька приємна до тіла зимова шапочка з вовною мериноса &ndash; найкращий варіант зиму, бо вона дарує тепло та комфорт малятку навіть у найлютіші морози.</h2> <p>Неймовірно м&rsquo;якенька, тепла та зручна, декор у вигляді вушок додає шапочці нотки ніжності та казковості. </p> <p dir=""ltr"">Максимально натуральний склад пряжі - 35% віскоза, 30% меринос, 25% бавовна + 10% нейлон для еластичності, завдяки чому шапочка надійно зберігає тепло, не створює парникового ефекту та не електризується.</p> <p dir=""ltr"">Шапка легко одягається та надійно тримається на голові.</p> <p dir=""ltr"">Вушка дитини добре захищені, а зав&#39;язки надійно фіксують виріб на голові. </p> <p dir=""ltr"">Додаткове утеплення силіконізованим синтепоном для безкомпромісного захисту </p> <p dir=""ltr"">Подкладка: 100% бавовна. Дуже важливо, щоб голівка дитини торкалася виключно натуральних матеріалів, тому згідно санітарних норм у шапочках для дітей до року дозволено використовувати у якості підкладки лише бавовну</p> <p dir=""ltr"">Ідеально поєднується зі снудами з цієї ж пряжі, які можна придбати додатково.</p> <p dir=""ltr"">Поради по догляду</p> <p dir=""ltr"">Для чистки не користуйтеся пральною машиною і сушкою. Лише ручне прання у теплій воді з засобом для прання вовни. Не використовуйте пом&rsquo;якшувачі, відбілювачі, миючі засоби або інші продукти, що містять відбілюючі інгредієнти.</p> <p dir=""ltr"">Не прасувати.</p>"
DR-2009-46-1,DR-2009-38,Шапка зимова з вовною мериноса Молочна,Шапка зимова з вовною мериноса Молочна 46см,Головні убори та аксесуари/Головні убори,46см,650,UAH,В наявності,Да,ДоРечі,Google Feed for Merchant Center,"https://dorechi.ua/content/images/17/merino-beanie-milk-46-1-16367590421841_+bb53ed04f1.jpg;https://dorechi.ua/content/images/24/merino-beanie-milk-40-48955578782831_+4884b8b5fe.jpg;https://dorechi.ua/content/images/24/merino-beanie-milk-40-94113893567078_+8529754999.jpg;https://dorechi.ua/content/images/17/37493571561300_+71ed504f2b.jpeg;https://dorechi.ua/content/images/26/merino-beanie-milk-44-46027513184667_+a33421a1c5.jpeg;https://dorechi.ua/content/images/18/92816976890939_+0397d88108.jpeg;https://dorechi.ua/content/images/24/merino-beanie-milk-40-49420970386874_+537a9180f6.jpeg;https://dorechi.ua/content/images/18/shapka-zymova-z-vovnoiu-merynosa-molochna-44037944575833_+ff80e7db97.jpg;https://dorechi.ua/content/images/24/merino-beanie-milk-40-59954242631740_+fb9ef34fd7.jpg","<h2>М&#39;якенька приємна до тіла зимова шапочка з вовною мериноса &ndash; найкращий варіант зиму, бо вона дарує тепло та комфорт малятку навіть у найлютіші морози.</h2> <p>Неймовірно м&rsquo;якенька, тепла та зручна, декор у вигляді вушок додає шапочці нотки ніжності та казковості. </p> <p dir=""ltr"">Максимально натуральний склад пряжі - 35% віскоза, 30% меринос, 25% бавовна + 10% нейлон для еластичності, завдяки чому шапочка надійно зберігає тепло, не створює парникового ефекту та не електризується.</p> <p dir=""ltr"">Шапка легко одягається та надійно тримається на голові.</p> <p dir=""ltr"">Вушка дитини добре захищені, а зав&#39;язки надійно фіксують виріб на голові. </p> <p dir=""ltr"">Додаткове утеплення силіконізованим синтепоном для безкомпромісного захисту </p> <p dir=""ltr"">Подкладка: 100% бавовна. Дуже важливо, щоб голівка дитини торкалася виключно натуральних матеріалів, тому згідно санітарних норм у шапочках для дітей до року дозволено використовувати у якості підкладки лише бавовну</p> <p dir=""ltr"">Ідеально поєднується зі снудами з цієї ж пряжі, які можна придбати додатково.</p> <p dir=""ltr"">Поради по догляду</p> <p dir=""ltr"">Для чистки не користуйтеся пральною машиною і сушкою. Лише ручне прання у теплій воді з засобом для прання вовни. Не використовуйте пом&rsquo;якшувачі, відбілювачі, миючі засоби або інші продукти, що містять відбілюючі інгредієнти.</p> <p dir=""ltr"">Не прасувати.</p>"
DR-2010-38,DR-2010-38,Шапка зимова з вовною мериноса Сіра,Шапка зимова з вовною мериноса Сіра 38см,Головні убори та аксесуари/Головні убори,38см,650,UAH,В наявності,Да,ДоРечі,Google Feed for Merchant Center,"https://dorechi.ua/content/images/21/merino-beanie-grey-38-32659195185701_+8fb7c12a99.jpg;https://dorechi.ua/content/images/22/merino-beanie-grey-46-1-79812426917002_+8c22b557be.jpeg;https://dorechi.ua/content/images/18/merino-grey-40-22521970709752_+aba7b7588f.jpg;https://dorechi.ua/content/images/22/merino-beanie-grey-46-1-48448902274856_+ce5478397d.jpeg;https://dorechi.ua/content/images/22/98060163136544_+97da9f7ca7.jpeg;https://dorechi.ua/content/images/21/59635856145357_+b929ba663f.jpeg;https://dorechi.ua/content/images/18/merino-grey-40-34889038278459_+97559c29a3.jpg;https://dorechi.ua/content/images/22/80354234637715_+f1ab064723.jpeg;https://dorechi.ua/content/images/23/54021973174559_+d852d8648d.jpeg;https://dorechi.ua/content/images/21/85729160105286_+d2b9512bbb.jpeg;https://dorechi.ua/content/images/23/merino-beanie-grey-44-37531632381681_+eeee2b5598.jpeg;https://dorechi.ua/content/images/18/merino-grey-40-88931416549043_+ae0a70ff11.jpg;https://dorechi.ua/content/images/22/23320956501435_+17dc73f0ce.jpeg;https://dorechi.ua/content/images/18/merino-beanie-grey-40-92410925243183_+a5f9857286.jpg;https://dorechi.ua/content/images/21/77117939501054_+33425dcfbd.jpeg","<h2>М&#39;якенька приємна до тіла зимова шапочка з вовною мериноса &ndash; найкращий варіант зиму, бо вона дарує тепло та комфорт малятку навіть у найлютіші морози.</h2> <p>Неймовірно м&rsquo;якенька, тепла та зручна, декор у вигляді вушок додає шапочці нотки ніжності та казковості. </p> <p dir=""ltr"">Максимально натуральний склад пряжі - 35% віскоза, 30% меринос, 25% бавовна + 10% нейлон для еластичності, завдяки чому шапочка надійно зберігає тепло, не створює парникового ефекту та не електризується.</p> <p dir=""ltr"">Шапка легко одягається та надійно тримається на голові.</p> <p dir=""ltr"">Вушка дитини добре захищені, а зав&#39;язки надійно фіксують виріб на голові. </p> <p dir=""ltr"">Додаткове утеплення силіконізованим синтепоном для безкомпромісного захисту </p> <p dir=""ltr"">Подкладка: 100% бавовна. Дуже важливо, щоб голівка дитини торкалася виключно натуральних матеріалів, тому згідно санітарних норм у шапочках для дітей до року дозволено використовувати у якості підкладки лише бавовну</p> <p dir=""ltr"">Ідеально поєднується зі снудами з цієї ж пряжі, які можна придбати додатково.</p> <p dir=""ltr"">Поради по догляду</p> <p dir=""ltr"">Для чистки не користуйтеся пральною машиною і сушкою. Лише ручне прання у теплій воді з засобом для прання вовни. Не використовуйте пом&rsquo;якшувачі, відбілювачі, миючі засоби або інші продукти, що містять відбілюючі інгредієнти.</p> <p dir=""ltr"">Не прасувати.</p>"
DR-2010-40,DR-2010-38,Шапка зимова з вовною мериноса Сіра,Шапка зимова з вовною мериноса Сіра 40см,Головні убори та аксесуари/Головні убори,40см,650,UAH,В наявності,Да,ДоРечі,Google Feed for Merchant Center,"https://dorechi.ua/content/images/18/merino-beanie-grey-40-14672310471738_+63ecf0602b.jpg;https://dorechi.ua/content/images/18/merino-grey-40-22521970709752_+aba7b7588f.jpg;https://dorechi.ua/content/images/22/merino-beanie-grey-46-1-79812426917002_+8c22b557be.jpeg;https://dorechi.ua/content/images/18/merino-grey-40-34889038278459_+97559c29a3.jpg;https://dorechi.ua/content/images/22/merino-beanie-grey-46-1-48448902274856_+ce5478397d.jpeg;https://dorechi.ua/content/images/22/98060163136544_+97da9f7ca7.jpeg;https://dorechi.ua/content/images/21/59635856145357_+b929ba663f.jpeg;https://dorechi.ua/content/images/21/85729160105286_+d2b9512bbb.jpeg;https://dorechi.ua/content/images/22/80354234637715_+f1ab064723.jpeg;https://dorechi.ua/content/images/23/54021973174559_+d852d8648d.jpeg;https://dorechi.ua/content/images/18/merino-grey-40-88931416549043_+ae0a70ff11.jpg;https://dorechi.ua/content/images/23/merino-beanie-grey-44-37531632381681_+eeee2b5598.jpeg;https://dorechi.ua/content/images/22/23320956501435_+17dc73f0ce.jpeg;https://dorechi.ua/content/images/18/merino-beanie-grey-40-92410925243183_+a5f9857286.jpg;https://dorechi.ua/content/images/21/77117939501054_+33425dcfbd.jpeg","<h2>М&#39;якенька приємна до тіла зимова шапочка з вовною мериноса &ndash; найкращий варіант зиму, бо вона дарує тепло та комфорт малятку навіть у найлютіші морози.</h2> <p>Неймовірно м&rsquo;якенька, тепла та зручна, декор у вигляді вушок додає шапочці нотки ніжності та казковості. </p> <p dir=""ltr"">Максимально натуральний склад пряжі - 35% віскоза, 30% меринос, 25% бавовна + 10% нейлон для еластичності, завдяки чому шапочка надійно зберігає тепло, не створює парникового ефекту та не електризується.</p> <p dir=""ltr"">Шапка легко одягається та надійно тримається на голові.</p> <p dir=""ltr"">Вушка дитини добре захищені, а зав&#39;язки надійно фіксують виріб на голові. </p> <p dir=""ltr"">Додаткове утеплення силіконізованим синтепоном для безкомпромісного захисту </p> <p dir=""ltr"">Подкладка: 100% бавовна. Дуже важливо, щоб голівка дитини торкалася виключно натуральних матеріалів, тому згідно санітарних норм у шапочках для дітей до року дозволено використовувати у якості підкладки лише бавовну</p> <p dir=""ltr"">Ідеально поєднується зі снудами з цієї ж пряжі, які можна придбати додатково.</p> <p dir=""ltr"">Поради по догляду</p> <p dir=""ltr"">Для чистки не користуйтеся пральною машиною і сушкою. Лише ручне прання у теплій воді з засобом для прання вовни. Не використовуйте пом&rsquo;якшувачі, відбілювачі, миючі засоби або інші продукти, що містять відбілюючі інгредієнти.</p> <p dir=""ltr"">Не прасувати.</p>"
DR-2010-42,DR-2010-38,Шапка зимова з вовною мериноса Сіра,Шапка зимова з вовною мериноса Сіра 42см,Головні убори та аксесуари/Головні убори,42см,650,UAH,В наявності,Да,ДоРечі,Google Feed for Merchant Center,"https://dorechi.ua/content/images/22/78855702463049_+b4170b273a.jpeg;https://dorechi.ua/content/images/18/merino-grey-40-22521970709752_+aba7b7588f.jpg;https://dorechi.ua/content/images/22/merino-beanie-grey-46-1-79812426917002_+8c22b557be.jpeg;https://dorechi.ua/content/images/18/merino-grey-40-34889038278459_+97559c29a3.jpg;https://dorechi.ua/content/images/22/merino-beanie-grey-46-1-48448902274856_+ce5478397d.jpeg;https://dorechi.ua/content/images/22/98060163136544_+97da9f7ca7.jpeg;https://dorechi.ua/content/images/21/59635856145357_+b929ba663f.jpeg;https://dorechi.ua/content/images/22/80354234637715_+f1ab064723.jpeg;https://dorechi.ua/content/images/23/54021973174559_+d852d8648d.jpeg;https://dorechi.ua/content/images/21/85729160105286_+d2b9512bbb.jpeg;https://dorechi.ua/content/images/18/merino-grey-40-88931416549043_+ae0a70ff11.jpg;https://dorechi.ua/content/images/23/merino-beanie-grey-44-37531632381681_+eeee2b5598.jpeg;https://dorechi.ua/content/images/22/23320956501435_+17dc73f0ce.jpeg;https://dorechi.ua/content/images/18/merino-beanie-grey-40-92410925243183_+a5f9857286.jpg;https://dorechi.ua/content/images/21/77117939501054_+33425dcfbd.jpeg","<h2>М&#39;якенька приємна до тіла зимова шапочка з вовною мериноса &ndash; найкращий варіант зиму, бо вона дарує тепло та комфорт малятку навіть у найлютіші морози.</h2> <p>Неймовірно м&rsquo;якенька, тепла та зручна, декор у вигляді вушок додає шапочці нотки ніжності та казковості. </p> <p dir=""ltr"">Максимально натуральний склад пряжі - 35% віскоза, 30% меринос, 25% бавовна + 10% нейлон для еластичності, завдяки чому шапочка надійно зберігає тепло, не створює парникового ефекту та не електризується.</p> <p dir=""ltr"">Шапка легко одягається та надійно тримається на голові.</p> <p dir=""ltr"">Вушка дитини добре захищені, а зав&#39;язки надійно фіксують виріб на голові. </p> <p dir=""ltr"">Додаткове утеплення силіконізованим синтепоном для безкомпромісного захисту </p> <p dir=""ltr"">Подкладка: 100% бавовна. Дуже важливо, щоб голівка дитини торкалася виключно натуральних матеріалів, тому згідно санітарних норм у шапочках для дітей до року дозволено використовувати у якості підкладки лише бавовну</p> <p dir=""ltr"">Ідеально поєднується зі снудами з цієї ж пряжі, які можна придбати додатково.</p> <p dir=""ltr"">Поради по догляду</p> <p dir=""ltr"">Для чистки не користуйтеся пральною машиною і сушкою. Лише ручне прання у теплій воді з засобом для прання вовни. Не використовуйте пом&rsquo;якшувачі, відбілювачі, миючі засоби або інші продукти, що містять відбілюючі інгредієнти.</p> <p dir=""ltr"">Не прасувати.</p>"
DR-2010-44,DR-2010-38,Шапка зимова з вовною мериноса Сіра,Шапка зимова з вовною мериноса Сіра 44см,Головні убори та аксесуари/Головні убори,44см,650,UAH,В наявності,Да,ДоРечі,Google Feed for Merchant Center,"https://dorechi.ua/content/images/23/76934183391705_+1ae254383e.jpeg;https://dorechi.ua/content/images/18/merino-grey-40-22521970709752_+aba7b7588f.jpg;https://dorechi.ua/content/images/22/merino-beanie-grey-46-1-79812426917002_+8c22b557be.jpeg;https://dorechi.ua/content/images/18/merino-grey-40-34889038278459_+97559c29a3.jpg;https://dorechi.ua/content/images/22/merino-beanie-grey-46-1-48448902274856_+ce5478397d.jpeg;https://dorechi.ua/content/images/22/98060163136544_+97da9f7ca7.jpeg;https://dorechi.ua/content/images/21/59635856145357_+b929ba663f.jpeg;https://dorechi.ua/content/images/21/85729160105286_+d2b9512bbb.jpeg;https://dorechi.ua/content/images/22/80354234637715_+f1ab064723.jpeg;https://dorechi.ua/content/images/23/54021973174559_+d852d8648d.jpeg;https://dorechi.ua/content/images/18/merino-grey-40-88931416549043_+ae0a70ff11.jpg;https://dorechi.ua/content/images/23/merino-beanie-grey-44-37531632381681_+eeee2b5598.jpeg;https://dorechi.ua/content/images/22/23320956501435_+17dc73f0ce.jpeg;https://dorechi.ua/content/images/18/merino-beanie-grey-40-92410925243183_+a5f9857286.jpg;https://dorechi.ua/content/images/21/77117939501054_+33425dcfbd.jpeg","<h2>М&#39;якенька приємна до тіла зимова шапочка з вовною мериноса &ndash; найкращий варіант зиму, бо вона дарує тепло та комфорт малятку навіть у найлютіші морози.</h2> <p>Неймовірно м&rsquo;якенька, тепла та зручна, декор у вигляді вушок додає шапочці нотки ніжності та казковості. </p> <p dir=""ltr"">Максимально натуральний склад пряжі - 35% віскоза, 30% меринос, 25% бавовна + 10% нейлон для еластичності, завдяки чому шапочка надійно зберігає тепло, не створює парникового ефекту та не електризується.</p> <p dir=""ltr"">Шапка легко одягається та надійно тримається на голові.</p> <p dir=""ltr"">Вушка дитини добре захищені, а зав&#39;язки надійно фіксують виріб на голові. </p> <p dir=""ltr"">Додаткове утеплення силіконізованим синтепоном для безкомпромісного захисту </p> <p dir=""ltr"">Подкладка: 100% бавовна. Дуже важливо, щоб голівка дитини торкалася виключно натуральних матеріалів, тому згідно санітарних норм у шапочках для дітей до року дозволено використовувати у якості підкладки лише бавовну</p> <p dir=""ltr"">Ідеально поєднується зі снудами з цієї ж пряжі, які можна придбати додатково.</p> <p dir=""ltr"">Поради по догляду</p> <p dir=""ltr"">Для чистки не користуйтеся пральною машиною і сушкою. Лише ручне прання у теплій воді з засобом для прання вовни. Не використовуйте пом&rsquo;якшувачі, відбілювачі, миючі засоби або інші продукти, що містять відбілюючі інгредієнти.</p> <p dir=""ltr"">Не прасувати.</p>"
DR-2010-46-1,DR-2010-38,Шапка зимова з вовною мериноса Сіра,Шапка зимова з вовною мериноса Сіра 46см,Головні убори та аксесуари/Головні убори,46см,650,UAH,В наявності,Да,ДоРечі,Google Feed for Merchant Center,"https://dorechi.ua/content/images/22/26059471494845_+8401a946e9.jpeg;https://dorechi.ua/content/images/22/merino-beanie-grey-46-1-79812426917002_+8c22b557be.jpeg;https://dorechi.ua/content/images/18/merino-grey-40-22521970709752_+aba7b7588f.jpg;https://dorechi.ua/content/images/22/merino-beanie-grey-46-1-48448902274856_+ce5478397d.jpeg;https://dorechi.ua/content/images/22/98060163136544_+97da9f7ca7.jpeg;https://dorechi.ua/content/images/21/59635856145357_+b929ba663f.jpeg;https://dorechi.ua/content/images/18/merino-grey-40-34889038278459_+97559c29a3.jpg;https://dorechi.ua/content/images/22/80354234637715_+f1ab064723.jpeg;https://dorechi.ua/content/images/23/54021973174559_+d852d8648d.jpeg;https://dorechi.ua/content/images/21/85729160105286_+d2b9512bbb.jpeg;https://dorechi.ua/content/images/23/merino-beanie-grey-44-37531632381681_+eeee2b5598.jpeg;https://dorechi.ua/content/images/18/merino-grey-40-88931416549043_+ae0a70ff11.jpg;https://dorechi.ua/content/images/22/23320956501435_+17dc73f0ce.jpeg;https://dorechi.ua/content/images/18/merino-beanie-grey-40-92410925243183_+a5f9857286.jpg;https://dorechi.ua/content/images/21/77117939501054_+33425dcfbd.jpeg","<h2>М&#39;якенька приємна до тіла зимова шапочка з вовною мериноса &ndash; найкращий варіант зиму, бо вона дарує тепло та комфорт малятку навіть у найлютіші морози.</h2> <p>Неймовірно м&rsquo;якенька, тепла та зручна, декор у вигляді вушок додає шапочці нотки ніжності та казковості. </p> <p dir=""ltr"">Максимально натуральний склад пряжі - 35% віскоза, 30% меринос, 25% бавовна + 10% нейлон для еластичності, завдяки чому шапочка надійно зберігає тепло, не створює парникового ефекту та не електризується.</p> <p dir=""ltr"">Шапка легко одягається та надійно тримається на голові.</p> <p dir=""ltr"">Вушка дитини добре захищені, а зав&#39;язки надійно фіксують виріб на голові. </p> <p dir=""ltr"">Додаткове утеплення силіконізованим синтепоном для безкомпромісного захисту </p> <p dir=""ltr"">Подкладка: 100% бавовна. Дуже важливо, щоб голівка дитини торкалася виключно натуральних матеріалів, тому згідно санітарних норм у шапочках для дітей до року дозволено використовувати у якості підкладки лише бавовну</p> <p dir=""ltr"">Ідеально поєднується зі снудами з цієї ж пряжі, які можна придбати додатково.</p> <p dir=""ltr"">Поради по догляду</p> <p dir=""ltr"">Для чистки не користуйтеся пральною машиною і сушкою. Лише ручне прання у теплій воді з засобом для прання вовни. Не використовуйте пом&rsquo;якшувачі, відбілювачі, миючі засоби або інші продукти, що містять відбілюючі інгредієнти.</p> <p dir=""ltr"">Не прасувати.</p>"
DR-2066-38,DR-2066-38,Шапка зимова з вовною мериноса Чорна,Шапка зимова з вовною мериноса Чорна 38см,Головні убори та аксесуари/Головні убори,38см,650,UAH,В наявності,Да,ДоРечі,Google Feed for Merchant Center,"https://dorechi.ua/content/images/27/merino-beanie-black-38-92630965987930_+9503bc4f1e.jpg;https://dorechi.ua/content/images/27/merino-beanie-black-38-70487753575462_+5f5731dd25.jpg;https://dorechi.ua/content/images/27/merino-beanie-black-38-59826400998977_+4dcfb24c07.jpg;https://dorechi.ua/content/images/27/54295868159685_+7b05ce23cd.jpg","<h2>М&#39;якенька приємна до тіла зимова шапочка з вовною мериноса &ndash; найкращий варіант зиму, бо вона дарує тепло та комфорт малятку навіть у найлютіші морози.</h2> <p>Неймовірно м&rsquo;якенька, тепла та зручна, декор у вигляді вушок додає шапочці нотки ніжності та казковості. </p> <p dir=""ltr"">Максимально натуральний склад пряжі - 35% віскоза, 30% меринос, 25% бавовна + 10% нейлон для еластичності, завдяки чому шапочка надійно зберігає тепло, не створює парникового ефекту та не електризується.</p> <p dir=""ltr"">Шапка легко одягається та надійно тримається на голові.</p> <p dir=""ltr"">Вушка дитини добре захищені, а зав&#39;язки надійно фіксують виріб на голові. </p> <p dir=""ltr"">Додаткове утеплення силіконізованим синтепоном для безкомпромісного захисту </p> <p dir=""ltr"">Подкладка: 100% бавовна. Дуже важливо, щоб голівка дитини торкалася виключно натуральних матеріалів, тому згідно санітарних норм у шапочках для дітей до року дозволено використовувати у якості підкладки лише бавовну</p> <p dir=""ltr"">Ідеально поєднується зі снудами з цієї ж пряжі, які можна придбати додатково.</p> <p dir=""ltr"">Поради по догляду</p> <p dir=""ltr"">Для чистки не користуйтеся пральною машиною і сушкою. Лише ручне прання у теплій воді з засобом для прання вовни. Не використовуйте пом&rsquo;якшувачі, відбілювачі, миючі засоби або інші продукти, що містять відбілюючі інгредієнти.</p> <p dir=""ltr"">Не прасувати.</p>"
DR-2066-40,DR-2066-38,Шапка зимова з вовною мериноса Чорна,Шапка зимова з вовною мериноса Чорна 40см,Головні убори та аксесуари/Головні убори,40см,650,UAH,В наявності,Да,ДоРечі,Google Feed for Merchant Center,"https://dorechi.ua/content/images/28/merino-beanie-black-40-59553998275795_+1e930c42d0.jpg;https://dorechi.ua/content/images/27/merino-beanie-black-38-70487753575462_+5f5731dd25.jpg;https://dorechi.ua/content/images/27/merino-beanie-black-38-59826400998977_+4dcfb24c07.jpg;https://dorechi.ua/content/images/27/54295868159685_+7b05ce23cd.jpg","<h2>М&#39;якенька приємна до тіла зимова шапочка з вовною мериноса &ndash; найкращий варіант зиму, бо вона дарує тепло та комфорт малятку навіть у найлютіші морози.</h2> <p>Неймовірно м&rsquo;якенька, тепла та зручна, декор у вигляді вушок додає шапочці нотки ніжності та казковості. </p> <p dir=""ltr"">Максимально натуральний склад пряжі - 35% віскоза, 30% меринос, 25% бавовна + 10% нейлон для еластичності, завдяки чому шапочка надійно зберігає тепло, не створює парникового ефекту та не електризується.</p> <p dir=""ltr"">Шапка легко одягається та надійно тримається на голові.</p> <p dir=""ltr"">Вушка дитини добре захищені, а зав&#39;язки надійно фіксують виріб на голові. </p> <p dir=""ltr"">Додаткове утеплення силіконізованим синтепоном для безкомпромісного захисту </p> <p dir=""ltr"">Подкладка: 100% бавовна. Дуже важливо, щоб голівка дитини торкалася виключно натуральних матеріалів, тому згідно санітарних норм у шапочках для дітей до року дозволено використовувати у якості підкладки лише бавовну</p> <p dir=""ltr"">Ідеально поєднується зі снудами з цієї ж пряжі, які можна придбати додатково.</p> <p dir=""ltr"">Поради по догляду</p> <p dir=""ltr"">Для чистки не користуйтеся пральною машиною і сушкою. Лише ручне прання у теплій воді з засобом для прання вовни. Не використовуйте пом&rsquo;якшувачі, відбілювачі, миючі засоби або інші продукти, що містять відбілюючі інгредієнти.</p> <p dir=""ltr"">Не прасувати.</p>"
DR-2066-42,DR-2066-38,Шапка зимова з вовною мериноса Чорна,Шапка зимова з вовною мериноса Чорна 42см,Головні убори та аксесуари/Головні убори,42см,650,UAH,В наявності,Да,ДоРечі,Google Feed for Merchant Center,"https://dorechi.ua/content/images/29/merino-beanie-black-42-16534120293845_+4b61ccf9bc.jpg;https://dorechi.ua/content/images/27/merino-beanie-black-38-70487753575462_+5f5731dd25.jpg;https://dorechi.ua/content/images/27/merino-beanie-black-38-59826400998977_+4dcfb24c07.jpg;https://dorechi.ua/content/images/27/54295868159685_+7b05ce23cd.jpg","<h2>М&#39;якенька приємна до тіла зимова шапочка з вовною мериноса &ndash; найкращий варіант зиму, бо вона дарує тепло та комфорт малятку навіть у найлютіші морози.</h2> <p>Неймовірно м&rsquo;якенька, тепла та зручна, декор у вигляді вушок додає шапочці нотки ніжності та казковості. </p> <p dir=""ltr"">Максимально натуральний склад пряжі - 35% віскоза, 30% меринос, 25% бавовна + 10% нейлон для еластичності, завдяки чому шапочка надійно зберігає тепло, не створює парникового ефекту та не електризується.</p> <p dir=""ltr"">Шапка легко одягається та надійно тримається на голові.</p> <p dir=""ltr"">Вушка дитини добре захищені, а зав&#39;язки надійно фіксують виріб на голові. </p> <p dir=""ltr"">Додаткове утеплення силіконізованим синтепоном для безкомпромісного захисту </p> <p dir=""ltr"">Подкладка: 100% бавовна. Дуже важливо, щоб голівка дитини торкалася виключно натуральних матеріалів, тому згідно санітарних норм у шапочках для дітей до року дозволено використовувати у якості підкладки лише бавовну</p> <p dir=""ltr"">Ідеально поєднується зі снудами з цієї ж пряжі, які можна придбати додатково.</p> <p dir=""ltr"">Поради по догляду</p> <p dir=""ltr"">Для чистки не користуйтеся пральною машиною і сушкою. Лише ручне прання у теплій воді з засобом для прання вовни. Не використовуйте пом&rsquo;якшувачі, відбілювачі, миючі засоби або інші продукти, що містять відбілюючі інгредієнти.</p> <p dir=""ltr"">Не прасувати.</p>"
DR-2066-44,DR-2066-38,Шапка зимова з вовною мериноса Чорна,Шапка зимова з вовною мериноса Чорна 44см,Головні убори та аксесуари/Головні убори,44см,650,UAH,В наявності,Да,ДоРечі,Google Feed for Merchant Center,"https://dorechi.ua/content/images/30/merino-beanie-black-44-26835623256700_+9e0ab07876.jpg;https://dorechi.ua/content/images/27/merino-beanie-black-38-70487753575462_+5f5731dd25.jpg;https://dorechi.ua/content/images/27/merino-beanie-black-38-59826400998977_+4dcfb24c07.jpg;https://dorechi.ua/content/images/27/54295868159685_+7b05ce23cd.jpg","<h2>М&#39;якенька приємна до тіла зимова шапочка з вовною мериноса &ndash; найкращий варіант зиму, бо вона дарує тепло та комфорт малятку навіть у найлютіші морози.</h2> <p>Неймовірно м&rsquo;якенька, тепла та зручна, декор у вигляді вушок додає шапочці нотки ніжності та казковості. </p> <p dir=""ltr"">Максимально натуральний склад пряжі - 35% віскоза, 30% меринос, 25% бавовна + 10% нейлон для еластичності, завдяки чому шапочка надійно зберігає тепло, не створює парникового ефекту та не електризується.</p> <p dir=""ltr"">Шапка легко одягається та надійно тримається на голові.</p> <p dir=""ltr"">Вушка дитини добре захищені, а зав&#39;язки надійно фіксують виріб на голові. </p> <p dir=""ltr"">Додаткове утеплення силіконізованим синтепоном для безкомпромісного захисту </p> <p dir=""ltr"">Подкладка: 100% бавовна. Дуже важливо, щоб голівка дитини торкалася виключно натуральних матеріалів, тому згідно санітарних норм у шапочках для дітей до року дозволено використовувати у якості підкладки лише бавовну</p> <p dir=""ltr"">Ідеально поєднується зі снудами з цієї ж пряжі, які можна придбати додатково.</p> <p dir=""ltr"">Поради по догляду</p> <p dir=""ltr"">Для чистки не користуйтеся пральною машиною і сушкою. Лише ручне прання у теплій воді з засобом для прання вовни. Не використовуйте пом&rsquo;якшувачі, відбілювачі, миючі засоби або інші продукти, що містять відбілюючі інгредієнти.</p> <p dir=""ltr"">Не прасувати.</p>"
DR-2066-46-1,DR-2066-38,Шапка зимова з вовною мериноса Чорна,Шапка зимова з вовною мериноса Чорна 46см,Головні убори та аксесуари/Головні убори,46см,650,UAH,В наявності,Да,ДоРечі,Google Feed for Merchant Center,"https://dorechi.ua/content/images/31/merino-beanie-black-46-29965311462409_+f283907a5e.jpg;https://dorechi.ua/content/images/27/merino-beanie-black-38-70487753575462_+5f5731dd25.jpg;https://dorechi.ua/content/images/27/merino-beanie-black-38-59826400998977_+4dcfb24c07.jpg;https://dorechi.ua/content/images/27/54295868159685_+7b05ce23cd.jpg","<h2>М&#39;якенька приємна до тіла зимова шапочка з вовною мериноса &ndash; найкращий варіант зиму, бо вона дарує тепло та комфорт малятку навіть у найлютіші морози.</h2> <p>Неймовірно м&rsquo;якенька, тепла та зручна, декор у вигляді вушок додає шапочці нотки ніжності та казковості. </p> <p dir=""ltr"">Максимально натуральний склад пряжі - 35% віскоза, 30% меринос, 25% бавовна + 10% нейлон для еластичності, завдяки чому шапочка надійно зберігає тепло, не створює парникового ефекту та не електризується.</p> <p dir=""ltr"">Шапка легко одягається та надійно тримається на голові.</p> <p dir=""ltr"">Вушка дитини добре захищені, а зав&#39;язки надійно фіксують виріб на голові. </p> <p dir=""ltr"">Додаткове утеплення силіконізованим синтепоном для безкомпромісного захисту </p> <p dir=""ltr"">Подкладка: 100% бавовна. Дуже важливо, щоб голівка дитини торкалася виключно натуральних матеріалів, тому згідно санітарних норм у шапочках для дітей до року дозволено використовувати у якості підкладки лише бавовну</p> <p dir=""ltr"">Ідеально поєднується зі снудами з цієї ж пряжі, які можна придбати додатково.</p> <p dir=""ltr"">Поради по догляду</p> <p dir=""ltr"">Для чистки не користуйтеся пральною машиною і сушкою. Лише ручне прання у теплій воді з засобом для прання вовни. Не використовуйте пом&rsquo;якшувачі, відбілювачі, миючі засоби або інші продукти, що містять відбілюючі інгредієнти.</p> <p dir=""ltr"">Не прасувати.</p>"
DR-2097,DR-2097,В'язаний плед Карамель,В'язаний плед Карамель,Текстиль/Пледи та покривала,,650,UAH,В наявності,Да,ДоРечі,Google Feed for Merchant Center,"https://dorechi.ua/content/images/41/blanket-knitted-caramel-88863805165502_+9b537058f1.jpg;https://dorechi.ua/content/images/41/blanket-knitted-caramel-77656309173965_+33cb8bd304.jpg;https://dorechi.ua/content/images/41/blanket-knitted-caramel-18755665426539_+5d4cb7d88f.jpg;https://dorechi.ua/content/images/41/blanket-knitted-caramel-96669522006348_+36782e8dcb.jpg","<p data-path-to-node=""3"">В&#39;язаний плед - це не просто аксесуар, це ніжність, яку можна відчути на дотик.</p> <p data-path-to-node=""4"">Ми обрали пряжу із суміші 30% бавовни для дихаючих властивостей та 70% акрилу, завдяки якому плед чудово тримає форму, не витягується, не сідає після прання і зберігає свій первинний вигляд надовго. У підсумку плед неймовірно м&rsquo;який, не &laquo;колеться&raquo; та не викликає подразнень на чутливій шкірі немовляти. А структурована поверхня в&#39;язки корисна для маленьких дитячих пальчиків, які відкривають для себе світ за допомогою тактильного сприйняття.</p> <p data-path-to-node=""5"">Розмір 80х100 см - це золота середина. Ідеально підійде:</p> <ul data-path-to-node=""6""> <li> <p data-path-to-node=""6,0,0"">для виписки з пологового;</p> </li> <li> <p data-path-to-node=""6,1,0"">для солодких снів у ліжечку;</p> </li> <li> <p data-path-to-node=""6,2,0"">як стильна накидка у візочок під час прогулянок;</p> </li> <li> <p data-path-to-node=""6,3,0"">для затишних фотосесій.</p> </li>
</ul> <p data-path-to-node=""7"">Крім того, плед - це безпрограшний варіант подарунка на baby shower або перші відвідини малюка.<br />
Відправка в день замовлення.</p> <h3 data-path-to-node=""9"">Основні правила прання та сушіння</h3> <ul data-path-to-node=""10""> <li> <p data-path-to-node=""10,0,0""><b data-index-in-node=""0"" data-path-to-node=""10,0,0"">Температура води:</b> Прати при температурі не вище 30&ndash;40&deg;C. У гарячій воді акрил може втратити свою м&#39;якість і &laquo;збитися&raquo;, а бавовна &mdash; дати усадку.</p> </li> <li> <p data-path-to-node=""10,1,0""><b data-index-in-node=""0"" data-path-to-node=""10,1,0"">Режим прання:</b> Рекомендується ручне прання або машинне на делікатному режимі (програми &laquo;Вовна&raquo;, &laquo;Ручне прання&raquo; або &laquo;Делікатні тканини&raquo;). У пральний машині рекомендується використовувати мішок для прання.</p> </li> <li> <p data-path-to-node=""10,2,0""><b data-index-in-node=""0"" data-path-to-node=""10,2,0"">Засоби для прання:</b> Краще використовувати рідкі гелі для прання дитячих речей. Вони легше виполіскуються з волокон пряжі порівняно з порошком і є безпечними для шкіри малюка. Не використовуйте відбілювачі.</p> </li> <li> <p data-path-to-node=""10,3,0""><b data-index-in-node=""0"" data-path-to-node=""10,3,0"">Віджим:</b> У пральній машині встановлюйте мінімальні оберти (400&ndash;600). Якщо перете руками, не викручуйте плед силою. Краще обережно стиснути його руками, а зайву вологу прибрати, загорнувши плед у махровий рушник.</p> </li> <li> <p data-path-to-node=""10,4,0""><b data-index-in-node=""0"" data-path-to-node=""10,4,0"">Правильне сушіння:</b> Це найважливіший етап для в&#39;язаних речей. Сушити плед потрібно тільки в горизонтальному положенні на рівній поверхні, підклавши під нього сухий рушник. Не вішайте його на мотузку чи сушарку &mdash; під вагою води він може розтягнутися і втратити форму. Також уникайте сушіння на батареї.</p> </li> <li> <p data-path-to-node=""10,5,0""><b data-index-in-node=""0"" data-path-to-node=""10,5,0"">Прасування:</b> Завдяки акрилу плед майже не мнеться і зазвичай не потребує прасування. Якщо виникла така необхідність, використовуйте відпарювач або прасуйте на мінімальній температурі (режим &laquo;Синтетика&raquo; або &laquo;Шовк&raquo;) через злегка вологу тканину.</p> </li>
</ul>"
DR-2098,DR-2098,В'язаний плед Шоколад,В'язаний плед Шоколад,Текстиль/Пледи та покривала,,650,UAH,В наявності,Да,ДоРечі,Google Feed for Merchant Center,"https://dorechi.ua/content/images/42/blanket-knitted-chocolate-51029230017377_+b83fbb95b6.jpg;https://dorechi.ua/content/images/42/blanket-knitted-chocolate-26414227764067_+8683cd3e15.jpg;https://dorechi.ua/content/images/42/blanket-knitted-chocolate-21351786200847_+259d0e2153.jpg;https://dorechi.ua/content/images/42/blanket-knitted-chocolate-46679118827986_+7a7366052b.jpg","<p data-path-to-node=""3"">В&#39;язаний плед - це не просто аксесуар, це ніжність, яку можна відчути на дотик.</p> <p data-path-to-node=""4"">Ми обрали пряжу із суміші 30% бавовни для дихаючих властивостей та 70% акрилу, завдяки якому плед чудово тримає форму, не витягується, не сідає після прання і зберігає свій первинний вигляд надовго. У підсумку плед неймовірно м&rsquo;який, не &laquo;колеться&raquo; та не викликає подразнень на чутливій шкірі немовляти. А структурована поверхня в&#39;язки корисна для маленьких дитячих пальчиків, які відкривають для себе світ за допомогою тактильного сприйняття.</p> <p data-path-to-node=""5"">Розмір 80х100 см - це золота середина. Ідеально підійде:</p> <ul data-path-to-node=""6""> <li> <p data-path-to-node=""6,0,0"">для виписки з пологового;</p> </li> <li> <p data-path-to-node=""6,1,0"">для солодких снів у ліжечку;</p> </li> <li> <p data-path-to-node=""6,2,0"">як стильна накидка у візочок під час прогулянок;</p> </li> <li> <p data-path-to-node=""6,3,0"">для затишних фотосесій.</p> </li>
</ul> <p data-path-to-node=""7"">Крім того, плед - це безпрограшний варіант подарунка на baby shower або перші відвідини малюка.<br />
Відправка в день замовлення.</p> <h3 data-path-to-node=""9"">Основні правила прання та сушіння</h3> <ul data-path-to-node=""10""> <li> <p data-path-to-node=""10,0,0""><b data-index-in-node=""0"" data-path-to-node=""10,0,0"">Температура води:</b> Прати при температурі не вище 30&ndash;40&deg;C. У гарячій воді акрил може втратити свою м&#39;якість і &laquo;збитися&raquo;, а бавовна &mdash; дати усадку.</p> </li> <li> <p data-path-to-node=""10,1,0""><b data-index-in-node=""0"" data-path-to-node=""10,1,0"">Режим прання:</b> Рекомендується ручне прання або машинне на делікатному режимі (програми &laquo;Вовна&raquo;, &laquo;Ручне прання&raquo; або &laquo;Делікатні тканини&raquo;). У пральний машині рекомендується використовувати мішок для прання.</p> </li> <li> <p data-path-to-node=""10,2,0""><b data-index-in-node=""0"" data-path-to-node=""10,2,0"">Засоби для прання:</b> Краще використовувати рідкі гелі для прання дитячих речей. Вони легше виполіскуються з волокон пряжі порівняно з порошком і є безпечними для шкіри малюка. Не використовуйте відбілювачі.</p> </li> <li> <p data-path-to-node=""10,3,0""><b data-index-in-node=""0"" data-path-to-node=""10,3,0"">Віджим:</b> У пральній машині встановлюйте мінімальні оберти (400&ndash;600). Якщо перете руками, не викручуйте плед силою. Краще обережно стиснути його руками, а зайву вологу прибрати, загорнувши плед у махровий рушник.</p> </li> <li> <p data-path-to-node=""10,4,0""><b data-index-in-node=""0"" data-path-to-node=""10,4,0"">Правильне сушіння:</b> Це найважливіший етап для в&#39;язаних речей. Сушити плед потрібно тільки в горизонтальному положенні на рівній поверхні, підклавши під нього сухий рушник. Не вішайте його на мотузку чи сушарку &mdash; під вагою води він може розтягнутися і втратити форму. Також уникайте сушіння на батареї.</p> </li> <li> <p data-path-to-node=""10,5,0""><b data-index-in-node=""0"" data-path-to-node=""10,5,0"">Прасування:</b> Завдяки акрилу плед майже не мнеться і зазвичай не потребує прасування. Якщо виникла така необхідність, використовуйте відпарювач або прасуйте на мінімальній температурі (режим &laquo;Синтетика&raquo; або &laquo;Шовк&raquo;) через злегка вологу тканину.</p> </li>
</ul>"
DR-2099,DR-2099,В'язаний плед Сірий,В'язаний плед Сірий,Текстиль/Пледи та покривала,,650,UAH,В наявності,Да,ДоРечі,Google Feed for Merchant Center,"https://dorechi.ua/content/images/43/blanket-knitted-grey-25279368270672_+0e9d2c3ff6.jpg;https://dorechi.ua/content/images/43/blanket-knitted-grey-12382558622922_+710403cca9.jpg;https://dorechi.ua/content/images/43/blanket-knitted-grey-37148602833586_+f436bafc59.jpg;https://dorechi.ua/content/images/43/blanket-knitted-grey-52205564029127_+8ada6471f0.jpg","<p data-path-to-node=""3"">В&#39;язаний плед - це не просто аксесуар, це ніжність, яку можна відчути на дотик.</p> <p data-path-to-node=""4"">Ми обрали пряжу із суміші 30% бавовни для дихаючих властивостей та 70% акрилу, завдяки якому плед чудово тримає форму, не витягується, не сідає після прання і зберігає свій первинний вигляд надовго. У підсумку плед неймовірно м&rsquo;який, не &laquo;колеться&raquo; та не викликає подразнень на чутливій шкірі немовляти. А структурована поверхня в&#39;язки корисна для маленьких дитячих пальчиків, які відкривають для себе світ за допомогою тактильного сприйняття.</p> <p data-path-to-node=""5"">Розмір 80х100 см - це золота середина. Ідеально підійде:</p> <ul data-path-to-node=""6""> <li> <p data-path-to-node=""6,0,0"">для виписки з пологового;</p> </li> <li> <p data-path-to-node=""6,1,0"">для солодких снів у ліжечку;</p> </li> <li> <p data-path-to-node=""6,2,0"">як стильна накидка у візочок під час прогулянок;</p> </li> <li> <p data-path-to-node=""6,3,0"">для затишних фотосесій.</p> </li>
</ul> <p data-path-to-node=""7"">Крім того, плед - це безпрограшний варіант подарунка на baby shower або перші відвідини малюка.<br />
Відправка в день замовлення.</p> <h3 data-path-to-node=""9"">Основні правила прання та сушіння</h3> <ul data-path-to-node=""10""> <li> <p data-path-to-node=""10,0,0""><b data-index-in-node=""0"" data-path-to-node=""10,0,0"">Температура води:</b> Прати при температурі не вище 30&ndash;40&deg;C. У гарячій воді акрил може втратити свою м&#39;якість і &laquo;збитися&raquo;, а бавовна &mdash; дати усадку.</p> </li> <li> <p data-path-to-node=""10,1,0""><b data-index-in-node=""0"" data-path-to-node=""10,1,0"">Режим прання:</b> Рекомендується ручне прання або машинне на делікатному режимі (програми &laquo;Вовна&raquo;, &laquo;Ручне прання&raquo; або &laquo;Делікатні тканини&raquo;). У пральний машині рекомендується використовувати мішок для прання.</p> </li> <li> <p data-path-to-node=""10,2,0""><b data-index-in-node=""0"" data-path-to-node=""10,2,0"">Засоби для прання:</b> Краще використовувати рідкі гелі для прання дитячих речей. Вони легше виполіскуються з волокон пряжі порівняно з порошком і є безпечними для шкіри малюка. Не використовуйте відбілювачі.</p> </li> <li> <p data-path-to-node=""10,3,0""><b data-index-in-node=""0"" data-path-to-node=""10,3,0"">Віджим:</b> У пральній машині встановлюйте мінімальні оберти (400&ndash;600). Якщо перете руками, не викручуйте плед силою. Краще обережно стиснути його руками, а зайву вологу прибрати, загорнувши плед у махровий рушник.</p> </li> <li> <p data-path-to-node=""10,4,0""><b data-index-in-node=""0"" data-path-to-node=""10,4,0"">Правильне сушіння:</b> Це найважливіший етап для в&#39;язаних речей. Сушити плед потрібно тільки в горизонтальному положенні на рівній поверхні, підклавши під нього сухий рушник. Не вішайте його на мотузку чи сушарку &mdash; під вагою води він може розтягнутися і втратити форму. Також уникайте сушіння на батареї.</p> </li> <li> <p data-path-to-node=""10,5,0""><b data-index-in-node=""0"" data-path-to-node=""10,5,0"">Прасування:</b> Завдяки акрилу плед майже не мнеться і зазвичай не потребує прасування. Якщо виникла така необхідність, використовуйте відпарювач або прасуйте на мінімальній температурі (режим &laquo;Синтетика&raquo; або &laquo;Шовк&raquo;) через злегка вологу тканину.</p> </li>
</ul>"
DR-2100,DR-2100,В'язаний плед Зелений,В'язаний плед Зелений,Текстиль/Пледи та покривала,,650,UAH,В наявності,Да,ДоРечі,Google Feed for Merchant Center,"https://dorechi.ua/content/images/44/blanket-knitted-green-85054260242843_+fe2f8520d3.jpg;https://dorechi.ua/content/images/44/blanket-knitted-green-24655100969884_+78e4138ccb.jpg;https://dorechi.ua/content/images/44/blanket-knitted-green-52782475032592_+97c74d7dde.jpg;https://dorechi.ua/content/images/44/blanket-knitted-green-68174109305386_+a1127160c9.jpg","<p data-path-to-node=""3"">В&#39;язаний плед - це не просто аксесуар, це ніжність, яку можна відчути на дотик.</p> <p data-path-to-node=""4"">Ми обрали пряжу із суміші 30% бавовни для дихаючих властивостей та 70% акрилу, завдяки якому плед чудово тримає форму, не витягується, не сідає після прання і зберігає свій первинний вигляд надовго. У підсумку плед неймовірно м&rsquo;який, не &laquo;колеться&raquo; та не викликає подразнень на чутливій шкірі немовляти. А структурована поверхня в&#39;язки корисна для маленьких дитячих пальчиків, які відкривають для себе світ за допомогою тактильного сприйняття.</p> <p data-path-to-node=""5"">Розмір 80х100 см - це золота середина. Ідеально підійде:</p> <ul data-path-to-node=""6""> <li> <p data-path-to-node=""6,0,0"">для виписки з пологового;</p> </li> <li> <p data-path-to-node=""6,1,0"">для солодких снів у ліжечку;</p> </li> <li> <p data-path-to-node=""6,2,0"">як стильна накидка у візочок під час прогулянок;</p> </li> <li> <p data-path-to-node=""6,3,0"">для затишних фотосесій.</p> </li>
</ul> <p data-path-to-node=""7"">Крім того, плед - це безпрограшний варіант подарунка на baby shower або перші відвідини малюка.<br />
Відправка в день замовлення.</p> <h3 data-path-to-node=""9"">Основні правила прання та сушіння</h3> <ul data-path-to-node=""10""> <li> <p data-path-to-node=""10,0,0""><b data-index-in-node=""0"" data-path-to-node=""10,0,0"">Температура води:</b> Прати при температурі не вище 30&ndash;40&deg;C. У гарячій воді акрил може втратити свою м&#39;якість і &laquo;збитися&raquo;, а бавовна &mdash; дати усадку.</p> </li> <li> <p data-path-to-node=""10,1,0""><b data-index-in-node=""0"" data-path-to-node=""10,1,0"">Режим прання:</b> Рекомендується ручне прання або машинне на делікатному режимі (програми &laquo;Вовна&raquo;, &laquo;Ручне прання&raquo; або &laquo;Делікатні тканини&raquo;). У пральний машині рекомендується використовувати мішок для прання.</p> </li> <li> <p data-path-to-node=""10,2,0""><b data-index-in-node=""0"" data-path-to-node=""10,2,0"">Засоби для прання:</b> Краще використовувати рідкі гелі для прання дитячих речей. Вони легше виполіскуються з волокон пряжі порівняно з порошком і є безпечними для шкіри малюка. Не використовуйте відбілювачі.</p> </li> <li> <p data-path-to-node=""10,3,0""><b data-index-in-node=""0"" data-path-to-node=""10,3,0"">Віджим:</b> У пральній машині встановлюйте мінімальні оберти (400&ndash;600). Якщо перете руками, не викручуйте плед силою. Краще обережно стиснути його руками, а зайву вологу прибрати, загорнувши плед у махровий рушник.</p> </li> <li> <p data-path-to-node=""10,4,0""><b data-index-in-node=""0"" data-path-to-node=""10,4,0"">Правильне сушіння:</b> Це найважливіший етап для в&#39;язаних речей. Сушити плед потрібно тільки в горизонтальному положенні на рівній поверхні, підклавши під нього сухий рушник. Не вішайте його на мотузку чи сушарку &mdash; під вагою води він може розтягнутися і втратити форму. Також уникайте сушіння на батареї.</p> </li> <li> <p data-path-to-node=""10,5,0""><b data-index-in-node=""0"" data-path-to-node=""10,5,0"">Прасування:</b> Завдяки акрилу плед майже не мнеться і зазвичай не потребує прасування. Якщо виникла така необхідність, використовуйте відпарювач або прасуйте на мінімальній температурі (режим &laquo;Синтетика&raquo; або &laquo;Шовк&raquo;) через злегка вологу тканину.</p> </li>
</ul>"
DR-1848,DR-1848,Козирок Twin Shade,Козирок Twin Shade,Прогулянка та іграшки/Аксесуари для колясок,,600,UAH,В наявності,Да,ДоРечі,Google Feed for Merchant Center,"https://dorechi.ua/content/images/19/kozirki-vid-soncyatwin-shade-dorechi-soncezahisniy-kozirok-35428671279199_+0be010052c.jpg;https://dorechi.ua/content/images/19/kozirki-vid-soncyatwin-shade-dorechi-soncezahisniy-kozirok-72690203728571_+78690e358a.jpg;https://dorechi.ua/content/images/19/kozirki-vid-soncyatwin-shade-dorechi-soncezahisniy-kozirok-11578058650945_+5db6e3cbfb.jpg;https://dorechi.ua/content/images/19/kozirki-vid-soncyatwin-shade-dorechi-soncezahisniy-kozirok-56470358492354_+cc5646bf6c.jpg;https://dorechi.ua/content/images/19/kozirki-vid-soncyatwin-shade-dorechi-soncezahisniy-kozirok-65267799114881_+1f18d127e0.jpeg;https://dorechi.ua/content/images/19/kozirki-vid-soncyatwin-shade-dorechi-soncezahisniy-kozirok-13875008919563_+f74e851a90.jpg","<p>Twin Shade ДоРечі - це додатковий козирок для коляски, який надійно захищає Вашого малюка від шкідливого впливу сонця.</p> <p>У період високої сонячної активності малюки мають перебувати у тіні. Якщо у Вашої коляски недостатньо глибокий капюшон, то сонцезахисний кап стане надійною допомогою.</p> <p>Купуючи козирок Ви можете бути впевнені, що він:</p> <ul> <li>Має фактор захисту від ультрафіолетових променів UPF50, тобто тканина козирка блокує  49 із 50 чи 98% УФ випромінювання.</li> <li>Надійно кріпиться за допомогою зав&#39;язок у двох точках.</li> <li>Створює беззаперечно більшу тінь, ніж заводські капюшони більшості колясок. Його можна опустити до самого бампера, щоб сонце не заважало дитині спати. А можна залишити розкритим лише одну секцію - ідеальний варіант для денних прогулянок.</li> <li>Підходить для будь-яких візків з капюшоном - і люлек і прогулянкових блоків. Створить щільну тінь над автокріслом.</li> <li>Має чорний колір матеріалу. Бо чим темніший колір, тим менше виріб пропускає ультрафіолету.</li> <li>Вироблений з дихаючого матеріалу &mdash; не заважає вільній циркуляції повітря.</li> <li>Не перешкоджає складанню коляски.</li> <li>Захищає ""рідний"" капюшон візочка від вигоряння.</li> <li>Врятує від легкого вітру, дощику та навіть снігу.</li> <li>Складається у невеличку зручну сумочку 25*25 см.</li>
</ul> <p>Додаткові козирки від сонця з захистом UPF50 рекомендовані найкращими педіатрами світу.</p> <p>Чому козирки чорні?  <p>Twin Shade - обов&rsquo;язкове придбання люблячих батьків у сонячну пору року!</p>"
DR-1833F,DR-1833F,Козирок Double Shade Фарби,Козирок Double Shade Фарби,Прогулянка та іграшки/Аксесуари для колясок,,585,UAH,В наявності,Да,ДоРечі,Google Feed for Merchant Center,"https://dorechi.ua/content/images/11/farby_double_shade-47010176954795_+ae4098be56.jpg;https://dorechi.ua/content/images/11/92638914214082_+00a24a9ec7.jpg;https://dorechi.ua/content/images/11/13406654545677_+3cb90e93ce.jpg;https://dorechi.ua/content/images/11/42042487350446_+1a80c60fd4.jpg;https://dorechi.ua/content/images/11/farby_double_shade-31464455228210_+fce949fbb5.jpeg;https://dorechi.ua/content/images/11/farby_double_shade-33645031083355_+4459d89135.jpg","<h2>Яскравий подвійний козирок Double Shade Фабри  для капюшона візочка надійно захищає дитину від шкідливого впливу сонячного випромінювання.</h2> <p>Активні сонячні промені мають дуже шкідливий вплив на людей. А особливо для малюків, тому бажаним є знаходження дитини в період найактивнішого сонця у тіні. Якщо у Вашого візочка недостатньо глибокий капюшон, то наш виріб - сонцезахисний кап Дабл Шейд стане Вам у нагоді.</p> <p>Його незаперечними перевагами є те, що він:</p> <ul> <li>Має фактор захисту від ультрафіолетових променів UPF40, тобто тканина козирка блокує  39 із 40 чи 97% УФ випромінювання.</li> <li>Надійно кріпиться за допомогою зав&#39;язок у двох точках.</li> <li>Створює беззаперечно більшу тінь, ніж заводські капюшони візочків. Його можна опуститити до самого бампера.</li> <li>Має додаткову секцію із чорної москітної сітки з мілким плетенням. Вона дозволяє безперешкодно бачити навколишній світ і одночасно створює гарну тінь. Цю секцію можна скласти та закріпити за допомогою кнопок.</li> <li>Підходить для будь-яких візочків з капюшоном - і люлек і прогулянкових блоків. До того ж кап створить щільну тінь над автокріслом.</li> <li>Має яскравий колір матеріалу. Бо чим яскравіший колір, тим менше виріб пропускає ультрафіолету.</li> <li>Має дихаючий матеріал, який не заважає вільній циркуляції повітря.</li> <li>У прикріпленому вигляді не заважає складанню коляски</li> <li>Захищає ""рідний"" капюшон візочка від вигоряння.</li> <li>Врятує від легкого літнього дощику.</li> <li>Складається у невеличку зручну сумочку 25*25 см.</li>
</ul><p>Додаткові козирки від сонця з захистом від ультрафіолетового випромінювання рекомендовані найкращими педіатрами світу.</p>"
DR-2090,DR-2090,Пінетки зимові Леопард,Пінетки зимові Леопард,Головні убори та аксесуари/Пінетки,,575,UAH,В наявності,Да,ДоРечі,Google Feed for Merchant Center,"https://dorechi.ua/content/images/4/booties_leopard-55614713750681_+ace70131e9.jpg;https://dorechi.ua/content/images/4/booties_leopard-96782233396701_+d4cd58e7b2.jpg;https://dorechi.ua/content/images/4/booties_leopard-41720276944017_+c60d1fd747.jpg;https://dorechi.ua/content/images/4/booties_leopard-37832693589917_+99a955e9cb.jpg","<p>Пінетки ДоРечі розроблені для діток від народження до 18 місяців.</p> <p>За допомогою еластичної тасьми вони легко одягаються та утримуються на ніжці.</p> <p>Верхній матеріал - мембранна тканина.</p> <p>Утеплювач - Thermoloft 200, який чудово зберігає тепло.</p> <p>Всередині - м&#39;який фліс Polar.</p> <p>Світловідбиваючі елементи допомагають малюкові бути помітним в темний час доби під час переходу дороги.</p>"
DR-2101,DR-2101,Пінетки зимові Мамонт,Пінетки зимові Мамонт 14 (0-18м),Головні убори та аксесуари/Пінетки,14 (0-18м),575,UAH,В наявності,Да,ДоРечі,Google Feed for Merchant Center,"https://dorechi.ua/content/images/50/booties_mammoth-46250149027557_+20cbff5baf.jpg;https://dorechi.ua/content/images/50/booties_mammoth-84873260895423_+fc695c5b64.jpg;https://dorechi.ua/content/images/50/booties_mammoth-71860120398171_+f960f9aa28.jpg;https://dorechi.ua/content/images/50/booties_mammoth-15008755300962_+519c84f112.jpg","<p>Пінетки ДоРечі розроблені для діток від народження до 18 місяців.</p> <p>За допомогою еластичної тасьми вони легко одягаються та утримуються на ніжці.</p> <p>Верхній матеріал - мембранна тканина.</p> <p>Утеплювач - Thermoloft 200, який чудово зберігає тепло.</p> <p>Всередині - м&#39;який фліс Polar.</p> <p>Світловідбиваючі елементи допомагають малюкові бути помітним в темний час доби під час переходу дороги.</p>"
DR-2102,DR-2102,Пінетки зимові Перший сніг,Пінетки зимові Перший сніг 14 (0-18м),Головні убори та аксесуари/Пінетки,14 (0-18м),575,UAH,В наявності,Да,ДоРечі,Google Feed for Merchant Center,"https://dorechi.ua/content/images/1/booties_first_snow-45475021136061_+742901d9e1.jpg;https://dorechi.ua/content/images/1/booties_first_snow-65884462044361_+2c84a20d95.jpg;https://dorechi.ua/content/images/1/booties_first_snow-66319405169119_+758cfda790.jpg;https://dorechi.ua/content/images/1/booties_first_snow-86325538614924_+7db6bb4dd1.jpg","<p>Пінетки ДоРечі розроблені для діток від народження до 18 місяців.</p> <p>За допомогою еластичної тасьми вони легко одягаються та утримуються на ніжці.</p> <p>Верхній матеріал - мембранна тканина.</p> <p>Утеплювач - Thermoloft 200, який чудово зберігає тепло.</p> <p>Всередині - м&#39;який фліс Polar.</p> <p>Світловідбиваючі елементи допомагають малюкові бути помітним в темний час доби під час переходу дороги.</p>"
DR-2103,DR-2103,Пінетки зимові Зимова галявина,Пінетки зимові Зимова галявина 14 (0-18м),Головні убори та аксесуари/Пінетки,14 (0-18м),575,UAH,В наявності,Да,ДоРечі,Google Feed for Merchant Center,"https://dorechi.ua/content/images/2/booties_winter_meadow-39415015254213_+cd1e775ab8.jpg;https://dorechi.ua/content/images/2/booties_winter_meadow-29285581116337_+c26f81002d.jpg;https://dorechi.ua/content/images/2/booties_winter_meadow-32600579958969_+2b15549b43.jpg;https://dorechi.ua/content/images/2/booties_winter_meadow-31226397704079_+faef5ca258.jpg","<p>Пінетки ДоРечі розроблені для діток від народження до 18 місяців.</p> <p>За допомогою еластичної тасьми вони легко одягаються та утримуються на ніжці.</p> <p>Верхній матеріал - мембранна тканина.</p> <p>Утеплювач - Thermoloft 200, який чудово зберігає тепло.</p> <p>Всередині - м&#39;який фліс Polar.</p> <p>Світловідбиваючі елементи допомагають малюкові бути помітним в темний час доби під час переходу дороги.</p>"
DR-1833,DR-1833,Козирок Double Shade,Козирок Double Shade,Прогулянка та іграшки/Аксесуари для колясок,,550,UAH,В наявності,Да,ДоРечі,Google Feed for Merchant Center,"https://dorechi.ua/content/images/48/kozirki-vid-soncyadouble-shade-dorechi-soncezahisniy-kozirok-17187632665088_+be23014e20.jpg;https://dorechi.ua/content/images/48/kozirki-vid-soncyadouble-shade-dorechi-soncezahisniy-kozirok-61423501072309_+a9b2a223c7.jpg;https://dorechi.ua/content/images/48/kozirki-vid-soncyadouble-shade-dorechi-soncezahisniy-kozirok-36247398430228_+db98705bfa.jpg;https://dorechi.ua/content/images/48/kozirki-vid-soncyadouble-shade-dorechi-soncezahisniy-kozirok-59819332124512_+05a38105a9.jpg;https://dorechi.ua/content/images/48/kozirki-vid-soncyadouble-shade-dorechi-soncezahisniy-kozirok-63619063078243_+c7ab3896cb.jpg;https://dorechi.ua/content/images/48/kozirki-vid-soncyadouble-shade-dorechi-soncezahisniy-kozirok-18325584425522_+ff02c9cb7b.jpg;https://dorechi.ua/content/images/48/kozirki-vid-soncyadouble-shade-dorechi-soncezahisniy-kozirok-71172373371610_+a77495b138.jpg;https://dorechi.ua/content/images/48/kozirki-vid-soncyadouble-shade-dorechi-soncezahisniy-kozirok-77397348999645_+5b0f953369.jpg;https://dorechi.ua/content/images/48/kozirki-vid-soncyadouble-shade-dorechi-soncezahisniy-kozirok-91725516916920_+3ee0b7994a.jpg;https://dorechi.ua/content/images/48/kozirki-vid-soncyadouble-shade-dorechi-soncezahisniy-kozirok-20443755749734_+1268d92a06.jpg","<p>Подвійний козирок для капюшона візочка Double Shade DoRechi захищає дитину від шкідливого впливу сонячного випромінювання.</p> <p>Активні сонячні промені мають дуже шкідливий вплив на людей. А особливо для малюків, тому бажаним є знаходження дитини в період найактивнішого сонця у тіні. Якщо у Вашого візочка недостатньо глибокий капюшон, то наш виріб - сонцезахисний кап Double Shade стане Вам у нагоді.</p> <p>Його незаперечними перевагами є те, що він:</p> <ul> <li>Має фактор захисту від ультрафіолетових променів UPF50, тобто тканина козирка блокує  49 із 50 чи 98% УФ випромінювання.</li> <li>Надійно кріпиться за допомогою зав&#39;язок у двох точках.</li> <li>Створює беззаперечно більшу тінь, ніж заводські капюшони візочків. Його можна опуститити до самого бампера.</li> <li>Має додаткову секцію із чорної москітної сітки з мілким плетенням. Вона дозволяє безперешкодно бачити навколишній світ і одночасно створює гарну тінь. Цю секцію можна скласти та закріпити за допомогою кнопок.</li> <li>Підходить для будь-яких візочків з капюшоном - і люлек і прогулянкових блоків. До того ж кап створить щільну тінь над автокріслом.</li> <li>Має чорний колір матеріалу. Бо чим темніший колір, тим менше виріб пропускає ультрафіолету.</li> <li>Має дихаючий матеріал, який не заважає вільній циркуляції повітря.</li> <li>У прикріпленому вигляді не заважає складанню коляски</li> <li>Захищає ""рідний"" капюшон візочка від вигоряння.</li> <li>Врятує від легкого літнього дощику.</li> <li>Складається у невеличку зручну сумочку 25*25 см.</li>
</ul> <p>Чому козирки чорні?   <p>Додаткові козирки від сонця з захистом UPF50 рекомендовані найкращими педіатрами світу.</p>"
DR-1903,DR-1903,Пінетки зимові Беж,Пінетки зимові Беж 14 (0-18м),Головні убори та аксесуари/Пінетки,14 (0-18м),460,UAH,В наявності,Да,ДоРечі,Google Feed for Merchant Center,"https://dorechi.ua/content/images/4/booties_beige-69417790893107_+c91167211c.jpg;https://dorechi.ua/content/images/4/booties_beige-64213708793524_+badf1cc06b.jpg;https://dorechi.ua/content/images/4/booties_beige-21444701128549_+d561723fb7.jpg;https://dorechi.ua/content/images/4/booties_beige-68107678983331_+50e9b53bcd.jpg","<p>Пінетки ДоРечі розроблені для діток від народження до 18 місяців.</p> <p>За допомогою еластичної тасьми вони легко одягаються та утримуються на ніжці.</p> <p>Верхній матеріал - мембранна тканина.</p> <p>Утеплювач - Thermoloft 200, який чудово зберігає тепло.</p> <p>Всередині - м&#39;який фліс Polar.</p> <p>Світловідбиваючі елементи допомагають малюкові бути помітним в темний час доби під час переходу дороги.</p>"
DR-1904-14,DR-1904-14,Пінетки зимові Графітові,Пінетки зимові Графітові 14 (0-18м),Головні убори та аксесуари/Пінетки,14 (0-18м),460,UAH,Немає в наявності,Да,ДоРечі,Google Feed for Merchant Center,"https://dorechi.ua/content/images/14/boots_graphite-33169173357892_+8551cae901.jpg;https://dorechi.ua/content/images/14/boots_graphite-18840185499289_+10f9f582dd.jpg;https://dorechi.ua/content/images/14/boots_graphite-24879404665518_+52c429d1e8.jpg;https://dorechi.ua/content/images/14/boots_graphite-37860818385156_+ba9a0c8d5a.jpg","<p>Пінетки ДоРечі розроблені для діток від народження до 18 місяців.</p> <p>Довжина підошви 14 см</p> <p>За допомогою еластичної тасьми пінетки легко одягаються та утримуються на ніжці.</p> <p>Верхній матеріал - мембранна тканина.</p> <p>Утеплювач - Thermoloft 200 чудово зберігає тепло.</p> <p>Всередині - м&#39;який фліс Polar.</p> <p>А світловідбиваючі елементи допомагають малюкові бути помітним в темний час доби під час переходу дороги.</p>"
DR-1906-15,DR-1906-15,Пінетки зимові Сині,Пінетки зимові Сині 14 (0-18м),Головні убори та аксесуари/Пінетки,14 (0-18м),460,UAH,В наявності,Да,ДоРечі,Google Feed for Merchant Center,"https://dorechi.ua/content/images/37/pinetky_n_blue_15-26926582640391_+e0c98d3b75.jpg;https://dorechi.ua/content/images/37/pinetky_n_blue_15-93075277019342_+28889711ff.jpg;https://dorechi.ua/content/images/37/pinetky_n_blue_15-60355063268739_+5c801bdcf4.jpg;https://dorechi.ua/content/images/37/pinetky_n_blue_15-71015113868028_+617f8fde60.jpg","<p>Пінетки ДоРечі розроблені для діток від народження до 18 місяців.</p> <p>За допомогою еластичної тасьми вони легко одягаються та утримуються на ніжці.</p> <p>Верхній матеріал - мембранна тканина.</p> <p>Утеплювач - Thermoloft 200, який чудово зберігає тепло.</p> <p>Всередині - м&#39;який фліс Polar.</p> <p>Світловідбиваючі елементи допомагають малюкові бути помітним в темний час доби під час переходу дороги.</p>"
DR-1908-15,DR-1908-15,Пінетки зимові Чорні,Пінетки зимові Чорні 14 (0-18м),Головні убори та аксесуари/Пінетки,14 (0-18м),460,UAH,В наявності,Да,ДоРечі,Google Feed for Merchant Center,"https://dorechi.ua/content/images/41/pinetky_black_15-30045018490400_+7070ed140c.jpg;https://dorechi.ua/content/images/41/pinetky_black_15-24516103012241_+ec687b3b87.jpg;https://dorechi.ua/content/images/41/pinetky_black_15-76022617189188_+33480fab2b.jpg;https://dorechi.ua/content/images/41/pinetky_black_15-62785272973613_+61ca4d1f0c.jpg","<p>Пінетки ДоРечі розроблені для діток від народження до 18 місяців.</p> <p>За допомогою еластичної тасьми вони легко одягаються та утримуються на ніжці.</p> <p>Верхній матеріал - мембранна тканина.</p> <p>Утеплювач - Thermoloft 200, який чудово зберігає тепло.</p> <p>Всередині - м&#39;який фліс Polar.</p> <p>Світловідбиваючі елементи допомагають малюкові бути помітним в темний час доби під час переходу дороги.</p>"
DR-2094,DR-2094,Пінетки зимові Зелені,Пінетки зимові Зелені 14 (0-18м),Головні убори та аксесуари/Пінетки,14 (0-18м),460,UAH,В наявності,Да,ДоРечі,Google Feed for Merchant Center,"https://dorechi.ua/content/images/32/booties_green-19411198817720_+321137edbb.jpg;https://dorechi.ua/content/images/32/booties_green-89425185877749_+ecd87c4b04.jpg;https://dorechi.ua/content/images/32/booties_green-91926341559687_+94af02fe4a.jpg;https://dorechi.ua/content/images/32/booties_green-29918802248661_+e647a38c24.jpg","<p>Пінетки ДоРечі розроблені для діток від народження до 18 місяців.</p>

<p>За допомогою еластичної тасьми вони легко одягаються та утримуються на ніжці.</p>

<p>Верхній матеріал - мембранна тканина.</p>

<p>Утеплювач - Hollowsoft 200, який чудово зберігає тепло.</p>

<p>Всередині - м&#39;який фліс Polar.</p>

<p>Світловідбиваючі елементи допомагають малюкові бути помітним в темний час доби під час переходу дороги.</p>"
DR-2104,DR-2104,Пінетки зимові Шоколад,Пінетки зимові Шоколад 14 (0-18м),Головні убори та аксесуари/Пінетки,14 (0-18м),460,UAH,В наявності,Да,ДоРечі,Google Feed for Merchant Center,"https://dorechi.ua/content/images/3/booties_chocolate-76788988236775_+dee235f1ae.jpg;https://dorechi.ua/content/images/3/booties_chocolate-74048490675989_+e9cfa6c424.jpg;https://dorechi.ua/content/images/3/booties_chocolate-56078772929874_+68de532f4d.jpg;https://dorechi.ua/content/images/3/booties_chocolate-23079078844428_+9e19e9aa07.jpg","<p>Пінетки ДоРечі розроблені для діток від народження до 18 місяців.</p> <p>За допомогою еластичної тасьми вони легко одягаються та утримуються на ніжці.</p> <p>Верхній матеріал - мембранна тканина.</p> <p>Утеплювач - Thermoloft 200, який чудово зберігає тепло.</p> <p>Всередині - м&#39;який фліс Polar.</p> <p>Світловідбиваючі елементи допомагають малюкові бути помітним в темний час доби під час переходу дороги.</p>"
DR-1929-74,DR-1929-74,Вітровка Малюнки на Блакитному фоні,Вітровка Малюнки на Блакитному фоні 74 см,Одяг/Верхній одяг,74,350,UAH,В наявності,Да,ДоРечі,Google Feed for Merchant Center,"https://dorechi.ua/content/images/48/windbreaker_blue-55642425303644_+fcea4764a8.jpg;https://dorechi.ua/content/images/48/windbreaker_blue-70059057998468_+b83ff28419.jpg;https://dorechi.ua/content/images/48/windbreaker_blue-32809621701675_+5cd711d423.jpg;https://dorechi.ua/content/images/48/windbreaker_blue-66197218918824_+9e8cccc7cf.jpeg;https://dorechi.ua/content/images/48/windbreaker_blue-93064253101882_+1f398b7023.jpg;https://dorechi.ua/content/images/48/windbreaker_blue-11700830088099_+6c6c4f85e4.jpg;https://dorechi.ua/content/images/48/windbreaker_blue-56522647609911_+796b85072f.jpg",
DR-1927-74,DR-1927-74,Вітровка Малюнки на Білому фоні,Вітровка Малюнки на Білому фоні 74 см,Одяг/Верхній одяг,74,350,UAH,В наявності,Да,ДоРечі,Google Feed for Merchant Center,"https://dorechi.ua/content/images/28/windbreaker_white-73556076564405_+51d8b3fe00.jpg;https://dorechi.ua/content/images/28/windbreaker_white-41605771979058_+0526be7089.jpg;https://dorechi.ua/content/images/28/windbreaker_white-90880145553851_+2bf8447255.jpg;https://dorechi.ua/content/images/28/windbreaker_white-36419118272284_+a367548414.jpg;https://dorechi.ua/content/images/28/windbreaker_white-65961865285723_+7abec37ad7.jpg;https://dorechi.ua/content/images/28/windbreaker_white-44800360481271_+553977cf05.jpg;https://dorechi.ua/content/images/28/windbreaker_white-60806289715803_+a472d85366.jpg;https://dorechi.ua/content/images/28/windbreaker_white-95773848236932_+1803dda369.jpg;https://dorechi.ua/content/images/28/windbreaker_white-90149416406432_+97c477a72c.jpg","<p>Вітровка ДоРечі &ndash; це ідеальна курточка для весняних прогулянок та прохолодних літніх вечорів.</p> <p>Майже невагома, зручна та компактна &ndash; її можна взяти з собою на всяк випадок навіть у невеличку сумку.</p> <p>Верх - вітронепродувна та водовідштовхуюча тканина.</p> <p>Підкладка - м&rsquo;яка 100% бавовна на грудях і спинці та приємний на дотик щільний підкладковий атлас у рукавах для швидкого одягання.</p> <p>Капюшон захистить від легкого вітерця та швидкого теплого дощику.</p> <p>Зручна застібка з захистом від закушування підборіддя.</p> <p>Завдяки світловідбивним елементам малятко буде помітне під час переходу дороги у темну частину доби.</p> <p>Температурний режим від +15 &deg;С.</p> <p>Доступна у розмірах 74, 80, 86, 92, 98, 104 та 110 см (у кожному розмірі є запас для зростання).</p>"
DR-1969-38,DR-1969-38,Шапка демісезонна з вушками Блакитна,Шапка демісезонна з вушками Блакитна 38-40см,Головні убори та аксесуари/Головні убори,38-40см,325,UAH,В наявності,Да,ДоРечі,Google Feed for Merchant Center,"https://dorechi.ua/content/images/40/shapka-demisezonna-z-vushkamy-blakytna-24419362816547_+30103ac3fa.jpg;https://dorechi.ua/content/images/40/shapka-demisezonna-z-vushkamy-blakytna-86241906799997_+f57d1e792f.jpg;https://dorechi.ua/content/images/40/shapka-demisezonna-z-vushkamy-blakytna-72090234516333_+c0cfeda921.jpg;https://dorechi.ua/content/images/23/47557266512200_+aa6c8c120f.jpg;https://dorechi.ua/content/images/28/30047524480825_+af08fd9ab6.jpg;https://dorechi.ua/content/images/28/78293804340496_+9dbc35c745.jpg;https://dorechi.ua/content/images/40/shapka-demisezonna-z-vushkamy-blakytna-74335052817765_+ca934e22c2.jpg;https://dorechi.ua/content/images/23/73989810282338_+b44916f454.jpg;https://dorechi.ua/content/images/28/59560428261865_+b25f078754.jpg;https://dorechi.ua/content/images/40/shapka-demisezonna-z-vushkamy-blakytna-75110277890210_+e5a33bc9d9.jpg;https://dorechi.ua/content/images/23/31436908535905_+5856e52f82.jpg;https://dorechi.ua/content/images/28/87782374612645_+b90dfea953.jpg;https://dorechi.ua/content/images/40/shapka-demisezonna-z-vushkamy-blakytna-73385548181052_+1acec8a692.jpg;https://dorechi.ua/content/images/23/31732840612056_+a5b523867a.jpg;https://dorechi.ua/content/images/40/shapka-demisezonna-z-vushkamy-blakytna-49403405019880_+44c9e9869d.jpg","<h2>М&rsquo;яка приємна до тіла бавовняна шапочка &ndash; найкращий варіант на весну та осінь, коли протягом дня тепло чергується з прохолодою.</h2> <p>Виготовлена з еластичного кашкорсе та підкладкового трикотажу з натуральної бавовни (95% бавовна, 5% еластан). Має зручну посадку по голові та стильний подовжений край.</p> <p>Легко чиститься та довгий час зберігає свій колір.</p> <p>Ідеально поєднується зі снудами виробництва ДоРечі.</p> <p>Поради по догляду.</p> <p>Прати в пральній машині в режимах &ldquo;Бавовна&rdquo; чи &ldquo;Делікатне прання&rdquo; за температури 30&deg;С з неагресивним пральним засобом, з речами подібними по тону, уникати сусідства з речами, які мають елементи, що можуть пошкодити тканину (металевий декор, гострі гудзики, застібки-блискавки).</p> <p>Для збереження природної ніжності бавовни бажано застосовувати пом&rsquo;якшуючі тканину ополіскувачі.</p> <p>Віджим 400 обертів. Сушіння у горизонтальному положенні, уникати пересушування та прямої дії сонячних променів.</p> <p>Прасувати праскою з відпарюванням.</p>"
DR-1969-40,DR-1969-38,Шапка демісезонна з вушками Блакитна,Шапка демісезонна з вушками Блакитна 40-42см,Головні убори та аксесуари/Головні убори,40-42см,325,UAH,В наявності,Да,ДоРечі,Google Feed for Merchant Center,"https://dorechi.ua/content/images/23/61941796904827_+2232d4eef2.jpg;https://dorechi.ua/content/images/40/shapka-demisezonna-z-vushkamy-blakytna-86241906799997_+f57d1e792f.jpg;https://dorechi.ua/content/images/40/shapka-demisezonna-z-vushkamy-blakytna-72090234516333_+c0cfeda921.jpg;https://dorechi.ua/content/images/23/47557266512200_+aa6c8c120f.jpg;https://dorechi.ua/content/images/28/30047524480825_+af08fd9ab6.jpg;https://dorechi.ua/content/images/40/shapka-demisezonna-z-vushkamy-blakytna-74335052817765_+ca934e22c2.jpg;https://dorechi.ua/content/images/23/73989810282338_+b44916f454.jpg;https://dorechi.ua/content/images/28/78293804340496_+9dbc35c745.jpg;https://dorechi.ua/content/images/40/shapka-demisezonna-z-vushkamy-blakytna-75110277890210_+e5a33bc9d9.jpg;https://dorechi.ua/content/images/23/31436908535905_+5856e52f82.jpg;https://dorechi.ua/content/images/28/59560428261865_+b25f078754.jpg;https://dorechi.ua/content/images/40/shapka-demisezonna-z-vushkamy-blakytna-73385548181052_+1acec8a692.jpg;https://dorechi.ua/content/images/23/31732840612056_+a5b523867a.jpg;https://dorechi.ua/content/images/28/87782374612645_+b90dfea953.jpg;https://dorechi.ua/content/images/40/shapka-demisezonna-z-vushkamy-blakytna-49403405019880_+44c9e9869d.jpg","<h2>М&rsquo;яка приємна до тіла бавовняна шапочка &ndash; найкращий варіант на весну та осінь, коли протягом дня тепло чергується з прохолодою.</h2> <p>Виготовлена з еластичного кашкорсе та підкладкового трикотажу з натуральної бавовни (95% бавовна, 5% еластан). Має зручну посадку по голові та стильний подовжений край.</p> <p>Легко чиститься та довгий час зберігає свій колір.</p> <p>Ідеально поєднується зі снудами виробництва ДоРечі.</p> <p>Поради по догляду.</p> <p>Прати в пральній машині в режимах &ldquo;Бавовна&rdquo; чи &ldquo;Делікатне прання&rdquo; за температури 30&deg;С з неагресивним пральним засобом, з речами подібними по тону, уникати сусідства з речами, які мають елементи, що можуть пошкодити тканину (металевий декор, гострі гудзики, застібки-блискавки).</p> <p>Для збереження природної ніжності бавовни бажано застосовувати пом&rsquo;якшуючі тканину ополіскувачі.</p> <p>Віджим 400 обертів. Сушіння у горизонтальному положенні, уникати пересушування та прямої дії сонячних променів.</p> <p>Прасувати праскою з відпарюванням.</p>"
DR-1969-42,DR-1969-38,Шапка демісезонна з вушками Блакитна,Шапка демісезонна з вушками Блакитна 42-44см,Головні убори та аксесуари/Головні убори,42-44см,325,UAH,В наявності,Да,ДоРечі,Google Feed for Merchant Center,"https://dorechi.ua/content/images/41/beanie_light_blue_42-77036123446082_+6ded351cc8.jpg;https://dorechi.ua/content/images/40/shapka-demisezonna-z-vushkamy-blakytna-86241906799997_+f57d1e792f.jpg;https://dorechi.ua/content/images/40/shapka-demisezonna-z-vushkamy-blakytna-72090234516333_+c0cfeda921.jpg;https://dorechi.ua/content/images/23/47557266512200_+aa6c8c120f.jpg;https://dorechi.ua/content/images/28/30047524480825_+af08fd9ab6.jpg;https://dorechi.ua/content/images/40/shapka-demisezonna-z-vushkamy-blakytna-74335052817765_+ca934e22c2.jpg;https://dorechi.ua/content/images/23/73989810282338_+b44916f454.jpg;https://dorechi.ua/content/images/28/78293804340496_+9dbc35c745.jpg;https://dorechi.ua/content/images/40/shapka-demisezonna-z-vushkamy-blakytna-75110277890210_+e5a33bc9d9.jpg;https://dorechi.ua/content/images/23/31436908535905_+5856e52f82.jpg;https://dorechi.ua/content/images/28/59560428261865_+b25f078754.jpg;https://dorechi.ua/content/images/40/shapka-demisezonna-z-vushkamy-blakytna-73385548181052_+1acec8a692.jpg;https://dorechi.ua/content/images/23/31732840612056_+a5b523867a.jpg;https://dorechi.ua/content/images/28/87782374612645_+b90dfea953.jpg;https://dorechi.ua/content/images/40/shapka-demisezonna-z-vushkamy-blakytna-49403405019880_+44c9e9869d.jpg","<h2>М&rsquo;яка приємна до тіла бавовняна шапочка &ndash; найкращий варіант на весну та осінь, коли протягом дня тепло чергується з прохолодою.</h2> <p>Виготовлена з еластичного кашкорсе та підкладкового трикотажу з натуральної бавовни (95% бавовна, 5% еластан). Має зручну посадку по голові та стильний подовжений край.</p> <p>Легко чиститься та довгий час зберігає свій колір.</p> <p>Ідеально поєднується зі снудами виробництва ДоРечі.</p> <p>Поради по догляду.</p> <p>Прати в пральній машині в режимах &ldquo;Бавовна&rdquo; чи &ldquo;Делікатне прання&rdquo; за температури 30&deg;С з неагресивним пральним засобом, з речами подібними по тону, уникати сусідства з речами, які мають елементи, що можуть пошкодити тканину (металевий декор, гострі гудзики, застібки-блискавки).</p> <p>Для збереження природної ніжності бавовни бажано застосовувати пом&rsquo;якшуючі тканину ополіскувачі.</p> <p>Віджим 400 обертів. Сушіння у горизонтальному положенні, уникати пересушування та прямої дії сонячних променів.</p> <p>Прасувати праскою з відпарюванням.</p>"
DR-1969-44-1,DR-1969-38,Шапка демісезонна з вушками Блакитна,Шапка демісезонна з вушками Блакитна 44-46см,Головні убори та аксесуари/Головні убори,44-46см,325,UAH,В наявності,Да,ДоРечі,Google Feed for Merchant Center,"https://dorechi.ua/content/images/24/33945956068011_+5b6c928b05.jpg;https://dorechi.ua/content/images/40/shapka-demisezonna-z-vushkamy-blakytna-86241906799997_+f57d1e792f.jpg;https://dorechi.ua/content/images/40/shapka-demisezonna-z-vushkamy-blakytna-72090234516333_+c0cfeda921.jpg;https://dorechi.ua/content/images/23/47557266512200_+aa6c8c120f.jpg;https://dorechi.ua/content/images/28/30047524480825_+af08fd9ab6.jpg;https://dorechi.ua/content/images/40/shapka-demisezonna-z-vushkamy-blakytna-74335052817765_+ca934e22c2.jpg;https://dorechi.ua/content/images/23/73989810282338_+b44916f454.jpg;https://dorechi.ua/content/images/28/78293804340496_+9dbc35c745.jpg;https://dorechi.ua/content/images/40/shapka-demisezonna-z-vushkamy-blakytna-75110277890210_+e5a33bc9d9.jpg;https://dorechi.ua/content/images/23/31436908535905_+5856e52f82.jpg;https://dorechi.ua/content/images/28/59560428261865_+b25f078754.jpg;https://dorechi.ua/content/images/40/shapka-demisezonna-z-vushkamy-blakytna-73385548181052_+1acec8a692.jpg;https://dorechi.ua/content/images/23/31732840612056_+a5b523867a.jpg;https://dorechi.ua/content/images/28/87782374612645_+b90dfea953.jpg;https://dorechi.ua/content/images/40/shapka-demisezonna-z-vushkamy-blakytna-49403405019880_+44c9e9869d.jpg","<h2>М&rsquo;яка приємна до тіла бавовняна шапочка &ndash; найкращий варіант на весну та осінь, коли протягом дня тепло чергується з прохолодою.</h2> <p>Виготовлена з еластичного кашкорсе та підкладкового трикотажу з натуральної бавовни (95% бавовна, 5% еластан). Має зручну посадку по голові та стильний подовжений край.</p> <p>Легко чиститься та довгий час зберігає свій колір.</p> <p>Ідеально поєднується зі снудами виробництва ДоРечі.</p> <p>Поради по догляду.</p> <p>Прати в пральній машині в режимах &ldquo;Бавовна&rdquo; чи &ldquo;Делікатне прання&rdquo; за температури 30&deg;С з неагресивним пральним засобом, з речами подібними по тону, уникати сусідства з речами, які мають елементи, що можуть пошкодити тканину (металевий декор, гострі гудзики, застібки-блискавки).</p> <p>Для збереження природної ніжності бавовни бажано застосовувати пом&rsquo;якшуючі тканину ополіскувачі.</p> <p>Віджим 400 обертів. Сушіння у горизонтальному положенні, уникати пересушування та прямої дії сонячних променів.</p> <p>Прасувати праскою з відпарюванням.</p>"
DR-1969-46,DR-1969-38,Шапка демісезонна з вушками Блакитна,Шапка демісезонна з вушками Блакитна 46-48см,Головні убори та аксесуари/Головні убори,46-48см,325,UAH,В наявності,Да,ДоРечі,Google Feed for Merchant Center,"https://dorechi.ua/content/images/28/65225207867227_+b7476f2425.jpg;https://dorechi.ua/content/images/40/shapka-demisezonna-z-vushkamy-blakytna-86241906799997_+f57d1e792f.jpg;https://dorechi.ua/content/images/40/shapka-demisezonna-z-vushkamy-blakytna-72090234516333_+c0cfeda921.jpg;https://dorechi.ua/content/images/23/47557266512200_+aa6c8c120f.jpg;https://dorechi.ua/content/images/28/30047524480825_+af08fd9ab6.jpg;https://dorechi.ua/content/images/28/78293804340496_+9dbc35c745.jpg;https://dorechi.ua/content/images/40/shapka-demisezonna-z-vushkamy-blakytna-74335052817765_+ca934e22c2.jpg;https://dorechi.ua/content/images/23/73989810282338_+b44916f454.jpg;https://dorechi.ua/content/images/28/59560428261865_+b25f078754.jpg;https://dorechi.ua/content/images/40/shapka-demisezonna-z-vushkamy-blakytna-75110277890210_+e5a33bc9d9.jpg;https://dorechi.ua/content/images/23/31436908535905_+5856e52f82.jpg;https://dorechi.ua/content/images/28/87782374612645_+b90dfea953.jpg;https://dorechi.ua/content/images/40/shapka-demisezonna-z-vushkamy-blakytna-73385548181052_+1acec8a692.jpg;https://dorechi.ua/content/images/23/31732840612056_+a5b523867a.jpg;https://dorechi.ua/content/images/40/shapka-demisezonna-z-vushkamy-blakytna-49403405019880_+44c9e9869d.jpg","<h2>М&rsquo;яка приємна до тіла бавовняна шапочка &ndash; найкращий варіант на весну та осінь, коли протягом дня тепло чергується з прохолодою.</h2> <p>Виготовлена з еластичного кашкорсе та підкладкового трикотажу з натуральної бавовни (95% бавовна, 5% еластан). Має зручну посадку по голові та стильний подовжений край.</p> <p>Легко чиститься та довгий час зберігає свій колір.</p> <p>Ідеально поєднується зі снудами виробництва ДоРечі.</p> <p>Поради по догляду.</p> <p>Прати в пральній машині в режимах &ldquo;Бавовна&rdquo; чи &ldquo;Делікатне прання&rdquo; за температури 30&deg;С з неагресивним пральним засобом, з речами подібними по тону, уникати сусідства з речами, які мають елементи, що можуть пошкодити тканину (металевий декор, гострі гудзики, застібки-блискавки).</p> <p>Для збереження природної ніжності бавовни бажано застосовувати пом&rsquo;якшуючі тканину ополіскувачі.</p> <p>Віджим 400 обертів. Сушіння у горизонтальному положенні, уникати пересушування та прямої дії сонячних променів.</p> <p>Прасувати праскою з відпарюванням.</p>"
DR-1973-38,DR-1973-38,Шапка демісезонна з вушками Чорна,Шапка демісезонна з вушками Чорна 38-40см,Головні убори та аксесуари/Головні убори,38-40см,325,UAH,В наявності,Да,ДоРечі,Google Feed for Merchant Center,"https://dorechi.ua/content/images/26/beanie_black_38-40666655279625_+3b0613635a.jpg;https://dorechi.ua/content/images/26/shapka-demisezonna-z-vushkamy-chorna-52193249132773_+c617630c26.jpg;https://dorechi.ua/content/images/26/shapka-demisezonna-z-vushkamy-chorna-33378499101465_+c4681449bd.jpg;https://dorechi.ua/content/images/25/99445863522602_+1a41d8a4bc.jpg;https://dorechi.ua/content/images/27/47371171487969_+9de78283fb.jpg;https://dorechi.ua/content/images/26/shapka-demisezonna-z-vushkamy-chorna-30411158344671_+d4e5c14348.jpg;https://dorechi.ua/content/images/25/86060594751488_+14892d7c13.jpg;https://dorechi.ua/content/images/27/29131762612200_+5a25dff1e0.jpg;https://dorechi.ua/content/images/26/shapka-demisezonna-z-vushkamy-chorna-12663421954071_+8a253e9ffa.jpg;https://dorechi.ua/content/images/25/91341553359514_+49f856a771.jpg;https://dorechi.ua/content/images/27/74773093448817_+2e35cf12c8.jpg;https://dorechi.ua/content/images/26/shapka-demisezonna-z-vushkamy-chorna-72371075765869_+91f4d514df.jpg;https://dorechi.ua/content/images/27/91797267351359_+1321a72f6a.jpg;https://dorechi.ua/content/images/27/67215941160519_+53d924042e.jpg;https://dorechi.ua/content/images/27/71331503435185_+58364bc49f.jpg","<h2>М&rsquo;яка приємна до тіла бавовняна шапочка &ndash; найкращий варіант на весну та осінь, коли протягом дня тепло чергується з прохолодою.</h2> <p>Виготовлена з еластичного кашкорсе та підкладкового трикотажу з натуральної бавовни (95% бавовна, 5% еластан). Має зручну посадку по голові та стильний подовжений край.</p> <p>Легко чиститься та довгий час зберігає свій колір.</p> <p>Ідеально поєднується зі снудами виробництва ДоРечі.</p> <p>Поради по догляду.</p> <p>Прати в пральній машині в режимах &ldquo;Бавовна&rdquo; чи &ldquo;Делікатне прання&rdquo; за температури 30&deg;С з неагресивним пральним засобом, з речами подібними по тону, уникати сусідства з речами, які мають елементи, що можуть пошкодити тканину (металевий декор, гострі гудзики, застібки-блискавки).</p> <p>Для збереження природної ніжності бавовни бажано застосовувати пом&rsquo;якшуючі тканину ополіскувачі.</p> <p>Віджим 400 обертів. Сушіння у горизонтальному положенні, уникати пересушування та прямої дії сонячних променів.</p> <p>Прасувати праскою з відпарюванням.</p>"
DR-1973-40,DR-1973-38,Шапка демісезонна з вушками Чорна,Шапка демісезонна з вушками Чорна 40-42см,Головні убори та аксесуари/Головні убори,40-42см,325,UAH,В наявності,Да,ДоРечі,Google Feed for Merchant Center,"https://dorechi.ua/content/images/25/82326934844811_+df90ab3100.jpg;https://dorechi.ua/content/images/26/shapka-demisezonna-z-vushkamy-chorna-52193249132773_+c617630c26.jpg;https://dorechi.ua/content/images/26/shapka-demisezonna-z-vushkamy-chorna-33378499101465_+c4681449bd.jpg;https://dorechi.ua/content/images/25/99445863522602_+1a41d8a4bc.jpg;https://dorechi.ua/content/images/27/47371171487969_+9de78283fb.jpg;https://dorechi.ua/content/images/26/shapka-demisezonna-z-vushkamy-chorna-30411158344671_+d4e5c14348.jpg;https://dorechi.ua/content/images/25/86060594751488_+14892d7c13.jpg;https://dorechi.ua/content/images/27/29131762612200_+5a25dff1e0.jpg;https://dorechi.ua/content/images/26/shapka-demisezonna-z-vushkamy-chorna-12663421954071_+8a253e9ffa.jpg;https://dorechi.ua/content/images/25/91341553359514_+49f856a771.jpg;https://dorechi.ua/content/images/27/74773093448817_+2e35cf12c8.jpg;https://dorechi.ua/content/images/26/shapka-demisezonna-z-vushkamy-chorna-72371075765869_+91f4d514df.jpg;https://dorechi.ua/content/images/27/91797267351359_+1321a72f6a.jpg;https://dorechi.ua/content/images/27/67215941160519_+53d924042e.jpg;https://dorechi.ua/content/images/27/71331503435185_+58364bc49f.jpg","<h2>М&rsquo;яка приємна до тіла бавовняна шапочка &ndash; найкращий варіант на весну та осінь, коли протягом дня тепло чергується з прохолодою.</h2> <p>Виготовлена з еластичного кашкорсе та підкладкового трикотажу з натуральної бавовни (95% бавовна, 5% еластан). Має зручну посадку по голові та стильний подовжений край.</p> <p>Легко чиститься та довгий час зберігає свій колір.</p> <p>Ідеально поєднується зі снудами виробництва ДоРечі.</p> <p>Поради по догляду.</p> <p>Прати в пральній машині в режимах &ldquo;Бавовна&rdquo; чи &ldquo;Делікатне прання&rdquo; за температури 30&deg;С з неагресивним пральним засобом, з речами подібними по тону, уникати сусідства з речами, які мають елементи, що можуть пошкодити тканину (металевий декор, гострі гудзики, застібки-блискавки).</p> <p>Для збереження природної ніжності бавовни бажано застосовувати пом&rsquo;якшуючі тканину ополіскувачі.</p> <p>Віджим 400 обертів. Сушіння у горизонтальному положенні, уникати пересушування та прямої дії сонячних променів.</p> <p>Прасувати праскою з відпарюванням.</p>"
DR-1973-42,DR-1973-38,Шапка демісезонна з вушками Чорна,Шапка демісезонна з вушками Чорна 42-44см,Головні убори та аксесуари/Головні убори,42-44см,325,UAH,В наявності,Да,ДоРечі,Google Feed for Merchant Center,"https://dorechi.ua/content/images/27/beanie_black_42-91706822759263_+421c1be966.jpg;https://dorechi.ua/content/images/26/shapka-demisezonna-z-vushkamy-chorna-52193249132773_+c617630c26.jpg;https://dorechi.ua/content/images/26/shapka-demisezonna-z-vushkamy-chorna-33378499101465_+c4681449bd.jpg;https://dorechi.ua/content/images/25/99445863522602_+1a41d8a4bc.jpg;https://dorechi.ua/content/images/27/47371171487969_+9de78283fb.jpg;https://dorechi.ua/content/images/26/shapka-demisezonna-z-vushkamy-chorna-30411158344671_+d4e5c14348.jpg;https://dorechi.ua/content/images/25/86060594751488_+14892d7c13.jpg;https://dorechi.ua/content/images/27/29131762612200_+5a25dff1e0.jpg;https://dorechi.ua/content/images/27/74773093448817_+2e35cf12c8.jpg;https://dorechi.ua/content/images/26/shapka-demisezonna-z-vushkamy-chorna-12663421954071_+8a253e9ffa.jpg;https://dorechi.ua/content/images/25/91341553359514_+49f856a771.jpg;https://dorechi.ua/content/images/27/91797267351359_+1321a72f6a.jpg;https://dorechi.ua/content/images/26/shapka-demisezonna-z-vushkamy-chorna-72371075765869_+91f4d514df.jpg;https://dorechi.ua/content/images/27/67215941160519_+53d924042e.jpg;https://dorechi.ua/content/images/27/71331503435185_+58364bc49f.jpg","<h2>М&rsquo;яка приємна до тіла бавовняна шапочка &ndash; найкращий варіант на весну та осінь, коли протягом дня тепло чергується з прохолодою.</h2> <p>Виготовлена з еластичного кашкорсе та підкладкового трикотажу з натуральної бавовни (95% бавовна, 5% еластан). Має зручну посадку по голові та стильний подовжений край.</p> <p>Легко чиститься та довгий час зберігає свій колір.</p> <p>Ідеально поєднується зі снудами виробництва ДоРечі.</p> <p>Поради по догляду.</p> <p>Прати в пральній машині в режимах &ldquo;Бавовна&rdquo; чи &ldquo;Делікатне прання&rdquo; за температури 30&deg;С з неагресивним пральним засобом, з речами подібними по тону, уникати сусідства з речами, які мають елементи, що можуть пошкодити тканину (металевий декор, гострі гудзики, застібки-блискавки).</p> <p>Для збереження природної ніжності бавовни бажано застосовувати пом&rsquo;якшуючі тканину ополіскувачі.</p> <p>Віджим 400 обертів. Сушіння у горизонтальному положенні, уникати пересушування та прямої дії сонячних променів.</p> <p>Прасувати праскою з відпарюванням.</p>"
DR-1973-44-1,DR-1973-38,Шапка демісезонна з вушками Чорна,Шапка демісезонна з вушками Чорна 44-46см,Головні убори та аксесуари/Головні убори,44-46см,325,UAH,В наявності,Да,ДоРечі,Google Feed for Merchant Center,"https://dorechi.ua/content/images/26/beanie_black_s_44-29498717137425_+c1138a46c8.jpg;https://dorechi.ua/content/images/26/shapka-demisezonna-z-vushkamy-chorna-52193249132773_+c617630c26.jpg;https://dorechi.ua/content/images/25/99445863522602_+1a41d8a4bc.jpg;https://dorechi.ua/content/images/27/47371171487969_+9de78283fb.jpg;https://dorechi.ua/content/images/26/shapka-demisezonna-z-vushkamy-chorna-33378499101465_+c4681449bd.jpg;https://dorechi.ua/content/images/25/86060594751488_+14892d7c13.jpg;https://dorechi.ua/content/images/27/29131762612200_+5a25dff1e0.jpg;https://dorechi.ua/content/images/26/shapka-demisezonna-z-vushkamy-chorna-30411158344671_+d4e5c14348.jpg;https://dorechi.ua/content/images/25/91341553359514_+49f856a771.jpg;https://dorechi.ua/content/images/27/74773093448817_+2e35cf12c8.jpg;https://dorechi.ua/content/images/26/shapka-demisezonna-z-vushkamy-chorna-12663421954071_+8a253e9ffa.jpg;https://dorechi.ua/content/images/26/shapka-demisezonna-z-vushkamy-chorna-72371075765869_+91f4d514df.jpg;https://dorechi.ua/content/images/27/91797267351359_+1321a72f6a.jpg;https://dorechi.ua/content/images/27/67215941160519_+53d924042e.jpg;https://dorechi.ua/content/images/27/71331503435185_+58364bc49f.jpg","<h2>М&rsquo;яка приємна до тіла бавовняна шапочка &ndash; найкращий варіант на весну та осінь, коли протягом дня тепло чергується з прохолодою.</h2> <p>Виготовлена з еластичного кашкорсе та підкладкового трикотажу з натуральної бавовни (95% бавовна, 5% еластан). Має зручну посадку по голові та стильний подовжений край.</p> <p>Легко чиститься та довгий час зберігає свій колір.</p> <p>Ідеально поєднується зі снудами виробництва ДоРечі.</p> <p>Поради по догляду.</p> <p>Прати в пральній машині в режимах &ldquo;Бавовна&rdquo; чи &ldquo;Делікатне прання&rdquo; за температури 30&deg;С з неагресивним пральним засобом, з речами подібними по тону, уникати сусідства з речами, які мають елементи, що можуть пошкодити тканину (металевий декор, гострі гудзики, застібки-блискавки).</p> <p>Для збереження природної ніжності бавовни бажано застосовувати пом&rsquo;якшуючі тканину ополіскувачі.</p> <p>Віджим 400 обертів. Сушіння у горизонтальному положенні, уникати пересушування та прямої дії сонячних променів.</p> <p>Прасувати праскою з відпарюванням.</p>"
DR-1973-46,DR-1973-38,Шапка демісезонна з вушками Чорна,Шапка демісезонна з вушками Чорна 46-48см,Головні убори та аксесуари/Головні убори,46-48см,325,UAH,В наявності,Да,ДоРечі,Google Feed for Merchant Center,"https://dorechi.ua/content/images/27/53564474513081_+819f657c23.jpg;https://dorechi.ua/content/images/26/shapka-demisezonna-z-vushkamy-chorna-52193249132773_+c617630c26.jpg;https://dorechi.ua/content/images/26/shapka-demisezonna-z-vushkamy-chorna-33378499101465_+c4681449bd.jpg;https://dorechi.ua/content/images/25/99445863522602_+1a41d8a4bc.jpg;https://dorechi.ua/content/images/27/47371171487969_+9de78283fb.jpg;https://dorechi.ua/content/images/26/shapka-demisezonna-z-vushkamy-chorna-30411158344671_+d4e5c14348.jpg;https://dorechi.ua/content/images/25/86060594751488_+14892d7c13.jpg;https://dorechi.ua/content/images/27/29131762612200_+5a25dff1e0.jpg;https://dorechi.ua/content/images/26/shapka-demisezonna-z-vushkamy-chorna-12663421954071_+8a253e9ffa.jpg;https://dorechi.ua/content/images/25/91341553359514_+49f856a771.jpg;https://dorechi.ua/content/images/27/74773093448817_+2e35cf12c8.jpg;https://dorechi.ua/content/images/26/shapka-demisezonna-z-vushkamy-chorna-72371075765869_+91f4d514df.jpg;https://dorechi.ua/content/images/27/91797267351359_+1321a72f6a.jpg;https://dorechi.ua/content/images/27/67215941160519_+53d924042e.jpg;https://dorechi.ua/content/images/27/71331503435185_+58364bc49f.jpg","<h2>М&rsquo;яка приємна до тіла бавовняна шапочка &ndash; найкращий варіант на весну та осінь, коли протягом дня тепло чергується з прохолодою.</h2> <p>Виготовлена з еластичного кашкорсе та підкладкового трикотажу з натуральної бавовни (95% бавовна, 5% еластан). Має зручну посадку по голові та стильний подовжений край.</p> <p>Легко чиститься та довгий час зберігає свій колір.</p> <p>Ідеально поєднується зі снудами виробництва ДоРечі.</p> <p>Поради по догляду.</p> <p>Прати в пральній машині в режимах &ldquo;Бавовна&rdquo; чи &ldquo;Делікатне прання&rdquo; за температури 30&deg;С з неагресивним пральним засобом, з речами подібними по тону, уникати сусідства з речами, які мають елементи, що можуть пошкодити тканину (металевий декор, гострі гудзики, застібки-блискавки).</p> <p>Для збереження природної ніжності бавовни бажано застосовувати пом&rsquo;якшуючі тканину ополіскувачі.</p> <p>Віджим 400 обертів. Сушіння у горизонтальному положенні, уникати пересушування та прямої дії сонячних променів.</p> <p>Прасувати праскою з відпарюванням.</p>"
DR-1984-38,DR-1984-38,Шапка демісезонна з вушками Рожева,Шапка демісезонна з вушками Рожева 38-40см,Головні убори та аксесуари/Головні убори,38-40см,325,UAH,В наявності,Да,ДоРечі,Google Feed for Merchant Center,"https://dorechi.ua/content/images/38/shapka-demisezonna-z-vushkamy-rozheva-73412842389830_+d0af3d67e8.jpg;https://dorechi.ua/content/images/38/shapka-demisezonna-z-vushkamy-rozheva-79765355664391_+afd53a8511.jpg;https://dorechi.ua/content/images/21/80208806942662_+558400a670.jpg;https://dorechi.ua/content/images/30/44054384007210_+8d251e1306.jpg;https://dorechi.ua/content/images/38/shapka-demisezonna-z-vushkamy-rozheva-37980343073689_+d108bedfa0.jpg;https://dorechi.ua/content/images/21/16766077587003_+9a8f39008a.jpg;https://dorechi.ua/content/images/38/shapka-demisezonna-z-vushkamy-rozheva-57114170193192_+210e8ce1aa.jpg;https://dorechi.ua/content/images/30/23521966825629_+d3d1c54a9e.jpg;https://dorechi.ua/content/images/30/75625493882473_+6cfbdd3470.jpg","<h2>М&rsquo;яка приємна до тіла бавовняна шапочка &ndash; найкращий варіант на весну та осінь, коли протягом дня тепло чергується з прохолодою.</h2> <p>Виготовлена з еластичного кашкорсе та підкладкового трикотажу з натуральної бавовни (95% бавовна, 5% еластан). Має зручну посадку по голові та стильний подовжений край.</p> <p>Легко чиститься та довгий час зберігає свій колір.</p> <p>Ідеально поєднується зі снудами виробництва ДоРечі.</p> <p>Поради по догляду.</p> <p>Прати в пральній машині в режимах &ldquo;Бавовна&rdquo; чи &ldquo;Делікатне прання&rdquo; за температури 30&deg;С з неагресивним пральним засобом, з речами подібними по тону, уникати сусідства з речами, які мають елементи, що можуть пошкодити тканину (металевий декор, гострі гудзики, застібки-блискавки).</p> <p>Для збереження природної ніжності бавовни бажано застосовувати пом&rsquo;якшуючі тканину ополіскувачі.</p> <p>Віджим 400 обертів. Сушіння у горизонтальному положенні, уникати пересушування та прямої дії сонячних променів.</p> <p>Прасувати праскою з відпарюванням.</p>"
DR-1984-40,DR-1984-38,Шапка демісезонна з вушками Рожева,Шапка демісезонна з вушками Рожева 40-42см,Головні убори та аксесуари/Головні убори,40-42см,325,UAH,В наявності,Да,ДоРечі,Google Feed for Merchant Center,"https://dorechi.ua/content/images/21/16252082186102_+7070e86ecf.jpg;https://dorechi.ua/content/images/38/shapka-demisezonna-z-vushkamy-rozheva-79765355664391_+afd53a8511.jpg;https://dorechi.ua/content/images/21/80208806942662_+558400a670.jpg;https://dorechi.ua/content/images/30/44054384007210_+8d251e1306.jpg;https://dorechi.ua/content/images/38/shapka-demisezonna-z-vushkamy-rozheva-37980343073689_+d108bedfa0.jpg;https://dorechi.ua/content/images/21/16766077587003_+9a8f39008a.jpg;https://dorechi.ua/content/images/38/shapka-demisezonna-z-vushkamy-rozheva-57114170193192_+210e8ce1aa.jpg;https://dorechi.ua/content/images/30/23521966825629_+d3d1c54a9e.jpg;https://dorechi.ua/content/images/30/75625493882473_+6cfbdd3470.jpg","<h2>М&rsquo;яка приємна до тіла бавовняна шапочка &ndash; найкращий варіант на весну та осінь, коли протягом дня тепло чергується з прохолодою.</h2> <p>Виготовлена з еластичного кашкорсе та підкладкового трикотажу з натуральної бавовни (95% бавовна, 5% еластан). Має зручну посадку по голові та стильний подовжений край.</p> <p>Легко чиститься та довгий час зберігає свій колір.</p> <p>Ідеально поєднується зі снудами виробництва ДоРечі.</p> <p>Поради по догляду.</p> <p>Прати в пральній машині в режимах &ldquo;Бавовна&rdquo; чи &ldquo;Делікатне прання&rdquo; за температури 30&deg;С з неагресивним пральним засобом, з речами подібними по тону, уникати сусідства з речами, які мають елементи, що можуть пошкодити тканину (металевий декор, гострі гудзики, застібки-блискавки).</p> <p>Для збереження природної ніжності бавовни бажано застосовувати пом&rsquo;якшуючі тканину ополіскувачі.</p> <p>Віджим 400 обертів. Сушіння у горизонтальному положенні, уникати пересушування та прямої дії сонячних променів.</p> <p>Прасувати праскою з відпарюванням.</p>"
DR-1984-42,DR-1984-38,Шапка демісезонна з вушками Рожева,Шапка демісезонна з вушками Рожева 42-44см,Головні убори та аксесуари/Головні убори,42-44см,325,UAH,В наявності,Да,ДоРечі,Google Feed for Merchant Center,"https://dorechi.ua/content/images/39/beanie_pink_42-25999460584578_+4f3ae28648.jpg;https://dorechi.ua/content/images/38/shapka-demisezonna-z-vushkamy-rozheva-79765355664391_+afd53a8511.jpg;https://dorechi.ua/content/images/21/80208806942662_+558400a670.jpg;https://dorechi.ua/content/images/30/44054384007210_+8d251e1306.jpg;https://dorechi.ua/content/images/38/shapka-demisezonna-z-vushkamy-rozheva-37980343073689_+d108bedfa0.jpg;https://dorechi.ua/content/images/21/16766077587003_+9a8f39008a.jpg;https://dorechi.ua/content/images/38/shapka-demisezonna-z-vushkamy-rozheva-57114170193192_+210e8ce1aa.jpg;https://dorechi.ua/content/images/30/23521966825629_+d3d1c54a9e.jpg;https://dorechi.ua/content/images/30/75625493882473_+6cfbdd3470.jpg","<h2>М&rsquo;яка приємна до тіла бавовняна шапочка &ndash; найкращий варіант на весну та осінь, коли протягом дня тепло чергується з прохолодою.</h2> <p>Виготовлена з еластичного кашкорсе та підкладкового трикотажу з натуральної бавовни (95% бавовна, 5% еластан). Має зручну посадку по голові та стильний подовжений край.</p> <p>Легко чиститься та довгий час зберігає свій колір.</p> <p>Ідеально поєднується зі снудами виробництва ДоРечі.</p> <p>Поради по догляду.</p> <p>Прати в пральній машині в режимах &ldquo;Бавовна&rdquo; чи &ldquo;Делікатне прання&rdquo; за температури 30&deg;С з неагресивним пральним засобом, з речами подібними по тону, уникати сусідства з речами, які мають елементи, що можуть пошкодити тканину (металевий декор, гострі гудзики, застібки-блискавки).</p> <p>Для збереження природної ніжності бавовни бажано застосовувати пом&rsquo;якшуючі тканину ополіскувачі.</p> <p>Віджим 400 обертів. Сушіння у горизонтальному положенні, уникати пересушування та прямої дії сонячних променів.</p> <p>Прасувати праскою з відпарюванням.</p>"
DR-1984-44-1,DR-1984-38,Шапка демісезонна з вушками Рожева,Шапка демісезонна з вушками Рожева 44-46см,Головні убори та аксесуари/Головні убори,44-46см,325,UAH,В наявності,Да,ДоРечі,Google Feed for Merchant Center,"https://dorechi.ua/content/images/22/64607618348193_+3db176b0db.jpg;https://dorechi.ua/content/images/38/shapka-demisezonna-z-vushkamy-rozheva-79765355664391_+afd53a8511.jpg;https://dorechi.ua/content/images/21/80208806942662_+558400a670.jpg;https://dorechi.ua/content/images/30/44054384007210_+8d251e1306.jpg;https://dorechi.ua/content/images/38/shapka-demisezonna-z-vushkamy-rozheva-37980343073689_+d108bedfa0.jpg;https://dorechi.ua/content/images/21/16766077587003_+9a8f39008a.jpg;https://dorechi.ua/content/images/38/shapka-demisezonna-z-vushkamy-rozheva-57114170193192_+210e8ce1aa.jpg;https://dorechi.ua/content/images/30/23521966825629_+d3d1c54a9e.jpg;https://dorechi.ua/content/images/30/75625493882473_+6cfbdd3470.jpg","<h2>М&rsquo;яка приємна до тіла бавовняна шапочка &ndash; найкращий варіант на весну та осінь, коли протягом дня тепло чергується з прохолодою.</h2> <p>Виготовлена з еластичного кашкорсе та підкладкового трикотажу з натуральної бавовни (95% бавовна, 5% еластан). Має зручну посадку по голові та стильний подовжений край.</p> <p>Легко чиститься та довгий час зберігає свій колір.</p> <p>Ідеально поєднується зі снудами виробництва ДоРечі.</p> <p>Поради по догляду.</p> <p>Прати в пральній машині в режимах &ldquo;Бавовна&rdquo; чи &ldquo;Делікатне прання&rdquo; за температури 30&deg;С з неагресивним пральним засобом, з речами подібними по тону, уникати сусідства з речами, які мають елементи, що можуть пошкодити тканину (металевий декор, гострі гудзики, застібки-блискавки).</p> <p>Для збереження природної ніжності бавовни бажано застосовувати пом&rsquo;якшуючі тканину ополіскувачі.</p> <p>Віджим 400 обертів. Сушіння у горизонтальному положенні, уникати пересушування та прямої дії сонячних променів.</p> <p>Прасувати праскою з відпарюванням.</p>"
DR-1984-46,DR-1984-38,Шапка демісезонна з вушками Рожева,Шапка демісезонна з вушками Рожева 46-48см,Головні убори та аксесуари/Головні убори,46-48см,325,UAH,В наявності,Да,ДоРечі,Google Feed for Merchant Center,"https://dorechi.ua/content/images/30/17539048669345_+104ef9909d.jpg;https://dorechi.ua/content/images/38/shapka-demisezonna-z-vushkamy-rozheva-79765355664391_+afd53a8511.jpg;https://dorechi.ua/content/images/21/80208806942662_+558400a670.jpg;https://dorechi.ua/content/images/30/44054384007210_+8d251e1306.jpg;https://dorechi.ua/content/images/38/shapka-demisezonna-z-vushkamy-rozheva-37980343073689_+d108bedfa0.jpg;https://dorechi.ua/content/images/21/16766077587003_+9a8f39008a.jpg;https://dorechi.ua/content/images/38/shapka-demisezonna-z-vushkamy-rozheva-57114170193192_+210e8ce1aa.jpg;https://dorechi.ua/content/images/30/23521966825629_+d3d1c54a9e.jpg;https://dorechi.ua/content/images/30/75625493882473_+6cfbdd3470.jpg","<h2>М&rsquo;яка приємна до тіла бавовняна шапочка &ndash; найкращий варіант на весну та осінь, коли протягом дня тепло чергується з прохолодою.</h2> <p>Виготовлена з еластичного кашкорсе та підкладкового трикотажу з натуральної бавовни (95% бавовна, 5% еластан). Має зручну посадку по голові та стильний подовжений край.</p> <p>Легко чиститься та довгий час зберігає свій колір.</p> <p>Ідеально поєднується зі снудами виробництва ДоРечі.</p> <p>Поради по догляду.</p> <p>Прати в пральній машині в режимах &ldquo;Бавовна&rdquo; чи &ldquo;Делікатне прання&rdquo; за температури 30&deg;С з неагресивним пральним засобом, з речами подібними по тону, уникати сусідства з речами, які мають елементи, що можуть пошкодити тканину (металевий декор, гострі гудзики, застібки-блискавки).</p> <p>Для збереження природної ніжності бавовни бажано застосовувати пом&rsquo;якшуючі тканину ополіскувачі.</p> <p>Віджим 400 обертів. Сушіння у горизонтальному положенні, уникати пересушування та прямої дії сонячних променів.</p> <p>Прасувати праскою з відпарюванням.</p>"
DR-2009S,DR-2009S,Снуд зимовий з вовною мериноса Молочний,Снуд зимовий з вовною мериноса Молочний,Головні убори та аксесуари/Шарфи та манішки,,325,UAH,В наявності,Да,ДоРечі,Google Feed for Merchant Center,"https://dorechi.ua/content/images/40/merino-snood-milk-48255310372707_+f5e06c7c8c.jpg;https://dorechi.ua/content/images/40/merino-snood-milk-32804517976370_+b9e38a90c3.jpeg","<h2 dir=""ltr"">Теплий в&rsquo;язаний снуд створює затишок та надійно захищає шию дитини від вітру.</h2> <p dir=""ltr"">Не спадає, тому не губится. Легко одягається та знімається. Одним словом - незамінний аксесуар для маленьких непосид.</p> <p dir=""ltr"">Дуже ніжний на дотик, бо  виготовлений з максимально натуральної пряжі 35% віскоза, 30% меринос, 25% бавовна + 10% нейлон для еластичності. Завдяки складу нитки, снуд надійно зберігає тепло, не створює парникового ефекту та не електризується.</p> <p>Доступний до замовлення в одному універсальному розмірі до 3х років.</p> <p dir=""ltr"">Ідеально поєднується з зимовими шапками з цієї ж пряжі, які можна придбати додатково.</p> <p dir=""ltr"">Поради по догляду</p> <p dir=""ltr"">Для чистки не користуйтеся пральною машиною і сушкою. Лише ручне прання у теплій воді з засобом для прання вовни. Не використовуйте пом&rsquo;якшувачі, відбілювачі, миючі засоби або інші продукти, що містять відбілюючі інгредієнти.</p> <p dir=""ltr"">Не прасувати</p>"
DR-2010S,DR-2010S,Снуд зимовий з вовною мериноса Сірий,Снуд зимовий з вовною мериноса Сірий,Головні убори та аксесуари/Шарфи та манішки,,325,UAH,В наявності,Да,ДоРечі,Google Feed for Merchant Center,"https://dorechi.ua/content/images/41/merino-snood-grey-96094218658109_+5f6e9a157f.jpg;https://dorechi.ua/content/images/41/merino-snood-grey-36886067508319_+4f7deb7c38.jpeg","<h2 dir=""ltr"">Теплий в&rsquo;язаний снуд створює затишок та надійно захищає шию дитини від вітру.</h2> <p dir=""ltr"">Не спадає, тому не губится. Легко одягається та знімається. Одним словом - незамінний аксесуар для маленьких непосид.</p> <p dir=""ltr"">Дуже ніжний на дотик, бо  виготовлений з максимально натуральної пряжі 35% віскоза, 30% меринос, 25% бавовна + 10% нейлон для еластичності. Завдяки складу нитки, снуд надійно зберігає тепло, не створює парникового ефекту та не електризується.</p> <p>Доступний до замовлення в одному універсальному розмірі до 3х років.</p> <p dir=""ltr"">Ідеально поєднується з зимовими шапками з цієї ж пряжі, які можна придбати додатково.</p> <p dir=""ltr"">Поради по догляду</p> <p dir=""ltr"">Для чистки не користуйтеся пральною машиною і сушкою. Лише ручне прання у теплій воді з засобом для прання вовни. Не використовуйте пом&rsquo;якшувачі, відбілювачі, миючі засоби або інші продукти, що містять відбілюючі інгредієнти.</p> <p dir=""ltr"">Не прасувати</p>"
DR-2030,DR-2030,Рукавички з вовною мериноса Молочні,Рукавички з вовною мериноса Молочні,Головні убори та аксесуари/Рукавички,,325,UAH,В наявності,Да,ДоРечі,Google Feed for Merchant Center,"https://dorechi.ua/content/images/35/gloves_merino_milk-59633860401481_+a4e8f2ab63.jpg;https://dorechi.ua/content/images/35/gloves_merino_milk-93549283675809_+6f191a52d5.jpg;https://dorechi.ua/content/images/35/gloves_merino_milk-14916835033044_+156f8f7513.jpg","<p>Ці м&rsquo;якенькі, теплі та зручні рукавички створені для діток від народження до 2х років (довжина 14 см)</p>

<p dir=""ltr"">Максимально натуральний склад використаної пряжі - 35% віскоза, 30% меринос, 25% бавовна + 10% нейлон для еластичності - дозволяє зберігати тепло, не створюючи парникового ефекту та не електризуючись. До того ж,  надійний захист від холоду забезпечують не 1, а цілих 2 шари вязаного полотна.</p>

<p dir=""ltr"">Рукавички</p>

<p dir=""ltr"">- легко одягаються та надійно тримаються</p>

<p dir=""ltr"">- не губляться завдяки в&#39;язаному шнурочку з тієї ж пряжі</p>

<p dir=""ltr"">- ідеально поєднуються з шапками та снудами з цієї ж пряжі, які можна придбати додатково.</p>

<p dir=""ltr"">Поради по догляду</p>

<p dir=""ltr"">Для чистки не користуйтеся пральною машиною і сушкою. Лише ручне прання у теплій воді з засобом для прання вовни. Не використовуйте пом&rsquo;якшувачі, відбілювачі, миючі засоби або інші продукти, що містять відбілюючі інгредієнти.</p>

<p dir=""ltr"">Не прасувати.</p>"
DR-2031,DR-2031,Рукавички з вовною мериноса Сірі,Рукавички з вовною мериноса Сірі,Головні убори та аксесуари/Рукавички,,325,UAH,В наявності,Да,ДоРечі,Google Feed for Merchant Center,"https://dorechi.ua/content/images/47/gloves_merino_grey-97308019944796_+2ed3860786.jpg;https://dorechi.ua/content/images/47/gloves_merino_grey-42274061239510_+019e6523ce.jpg","<p>Ці м&rsquo;якенькі, теплі та зручні рукавички створені для діток від народження до 2х років (довжина 14 см).</p> <p dir=""ltr"">Максимально натуральний склад використаної пряжі - 35% віскоза, 30% меринос, 25% бавовна + 10% нейлон для еластичності - дозволяє зберігати тепло, не створюючи парникового ефекту та не електризуючись. До того ж,  надійний захист від холоду забезпечують не 1, а цілих 2 шари вязаного полотна.</p> <p dir=""ltr"">Рукавички</p> <p dir=""ltr"">- легко одягаються та надійно тримаються</p> <p dir=""ltr"">- не губляться завдяки в&#39;язаному шнурочку з тієї ж пряжі</p> <p dir=""ltr"">- ідеально поєднуються з шапками та снудами з цієї ж пряжі, які можна придбати додатково.</p> <p dir=""ltr"">Поради по догляду</p> <p dir=""ltr"">Для чистки не користуйтеся пральною машиною і сушкою. Лише ручне прання у теплій воді з засобом для прання вовни. Не використовуйте пом&rsquo;якшувачі, відбілювачі, миючі засоби або інші продукти, що містять відбілюючі інгредієнти.</p> <p dir=""ltr"">Не прасувати.</p>"
DR-2039-38,DR-2039-38,Шапка демісезонна з вушками Біла,Шапка демісезонна з вушками Біла 38-40см,Головні убори та аксесуари/Головні убори,38-40см,325,UAH,В наявності,Да,ДоРечі,Google Feed for Merchant Center,"https://dorechi.ua/content/images/34/shapka-demisezonna-z-vushkamy-bila-19805707712832_+a13cf56b71.jpg;https://dorechi.ua/content/images/34/shapka-demisezonna-z-vushkamy-bila-75237691352821_+2c00047254.jpg;https://dorechi.ua/content/images/34/shapka-demisezonna-z-vushkamy-bila-60978557751076_+f940efc2a5.jpg;https://dorechi.ua/content/images/19/74776247972772_+a2b46f67a0.jpg;https://dorechi.ua/content/images/29/85227661012054_+fc3a79920f.jpg;https://dorechi.ua/content/images/34/shapka-demisezonna-z-vushkamy-bila-22345972268643_+c8c619e981.jpg;https://dorechi.ua/content/images/19/50561184593994_+d29b739bbd.jpg;https://dorechi.ua/content/images/29/19580535822236_+376d126082.jpg;https://dorechi.ua/content/images/34/shapka-demisezonna-z-vushkamy-bila-18770265733797_+e706c04b10.jpg;https://dorechi.ua/content/images/19/53169088647306_+d78f36e5ca.jpg;https://dorechi.ua/content/images/35/beanie_white_42-75950283827443_+149496370f.jpg;https://dorechi.ua/content/images/29/37607164481608_+4097892b9e.jpg;https://dorechi.ua/content/images/29/27157205262459_+747203de53.jpg;https://dorechi.ua/content/images/29/22264385332325_+01401d0187.jpg","<h2>М&rsquo;яка приємна до тіла бавовняна шапочка &ndash; найкращий варіант на весну та осінь, коли протягом дня тепло чергується з прохолодою.</h2> <p>Виготовлена з еластичного кашкорсе та підкладкового трикотажу з натуральної бавовни (95% бавовна, 5% еластан). Має зручну посадку по голові та стильний подовжений край.</p> <p>Легко чиститься та довгий час зберігає свій колір.</p> <p>Ідеально поєднується зі снудами виробництва ДоРечі.</p> <p>Поради по догляду.</p> <p>Прати в пральній машині в режимах &ldquo;Бавовна&rdquo; чи &ldquo;Делікатне прання&rdquo; за температури 30&deg;С з неагресивним пральним засобом, з речами подібними по тону, уникати сусідства з речами, які мають елементи, що можуть пошкодити тканину (металевий декор, гострі гудзики, застібки-блискавки).</p> <p>Для збереження природної ніжності бавовни бажано застосовувати пом&rsquo;якшуючі тканину ополіскувачі.</p> <p>Віджим 400 обертів. Сушіння у горизонтальному положенні, уникати пересушування та прямої дії сонячних променів.</p> <p>Прасувати праскою з відпарюванням.</p>"
DR-2039-40,DR-2039-38,Шапка демісезонна з вушками Біла,Шапка демісезонна з вушками Біла 40-42см,Головні убори та аксесуари/Головні убори,40-42см,325,UAH,В наявності,Да,ДоРечі,Google Feed for Merchant Center,"https://dorechi.ua/content/images/19/50564179777108_+55d133a788.jpg;https://dorechi.ua/content/images/34/shapka-demisezonna-z-vushkamy-bila-75237691352821_+2c00047254.jpg;https://dorechi.ua/content/images/29/85227661012054_+fc3a79920f.jpg;https://dorechi.ua/content/images/34/shapka-demisezonna-z-vushkamy-bila-60978557751076_+f940efc2a5.jpg;https://dorechi.ua/content/images/19/74776247972772_+a2b46f67a0.jpg;https://dorechi.ua/content/images/34/shapka-demisezonna-z-vushkamy-bila-22345972268643_+c8c619e981.jpg;https://dorechi.ua/content/images/19/50561184593994_+d29b739bbd.jpg;https://dorechi.ua/content/images/29/19580535822236_+376d126082.jpg;https://dorechi.ua/content/images/34/shapka-demisezonna-z-vushkamy-bila-18770265733797_+e706c04b10.jpg;https://dorechi.ua/content/images/19/53169088647306_+d78f36e5ca.jpg;https://dorechi.ua/content/images/35/beanie_white_42-75950283827443_+149496370f.jpg;https://dorechi.ua/content/images/29/37607164481608_+4097892b9e.jpg;https://dorechi.ua/content/images/29/27157205262459_+747203de53.jpg;https://dorechi.ua/content/images/29/22264385332325_+01401d0187.jpg","<h2>М&rsquo;яка приємна до тіла бавовняна шапочка &ndash; найкращий варіант на весну та осінь, коли протягом дня тепло чергується з прохолодою.</h2> <p>Виготовлена з еластичного кашкорсе та підкладкового трикотажу з натуральної бавовни (95% бавовна, 5% еластан). Має зручну посадку по голові та стильний подовжений край.</p> <p>Легко чиститься та довгий час зберігає свій колір.</p> <p>Ідеально поєднується зі снудами виробництва ДоРечі.</p> <p>Поради по догляду.</p> <p>Прати в пральній машині в режимах &ldquo;Бавовна&rdquo; чи &ldquo;Делікатне прання&rdquo; за температури 30&deg;С з неагресивним пральним засобом, з речами подібними по тону, уникати сусідства з речами, які мають елементи, що можуть пошкодити тканину (металевий декор, гострі гудзики, застібки-блискавки).</p> <p>Для збереження природної ніжності бавовни бажано застосовувати пом&rsquo;якшуючі тканину ополіскувачі.</p> <p>Віджим 400 обертів. Сушіння у горизонтальному положенні, уникати пересушування та прямої дії сонячних променів.</p> <p>Прасувати праскою з відпарюванням.</p>"
DR-2039-42,DR-2039-38,Шапка демісезонна з вушками Біла,Шапка демісезонна з вушками Біла 42-44см,Головні убори та аксесуари/Головні убори,42-44см,325,UAH,В наявності,Да,ДоРечі,Google Feed for Merchant Center,"https://dorechi.ua/content/images/35/beanie_white_42-27036985724118_+7fd40452f9.jpg;https://dorechi.ua/content/images/34/shapka-demisezonna-z-vushkamy-bila-75237691352821_+2c00047254.jpg;https://dorechi.ua/content/images/29/85227661012054_+fc3a79920f.jpg;https://dorechi.ua/content/images/34/shapka-demisezonna-z-vushkamy-bila-60978557751076_+f940efc2a5.jpg;https://dorechi.ua/content/images/19/74776247972772_+a2b46f67a0.jpg;https://dorechi.ua/content/images/34/shapka-demisezonna-z-vushkamy-bila-22345972268643_+c8c619e981.jpg;https://dorechi.ua/content/images/19/50561184593994_+d29b739bbd.jpg;https://dorechi.ua/content/images/29/19580535822236_+376d126082.jpg;https://dorechi.ua/content/images/34/shapka-demisezonna-z-vushkamy-bila-18770265733797_+e706c04b10.jpg;https://dorechi.ua/content/images/19/53169088647306_+d78f36e5ca.jpg;https://dorechi.ua/content/images/35/beanie_white_42-75950283827443_+149496370f.jpg;https://dorechi.ua/content/images/29/37607164481608_+4097892b9e.jpg;https://dorechi.ua/content/images/29/27157205262459_+747203de53.jpg;https://dorechi.ua/content/images/29/22264385332325_+01401d0187.jpg","<h2>М&rsquo;яка приємна до тіла бавовняна шапочка &ndash; найкращий варіант на весну та осінь, коли протягом дня тепло чергується з прохолодою.</h2> <p>Виготовлена з еластичного кашкорсе та підкладкового трикотажу з натуральної бавовни (95% бавовна, 5% еластан). Має зручну посадку по голові та стильний подовжений край.</p> <p>Легко чиститься та довгий час зберігає свій колір.</p> <p>Ідеально поєднується зі снудами виробництва ДоРечі.</p> <p>Поради по догляду.</p> <p>Прати в пральній машині в режимах &ldquo;Бавовна&rdquo; чи &ldquo;Делікатне прання&rdquo; за температури 30&deg;С з неагресивним пральним засобом, з речами подібними по тону, уникати сусідства з речами, які мають елементи, що можуть пошкодити тканину (металевий декор, гострі гудзики, застібки-блискавки).</p> <p>Для збереження природної ніжності бавовни бажано застосовувати пом&rsquo;якшуючі тканину ополіскувачі.</p> <p>Віджим 400 обертів. Сушіння у горизонтальному положенні, уникати пересушування та прямої дії сонячних променів.</p> <p>Прасувати праскою з відпарюванням.</p>"
DR-2039-44-1,DR-2039-38,Шапка демісезонна з вушками Біла,Шапка демісезонна з вушками Біла 44-46см,Головні убори та аксесуари/Головні убори,44-46см,325,UAH,В наявності,Да,ДоРечі,Google Feed for Merchant Center,"https://dorechi.ua/content/images/20/84990000127678_+6202fc2315.jpg;https://dorechi.ua/content/images/34/shapka-demisezonna-z-vushkamy-bila-75237691352821_+2c00047254.jpg;https://dorechi.ua/content/images/29/85227661012054_+fc3a79920f.jpg;https://dorechi.ua/content/images/34/shapka-demisezonna-z-vushkamy-bila-60978557751076_+f940efc2a5.jpg;https://dorechi.ua/content/images/19/74776247972772_+a2b46f67a0.jpg;https://dorechi.ua/content/images/34/shapka-demisezonna-z-vushkamy-bila-22345972268643_+c8c619e981.jpg;https://dorechi.ua/content/images/19/50561184593994_+d29b739bbd.jpg;https://dorechi.ua/content/images/29/19580535822236_+376d126082.jpg;https://dorechi.ua/content/images/34/shapka-demisezonna-z-vushkamy-bila-18770265733797_+e706c04b10.jpg;https://dorechi.ua/content/images/19/53169088647306_+d78f36e5ca.jpg;https://dorechi.ua/content/images/35/beanie_white_42-75950283827443_+149496370f.jpg;https://dorechi.ua/content/images/29/37607164481608_+4097892b9e.jpg;https://dorechi.ua/content/images/29/27157205262459_+747203de53.jpg;https://dorechi.ua/content/images/29/22264385332325_+01401d0187.jpg","<h2>М&rsquo;яка приємна до тіла бавовняна шапочка &ndash; найкращий варіант на весну та осінь, коли протягом дня тепло чергується з прохолодою.</h2> <p>Виготовлена з еластичного кашкорсе та підкладкового трикотажу з натуральної бавовни (95% бавовна, 5% еластан). Має зручну посадку по голові та стильний подовжений край.</p> <p>Легко чиститься та довгий час зберігає свій колір.</p> <p>Ідеально поєднується зі снудами виробництва ДоРечі.</p> <p>Поради по догляду.</p> <p>Прати в пральній машині в режимах &ldquo;Бавовна&rdquo; чи &ldquo;Делікатне прання&rdquo; за температури 30&deg;С з неагресивним пральним засобом, з речами подібними по тону, уникати сусідства з речами, які мають елементи, що можуть пошкодити тканину (металевий декор, гострі гудзики, застібки-блискавки).</p> <p>Для збереження природної ніжності бавовни бажано застосовувати пом&rsquo;якшуючі тканину ополіскувачі.</p> <p>Віджим 400 обертів. Сушіння у горизонтальному положенні, уникати пересушування та прямої дії сонячних променів.</p> <p>Прасувати праскою з відпарюванням.</p>"
DR-2039-46,DR-2039-38,Шапка демісезонна з вушками Біла,Шапка демісезонна з вушками Біла 46-48см,Головні убори та аксесуари/Головні убори,46-48см,325,UAH,В наявності,Да,ДоРечі,Google Feed for Merchant Center,"https://dorechi.ua/content/images/29/92141410277842_+b18c9d2eed.jpg;https://dorechi.ua/content/images/34/shapka-demisezonna-z-vushkamy-bila-75237691352821_+2c00047254.jpg;https://dorechi.ua/content/images/29/85227661012054_+fc3a79920f.jpg;https://dorechi.ua/content/images/34/shapka-demisezonna-z-vushkamy-bila-60978557751076_+f940efc2a5.jpg;https://dorechi.ua/content/images/19/74776247972772_+a2b46f67a0.jpg;https://dorechi.ua/content/images/34/shapka-demisezonna-z-vushkamy-bila-22345972268643_+c8c619e981.jpg;https://dorechi.ua/content/images/19/50561184593994_+d29b739bbd.jpg;https://dorechi.ua/content/images/29/19580535822236_+376d126082.jpg;https://dorechi.ua/content/images/34/shapka-demisezonna-z-vushkamy-bila-18770265733797_+e706c04b10.jpg;https://dorechi.ua/content/images/19/53169088647306_+d78f36e5ca.jpg;https://dorechi.ua/content/images/35/beanie_white_42-75950283827443_+149496370f.jpg;https://dorechi.ua/content/images/29/37607164481608_+4097892b9e.jpg;https://dorechi.ua/content/images/29/27157205262459_+747203de53.jpg;https://dorechi.ua/content/images/29/22264385332325_+01401d0187.jpg","<h2>М&rsquo;яка приємна до тіла бавовняна шапочка &ndash; найкращий варіант на весну та осінь, коли протягом дня тепло чергується з прохолодою.</h2> <p>Виготовлена з еластичного кашкорсе та підкладкового трикотажу з натуральної бавовни (95% бавовна, 5% еластан). Має зручну посадку по голові та стильний подовжений край.</p> <p>Легко чиститься та довгий час зберігає свій колір.</p> <p>Ідеально поєднується зі снудами виробництва ДоРечі.</p> <p>Поради по догляду.</p> <p>Прати в пральній машині в режимах &ldquo;Бавовна&rdquo; чи &ldquo;Делікатне прання&rdquo; за температури 30&deg;С з неагресивним пральним засобом, з речами подібними по тону, уникати сусідства з речами, які мають елементи, що можуть пошкодити тканину (металевий декор, гострі гудзики, застібки-блискавки).</p> <p>Для збереження природної ніжності бавовни бажано застосовувати пом&rsquo;якшуючі тканину ополіскувачі.</p> <p>Віджим 400 обертів. Сушіння у горизонтальному положенні, уникати пересушування та прямої дії сонячних променів.</p> <p>Прасувати праскою з відпарюванням.</p>"
DR-2061,DR-2061,Рукавички з вовною мериноса Чорні,Рукавички з вовною мериноса Чорні,Головні убори та аксесуари/Рукавички,,325,UAH,В наявності,Да,ДоРечі,Google Feed for Merchant Center,https://dorechi.ua/content/images/38/gloves_black-80919762579837_+a7d3e7bd1d.jpg,"<p>Ці м&rsquo;якенькі, теплі та зручні рукавички створені для діток від народження до 2х років (довжина 14 см).</p> <p dir=""ltr"">Максимально натуральний склад використаної пряжі - 35% віскоза, 30% меринос, 25% бавовна + 10% нейлон для еластичності - дозволяє зберігати тепло, не створюючи парникового ефекту та не електризуючись. До того ж,  надійний захист від холоду забезпечують не 1, а цілих 2 шари вязаного полотна.</p> <p dir=""ltr"">Рукавички</p> <p dir=""ltr"">- легко одягаються та надійно тримаються</p> <p dir=""ltr"">- не губляться завдяки в&#39;язаному шнурочку з тієї ж пряжі</p> <p dir=""ltr"">- ідеально поєднуються з шапками та снудами з цієї ж пряжі, які можна придбати додатково.</p> <p dir=""ltr"">Поради по догляду</p> <p dir=""ltr"">Для чистки не користуйтеся пральною машиною і сушкою. Лише ручне прання у теплій воді з засобом для прання вовни. Не використовуйте пом&rsquo;якшувачі, відбілювачі, миючі засоби або інші продукти, що містять відбілюючі інгредієнти.</p> <p dir=""ltr"">Не прасувати.</p>"
DR-2066S,DR-2066S,Снуд зимовий з вовною мериноса Чорний,Снуд зимовий з вовною мериноса Чорний,Головні убори та аксесуари/Шарфи та манішки,,325,UAH,В наявності,Да,ДоРечі,Google Feed for Merchant Center,https://dorechi.ua/content/images/37/snood_merino_black-73185348565872_+6b9cd7ee98.jpg,"<h2 dir=""ltr"">Теплий в&rsquo;язаний снуд створює затишок та надійно захищає шию дитини від вітру.</h2> <p dir=""ltr"">Не спадає, тому не губится. Легко одягається та знімається. Одним словом - незамінний аксесуар для маленьких непосид.</p> <p dir=""ltr"">Дуже ніжний на дотик, бо  виготовлений з максимально натуральної пряжі 35% віскоза, 30% меринос, 25% бавовна + 10% нейлон для еластичності. Завдяки складу нитки, снуд надійно зберігає тепло, не створює парникового ефекту та не електризується.</p> <p>Доступний до замовлення в одному універсальному розмірі до 3х років.</p> <p dir=""ltr"">Ідеально поєднується з зимовими шапками з цієї ж пряжі, які можна придбати додатково.</p> <p dir=""ltr"">Поради по догляду</p> <p dir=""ltr"">Для чистки не користуйтеся пральною машиною і сушкою. Лише ручне прання у теплій воді з засобом для прання вовни. Не використовуйте пом&rsquo;якшувачі, відбілювачі, миючі засоби або інші продукти, що містять відбілюючі інгредієнти.</p> <p dir=""ltr"">Не прасувати</p>"
DR-1978-13,DR-1978-13,Пінетки демісезонні Чорні,Пінетки демісезонні Чорні 13 см,Головні убори та аксесуари/Пінетки,13,300,UAH,В наявності,Да,ДоРечі,Google Feed for Merchant Center,"https://dorechi.ua/content/images/4/pinetky_demi_black_13-22629803320805_+35f103ac37.jpg;https://dorechi.ua/content/images/4/pinetky_demi_black_13-30528841331726_+97175f9076.jpg;https://dorechi.ua/content/images/4/pinetky_demi_black_13-22717995024982_+f1b0c2e713.jpg","<h2>Демісезонні пінетки ДоРечі - надзвичайно зручне та м&rsquo;якеньке перше взуття дитини на весняний та осінній сезони.</h2>

<p>Схожі на кросівки та зовсім не схожі на пінетки інших виробників.</p>

<p>Попереду - подовжений язичок, що робить їх по справжньому стильними, модними та сучасними.</p>

<p>Пошиті таким чином, що не заважають і гарно тримаються на ніжках.<br />
Зовнішня сторона зроблена із мембранної вітрозахисної та водо відштовхуючої тканини.</p>

<p>В середині &ndash; легенький та ніжний на дотик гіпоалергенний фліс Polar.</p>

<p>Температурний режим +5+25 С.</p>

<p>Підійдуть для малюків від 0 до 12 місяців (довжина підошви 13 см)</p>

<p>З цими пінетками ніжки маляти завжди будуть у теплі та комфорті, бо вони виготовлені з любов&rsquo;ю та турботою.</p>"
DR-2093,DR-2093,Пінетки Демісезонні Леопард,Пінетки Демісезонні Леопард,Головні убори та аксесуари/Пінетки,,300,UAH,Немає в наявності,Да,ДоРечі,Google Feed for Merchant Center,"https://dorechi.ua/content/images/8/demi_booties_leopard-49795763677517_+05da229ad9.jpg;https://dorechi.ua/content/images/8/demi_booties_leopard-91645115895656_+0a1a3a4de8.jpg;https://dorechi.ua/content/images/8/demi_booties_leopard-70014839040940_+bd08e5aeae.jpg;https://dorechi.ua/content/images/8/demi_booties_leopard-40263810968944_+b54c7ad6fa.jpg","<h2>Демісезонні пінетки ДоРечі - надзвичайно зручне та м&rsquo;якеньке перше взуття дитини на весняний та осінній сезони.</h2>

<p>Схожі на кросівки та зовсім не схожі на пінетки інших виробників.</p>

<p>Попереду - подовжений язичок, що робить їх по справжньому стильними, модними та сучасними.</p>

<p>Пошиті таким чином, що не заважають і гарно тримаються на ніжках.<br />
Зовнішня сторона зроблена із мембранної вітрозахисної та водо відштовхуючої тканини.</p>

<p>В середині &ndash; легенький та ніжний на дотик гіпоалергенний фліс Polar.</p>

<p>Температурний режим +5+25 С.</p>

<p>Підійдуть для малюків від 0 до 12 місяців (довжина підошви 13 см).</p>

<p>З цими пінетками ніжки маляти завжди будуть у теплі та комфорті, бо вони виготовлені з любов&rsquo;ю та турботою.</p>"
DR-1965-44,DR-1965-44,Шапка демісезонна Жовта,Шапка демісезонна Жовта 44-48см,Головні убори та аксесуари/Головні убори,44-48см,240,UAH,В наявності,Да,ДоРечі,Google Feed for Merchant Center,"https://dorechi.ua/content/images/15/beanie_yellow_44-52567951259167_+5d3689f208.jpg;https://dorechi.ua/content/images/15/beanie_yellow_44-37995921023212_+b9f61afe75.jpg;https://dorechi.ua/content/images/16/42386032818519_+0350f116c7.jpeg;https://dorechi.ua/content/images/15/beanie_yellow_44-84964441415071_+4e09160092.jpg;https://dorechi.ua/content/images/15/beanie_yellow_44-15918749176807_+4b01b6ef8a.jpg","<h2>М&rsquo;яка приємна до тіла бавовняна шапочка &ndash; найкращий варіант на весну та осінь, коли протягом дня тепло чергується з прохолодою.</h2> <p>Виготовлена з еластичного кашкорсе з натуральної бавовни (95% бавовна, 5% еластан). Має зручну посадку по голові та стильний подовжений край.</p> <p>Легко чиститься та довгий час зберігає свій колір.</p> <p>Шапочка доступна до замовлення у двох розмірах 44-48 (до року-півтора) та 48-52 (від року до чотирьох)</p> <p>Ідеально поєднується зі снудами виробництва ДоРечі.</p> <p>Поради по догляду.</p> <p>Прати в пральній машині в режимах &ldquo;Бавовна&rdquo; чи &ldquo;Делікатне прання&rdquo; за температури 30&deg;С з неагресивним пральним засобом, з речами подібними по тону, уникати сусідства з речами, які мають елементи, що можуть пошкодити тканину (металевий декор, гострі гудзики, застібки-блискавки).</p> <p>Для збереження природної ніжності бавовни бажано застосовувати пом&rsquo;якшуючі тканину ополіскувачі.</p> <p>Віджим 400 обертів. Сушіння у горизонтальному положенні, уникати пересушування та прямої дії сонячних променів.</p> <p>Прасувати праскою з відпарюванням.</p>"
DR-1965-48,DR-1965-44,Шапка демісезонна Жовта,Шапка демісезонна Жовта 48-52см,Головні убори та аксесуари/Головні убори,48-52см,240,UAH,В наявності,Да,ДоРечі,Google Feed for Merchant Center,"https://dorechi.ua/content/images/16/49085421989022_+25c4424c01.jpeg;https://dorechi.ua/content/images/15/beanie_yellow_44-37995921023212_+b9f61afe75.jpg;https://dorechi.ua/content/images/16/42386032818519_+0350f116c7.jpeg;https://dorechi.ua/content/images/15/beanie_yellow_44-84964441415071_+4e09160092.jpg;https://dorechi.ua/content/images/15/beanie_yellow_44-15918749176807_+4b01b6ef8a.jpg","<h2>М&rsquo;яка приємна до тіла бавовняна шапочка &ndash; найкращий варіант на весну та осінь, коли протягом дня тепло чергується з прохолодою.</h2> <p>Виготовлена з еластичного кашкорсе з натуральної бавовни (95% бавовна, 5% еластан). Має зручну посадку по голові та стильний подовжений край.</p> <p>Легко чиститься та довгий час зберігає свій колір.</p> <p>Шапочка доступна до замовлення у двох розмірах 44-48 (до року-півтора) та 48-52 (від року до чотирьох)</p> <p>Ідеально поєднується зі снудами виробництва ДоРечі.</p> <p>Поради по догляду.</p> <p>Прати в пральній машині в режимах &ldquo;Бавовна&rdquo; чи &ldquo;Делікатне прання&rdquo; за температури 30&deg;С з неагресивним пральним засобом, з речами подібними по тону, уникати сусідства з речами, які мають елементи, що можуть пошкодити тканину (металевий декор, гострі гудзики, застібки-блискавки).</p> <p>Для збереження природної ніжності бавовни бажано застосовувати пом&rsquo;якшуючі тканину ополіскувачі.</p> <p>Віджим 400 обертів. Сушіння у горизонтальному положенні, уникати пересушування та прямої дії сонячних променів.</p> <p>Прасувати праскою з відпарюванням.</p>"
DR-1966-44,DR-1966-44,Шапка демісезонна Гірчиця,Шапка демісезонна Гірчиця 44-48см,Головні убори та аксесуари/Головні убори,44-48см,240,UAH,В наявності,Да,ДоРечі,Google Feed for Merchant Center,"https://dorechi.ua/content/images/36/beanie_mustard_44-41859689345869_+95c94c6a63.jpg;https://dorechi.ua/content/images/36/beanie_mustard_44-36489551849656_+c9ee125aa1.jpg","<h2>М&rsquo;яка приємна до тіла бавовняна шапочка &ndash; найкращий варіант на весну та осінь, коли протягом дня тепло чергується з прохолодою.</h2> <p>Виготовлена з еластичного кашкорсе з натуральної бавовни (95% бавовна, 5% еластан). Має зручну посадку по голові та стильний подовжений край.</p> <p>Легко чиститься та довгий час зберігає свій колір.</p> <p>Шапочка доступна до замовлення у двох розмірах 44-48 (до року-півтора) та 48-52 (від року до чотирьох)</p> <p>Ідеально поєднується зі снудами виробництва ДоРечі.</p> <p>Поради по догляду.</p> <p>Прати в пральній машині в режимах &ldquo;Бавовна&rdquo; чи &ldquo;Делікатне прання&rdquo; за температури 30&deg;С з неагресивним пральним засобом, з речами подібними по тону, уникати сусідства з речами, які мають елементи, що можуть пошкодити тканину (металевий декор, гострі гудзики, застібки-блискавки).</p> <p>Для збереження природної ніжності бавовни бажано застосовувати пом&rsquo;якшуючі тканину ополіскувачі.</p> <p>Віджим 400 обертів. Сушіння у горизонтальному положенні, уникати пересушування та прямої дії сонячних променів.</p> <p>Прасувати праскою з відпарюванням.</p>"
DR-1969-44,DR-1969-44,Шапка демісезонна Блакитна,Шапка демісезонна Блакитна 44-48см,Головні убори та аксесуари/Головні убори,44-48см,240,UAH,В наявності,Да,ДоРечі,Google Feed for Merchant Center,"https://dorechi.ua/content/images/24/beanie_blue_44-70428542833543_+1548edb184.jpg;https://dorechi.ua/content/images/24/beanie_blue_44-54360969052494_+06c18752bb.jpg;https://dorechi.ua/content/images/24/beanie_blue_44-15923642538467_+7a86f057c4.jpg","<h2>М&rsquo;яка приємна до тіла бавовняна шапочка &ndash; найкращий варіант на весну та осінь, коли протягом дня тепло чергується з прохолодою.</h2> <p>Виготовлена з еластичного кашкорсе з натуральної бавовни (95% бавовна, 5% еластан). Має зручну посадку по голові та стильний подовжений край.</p> <p>Легко чиститься та довгий час зберігає свій колір.</p> <p>Шапочка доступна до замовлення у двох розмірах 44-48 (до року-півтора) та 48-52 (від року до чотирьох)</p> <p>Ідеально поєднується зі снудами виробництва ДоРечі.</p> <p>Поради по догляду.</p> <p>Прати в пральній машині в режимах &ldquo;Бавовна&rdquo; чи &ldquo;Делікатне прання&rdquo; за температури 30&deg;С з неагресивним пральним засобом, з речами подібними по тону, уникати сусідства з речами, які мають елементи, що можуть пошкодити тканину (металевий декор, гострі гудзики, застібки-блискавки).</p> <p>Для збереження природної ніжності бавовни бажано застосовувати пом&rsquo;якшуючі тканину ополіскувачі.</p> <p>Віджим 400 обертів. Сушіння у горизонтальному положенні, уникати пересушування та прямої дії сонячних променів.</p> <p>Прасувати праскою з відпарюванням.</p>"
DR-1969-48,DR-1969-44,Шапка демісезонна Блакитна,Шапка демісезонна Блакитна 48-52см,Головні убори та аксесуари/Головні убори,48-52см,240,UAH,В наявності,Да,ДоРечі,Google Feed for Merchant Center,"https://dorechi.ua/content/images/25/beanie_blue_48-33364853450757_+fb22d564ad.jpg;https://dorechi.ua/content/images/24/beanie_blue_44-54360969052494_+06c18752bb.jpg;https://dorechi.ua/content/images/24/beanie_blue_44-15923642538467_+7a86f057c4.jpg","<h2>М&rsquo;яка приємна до тіла бавовняна шапочка &ndash; найкращий варіант на весну та осінь, коли протягом дня тепло чергується з прохолодою.</h2> <p>Виготовлена з еластичного кашкорсе з натуральної бавовни (95% бавовна, 5% еластан). Має зручну посадку по голові та стильний подовжений край.</p> <p>Легко чиститься та довгий час зберігає свій колір.</p> <p>Шапочка доступна до замовлення у двох розмірах 44-48 (до року-півтора) та 48-52 (від року до чотирьох)</p> <p>Ідеально поєднується зі снудами виробництва ДоРечі.</p> <p>Поради по догляду.</p> <p>Прати в пральній машині в режимах &ldquo;Бавовна&rdquo; чи &ldquo;Делікатне прання&rdquo; за температури 30&deg;С з неагресивним пральним засобом, з речами подібними по тону, уникати сусідства з речами, які мають елементи, що можуть пошкодити тканину (металевий декор, гострі гудзики, застібки-блискавки).</p> <p>Для збереження природної ніжності бавовни бажано застосовувати пом&rsquo;якшуючі тканину ополіскувачі.</p> <p>Віджим 400 обертів. Сушіння у горизонтальному положенні, уникати пересушування та прямої дії сонячних променів.</p> <p>Прасувати праскою з відпарюванням.</p>"
DR-1973-44,DR-1973-44,Шапка демісезонна Чорна,Шапка демісезонна Чорна 44-48см,Головні убори та аксесуари/Головні убори,44-48см,240,UAH,В наявності,Да,ДоРечі,Google Feed for Merchant Center,"https://dorechi.ua/content/images/32/beanie_black_44-50256648873390_+7eb0a59834.jpg;https://dorechi.ua/content/images/32/beanie_black_44-71419262697583_+b8ae3e561a.jpg;https://dorechi.ua/content/images/32/beanie_black_44-24703103757455_+891ae27251.jpg;https://dorechi.ua/content/images/32/beanie_black_44-81615395456094_+639097cb42.jpg","<h2>М&rsquo;яка приємна до тіла бавовняна шапочка &ndash; найкращий варіант на весну та осінь, коли протягом дня тепло чергується з прохолодою.</h2> <p>Виготовлена з еластичного кашкорсе з натуральної бавовни (95% бавовна, 5% еластан). Має зручну посадку по голові та стильний подовжений край.</p> <p>Легко чиститься та довгий час зберігає свій колір.</p> <p>Шапочка доступна до замовлення у двох розмірах 44-48 (до року-півтора) та 48-52 (від року до чотирьох)</p> <p>Ідеально поєднується зі снудами виробництва ДоРечі.</p> <p>Поради по догляду.</p> <p>Прати в пральній машині в режимах &ldquo;Бавовна&rdquo; чи &ldquo;Делікатне прання&rdquo; за температури 30&deg;С з неагресивним пральним засобом, з речами подібними по тону, уникати сусідства з речами, які мають елементи, що можуть пошкодити тканину (металевий декор, гострі гудзики, застібки-блискавки).</p> <p>Для збереження природної ніжності бавовни бажано застосовувати пом&rsquo;якшуючі тканину ополіскувачі.</p> <p>Віджим 400 обертів. Сушіння у горизонтальному положенні, уникати пересушування та прямої дії сонячних променів.</p> <p>Прасувати праскою з відпарюванням.</p>"
DR-1973-48,DR-1973-44,Шапка демісезонна Чорна,Шапка демісезонна Чорна 48-52см,Головні убори та аксесуари/Головні убори,48-52см,240,UAH,В наявності,Да,ДоРечі,Google Feed for Merchant Center,"https://dorechi.ua/content/images/33/beanie_black_48-55125135651574_+11f2d830b1.jpg;https://dorechi.ua/content/images/32/beanie_black_44-71419262697583_+b8ae3e561a.jpg;https://dorechi.ua/content/images/32/beanie_black_44-24703103757455_+891ae27251.jpg;https://dorechi.ua/content/images/32/beanie_black_44-81615395456094_+639097cb42.jpg","<h2>М&rsquo;яка приємна до тіла бавовняна шапочка &ndash; найкращий варіант на весну та осінь, коли протягом дня тепло чергується з прохолодою.</h2> <p>Виготовлена з еластичного кашкорсе з натуральної бавовни (95% бавовна, 5% еластан). Має зручну посадку по голові та стильний подовжений край.</p> <p>Легко чиститься та довгий час зберігає свій колір.</p> <p>Шапочка доступна до замовлення у двох розмірах 44-48 (до року-півтора) та 48-52 (від року до чотирьох)</p> <p>Ідеально поєднується зі снудами виробництва ДоРечі.</p> <p>Поради по догляду.</p> <p>Прати в пральній машині в режимах &ldquo;Бавовна&rdquo; чи &ldquo;Делікатне прання&rdquo; за температури 30&deg;С з неагресивним пральним засобом, з речами подібними по тону, уникати сусідства з речами, які мають елементи, що можуть пошкодити тканину (металевий декор, гострі гудзики, застібки-блискавки).</p> <p>Для збереження природної ніжності бавовни бажано застосовувати пом&rsquo;якшуючі тканину ополіскувачі.</p> <p>Віджим 400 обертів. Сушіння у горизонтальному положенні, уникати пересушування та прямої дії сонячних променів.</p> <p>Прасувати праскою з відпарюванням.</p>"
DR-1984-44,DR-1984-44,Шапка демісезонна Рожева,Шапка демісезонна Рожева 44-48см,Головні убори та аксесуари/Головні убори,44-48см,240,UAH,В наявності,Да,ДоРечі,Google Feed for Merchant Center,"https://dorechi.ua/content/images/30/beanie_pink_44-61008537933808_+fc99bc4705.jpg;https://dorechi.ua/content/images/30/beanie_pink_44-22657494682985_+93cb2e51ab.jpg;https://dorechi.ua/content/images/31/beanie_pink_48-15236171333409_+38e669d85a.jpg","<h2>М&rsquo;яка приємна до тіла бавовняна шапочка &ndash; найкращий варіант на весну та осінь, коли протягом дня тепло чергується з прохолодою.</h2> <p>Виготовлена з еластичного кашкорсе з натуральної бавовни (95% бавовна, 5% еластан). Має зручну посадку по голові та стильний подовжений край.</p> <p>Легко чиститься та довгий час зберігає свій колір.</p> <p>Шапочка доступна до замовлення у двох розмірах 44-48 (до року-півтора) та 48-52 (від року до чотирьох)</p> <p>Ідеально поєднується зі снудами виробництва ДоРечі.</p> <p>Поради по догляду.</p> <p>Прати в пральній машині в режимах &ldquo;Бавовна&rdquo; чи &ldquo;Делікатне прання&rdquo; за температури 30&deg;С з неагресивним пральним засобом, з речами подібними по тону, уникати сусідства з речами, які мають елементи, що можуть пошкодити тканину (металевий декор, гострі гудзики, застібки-блискавки).</p> <p>Для збереження природної ніжності бавовни бажано застосовувати пом&rsquo;якшуючі тканину ополіскувачі.</p> <p>Віджим 400 обертів. Сушіння у горизонтальному положенні, уникати пересушування та прямої дії сонячних променів.</p> <p>Прасувати праскою з відпарюванням.</p>"
DR-1984-48,DR-1984-44,Шапка демісезонна Рожева,Шапка демісезонна Рожева 48-52см,Головні убори та аксесуари/Головні убори,48-52см,240,UAH,В наявності,Да,ДоРечі,Google Feed for Merchant Center,"https://dorechi.ua/content/images/31/beanie_pink_48-13505855465575_+3662fa1643.jpg;https://dorechi.ua/content/images/30/beanie_pink_44-22657494682985_+93cb2e51ab.jpg;https://dorechi.ua/content/images/31/beanie_pink_48-15236171333409_+38e669d85a.jpg","<h2>М&rsquo;яка приємна до тіла бавовняна шапочка &ndash; найкращий варіант на весну та осінь, коли протягом дня тепло чергується з прохолодою.</h2> <p>Виготовлена з еластичного кашкорсе з натуральної бавовни (95% бавовна, 5% еластан). Має зручну посадку по голові та стильний подовжений край.</p> <p>Легко чиститься та довгий час зберігає свій колір.</p> <p>Шапочка доступна до замовлення у двох розмірах 44-48 (до року-півтора) та 48-52 (від року до чотирьох)</p> <p>Ідеально поєднується зі снудами виробництва ДоРечі.</p> <p>Поради по догляду.</p> <p>Прати в пральній машині в режимах &ldquo;Бавовна&rdquo; чи &ldquo;Делікатне прання&rdquo; за температури 30&deg;С з неагресивним пральним засобом, з речами подібними по тону, уникати сусідства з речами, які мають елементи, що можуть пошкодити тканину (металевий декор, гострі гудзики, застібки-блискавки).</p> <p>Для збереження природної ніжності бавовни бажано застосовувати пом&rsquo;якшуючі тканину ополіскувачі.</p> <p>Віджим 400 обертів. Сушіння у горизонтальному положенні, уникати пересушування та прямої дії сонячних променів.</p> <p>Прасувати праскою з відпарюванням.</p>"
DR-2024-44,DR-2024-44,Шапка демісезонна Зелена,Шапка демісезонна Зелена 44см,Головні убори та аксесуари/Головні убори,44см,240,UAH,В наявності,Да,ДоРечі,Google Feed for Merchant Center,"https://dorechi.ua/content/images/20/beanie_green_44-80932213901429_+76c3f36094.jpg;https://dorechi.ua/content/images/20/beanie_green_44-58701930995775_+a378c672bf.jpg;https://dorechi.ua/content/images/20/shapka-demisezonna-zelena-80872726319391_+8a5224740a.jpg","<h2>М&rsquo;яка приємна до тіла бавовняна шапочка &ndash; найкращий варіант на весну та осінь, коли протягом дня тепло чергується з прохолодою.</h2> <p>Виготовлена з еластичного кашкорсе з натуральної бавовни (95% бавовна, 5% еластан). Має зручну посадку по голові та стильний подовжений край.</p> <p>Легко чиститься та довгий час зберігає свій колір.</p> <p>Шапочка доступна до замовлення у двох розмірах 44-48 (до року-півтора) та 48-52 (від року до чотирьох)</p> <p>Ідеально поєднується зі снудами виробництва ДоРечі.</p> <p>Поради по догляду.</p> <p>Прати в пральній машині в режимах &ldquo;Бавовна&rdquo; чи &ldquo;Делікатне прання&rdquo; за температури 30&deg;С з неагресивним пральним засобом, з речами подібними по тону, уникати сусідства з речами, які мають елементи, що можуть пошкодити тканину (металевий декор, гострі гудзики, застібки-блискавки).</p> <p>Для збереження природної ніжності бавовни бажано застосовувати пом&rsquo;якшуючі тканину ополіскувачі.</p> <p>Віджим 400 обертів. Сушіння у горизонтальному положенні, уникати пересушування та прямої дії сонячних променів.</p> <p>Прасувати праскою з відпарюванням.</p>"
DR-2024-48,DR-2024-44,Шапка демісезонна Зелена,Шапка демісезонна Зелена 48см,Головні убори та аксесуари/Головні убори,48см,240,UAH,В наявності,Да,ДоРечі,Google Feed for Merchant Center,"https://dorechi.ua/content/images/21/beanie_green_48-42656505478535_+fecdc1ac7d.jpg;https://dorechi.ua/content/images/20/beanie_green_44-58701930995775_+a378c672bf.jpg;https://dorechi.ua/content/images/20/shapka-demisezonna-zelena-80872726319391_+8a5224740a.jpg","<h2>М&rsquo;яка приємна до тіла бавовняна шапочка &ndash; найкращий варіант на весну та осінь, коли протягом дня тепло чергується з прохолодою.</h2> <p>Виготовлена з еластичного кашкорсе з натуральної бавовни (95% бавовна, 5% еластан). Має зручну посадку по голові та стильний подовжений край.</p> <p>Легко чиститься та довгий час зберігає свій колір.</p> <p>Шапочка доступна до замовлення у двох розмірах 44-48 (до року-півтора) та 48-52 (від року до чотирьох)</p> <p>Ідеально поєднується зі снудами виробництва ДоРечі.</p> <p>Поради по догляду.</p> <p>Прати в пральній машині в режимах &ldquo;Бавовна&rdquo; чи &ldquo;Делікатне прання&rdquo; за температури 30&deg;С з неагресивним пральним засобом, з речами подібними по тону, уникати сусідства з речами, які мають елементи, що можуть пошкодити тканину (металевий декор, гострі гудзики, застібки-блискавки).</p> <p>Для збереження природної ніжності бавовни бажано застосовувати пом&rsquo;якшуючі тканину ополіскувачі.</p> <p>Віджим 400 обертів. Сушіння у горизонтальному положенні, уникати пересушування та прямої дії сонячних променів.</p> <p>Прасувати праскою з відпарюванням.</p>"
DR-1965S,DR-1965S,Снуд демісезонний Жовтий,Снуд демісезонний Жовтий,Головні убори та аксесуари/Шарфи та манішки,,160,UAH,В наявності,Да,ДоРечі,Google Feed for Merchant Center,https://dorechi.ua/content/images/48/snood_yellow-24706613736680_+a6b74e8e84.jpg,"<h2>Стильний дитячий снуд створює затишок та надійно захищає шию дитинки від вітру.</h2> <p>Не спадає, тому не губится. Легко одягається та знімається. Одним словом - незамінний аксесуар для маленьких непосид.</p> <p>Виготовлений з еластичного кашкорсе з натуральної бавовни (95% бавовна, 5% еластан).</p> <p>Легко чиститься та довгий час зберігає свій колір.</p> <p>Доступний до замовлення у одному універсальному розмірі до 3х років.</p> <p>Ідеально поєднується з шапками ДоРечі.</p> <p>Поради по догляду</p> <p>Прати в пральній машині в режимах &ldquo;Бавовна&rdquo; чи &ldquo;Делікатне прання&rdquo; за температури 30&deg; з неагресивним пральним засобом, з речами подібними по тону, уникати сусідства з речами, які мають елементи, що можуть пошкодити тканину (металевий декор, гострі гудзики, застібки-блискавки).</p> <p>Для збереження природної ніжності бавовни бажано застосовувати пом&rsquo;якшуючі тканину ополіскувачі.</p> <p>Віджим 400 обертів. Сушіння у горизонтальному положенні, уникати пересушування та прямої дії сонячних променів.</p> <p>Прасувати праскою з відпарюванням.</p>"
DR-1969S,DR-1969S,Снуд демісезонний Блакитний,Снуд демісезонний Блакитний,Головні убори та аксесуари/Шарфи та манішки,,160,UAH,В наявності,Да,ДоРечі,Google Feed for Merchant Center,https://dorechi.ua/content/images/43/copy_snud-demisezonniy-buzkoviy-56805630023826_+a30eb0cb82.jpg,"<h2>Стильний дитячий снуд створює затишок та надійно захищає шию дитинки від вітру.</h2> <p>Не спадає, тому не губится. Легко одягається та знімається. Одним словом - незамінний аксесуар для маленьких непосид.</p> <p>Виготовлений з еластичного кашкорсе з натуральної бавовни (95% бавовна, 5% еластан).</p> <p>Легко чиститься та довгий час зберігає свій колір.</p> <p>Доступний до замовлення у одному універсальному розмірі (15х20см) до 3х років.</p> <p>Ідеально поєднується з шапками ДоРечі.</p> <p>Поради по догляду</p> <p>Прати в пральній машині в режимах &ldquo;Бавовна&rdquo; чи &ldquo;Делікатне прання&rdquo; за температури 30&deg; з неагресивним пральним засобом, з речами подібними по тону, уникати сусідства з речами, які мають елементи, що можуть пошкодити тканину (металевий декор, гострі гудзики, застібки-блискавки).</p> <p>Для збереження природної ніжності бавовни бажано застосовувати пом&rsquo;якшуючі тканину ополіскувачі.</p> <p>Віджим 400 обертів. Сушіння у горизонтальному положенні, уникати пересушування та прямої дії сонячних променів.</p> <p>Прасувати праскою з відпарюванням.</p>"
DR-1973S,DR-1973S,Снуд демісезонний Чорний,Снуд демісезонний Чорний,Головні убори та аксесуари/Шарфи та манішки,,160,UAH,В наявності,Да,ДоРечі,Google Feed for Merchant Center,https://dorechi.ua/content/images/47/snud_black-79963596828832_+6c3fb59589.jpg,"<h2>Стильний дитячий снуд створює затишок та надійно захищає шию дитинки від вітру.</h2> <p>Не спадає, тому не губится. Легко одягається та знімається. Одним словом - незамінний аксесуар для маленьких непосид.</p> <p>Виготовлений з еластичного кашкорсе з натуральної бавовни (95% бавовна, 5% еластан).</p> <p>Легко чиститься та довгий час зберігає свій колір.</p> <p>Доступний до замовлення у одному універсальному розмірі до 3х років.</p> <p>Ідеально поєднується з шапками ДоРечі.</p> <p>Поради по догляду</p> <p>Прати в пральній машині в режимах &ldquo;Бавовна&rdquo; чи &ldquo;Делікатне прання&rdquo; за температури 30&deg; з неагресивним пральним засобом, з речами подібними по тону, уникати сусідства з речами, які мають елементи, що можуть пошкодити тканину (металевий декор, гострі гудзики, застібки-блискавки).</p> <p>Для збереження природної ніжності бавовни бажано застосовувати пом&rsquo;якшуючі тканину ополіскувачі.</p> <p>Віджим 400 обертів. Сушіння у горизонтальному положенні, уникати пересушування та прямої дії сонячних променів.</p> <p>Прасувати праскою з відпарюванням.</p>"
DR-1984S,DR-1984S,Снуд демісезонний Рожевий,Снуд демісезонний Рожевий,Головні убори та аксесуари/Шарфи та манішки,,160,UAH,В наявності,Да,ДоРечі,Google Feed for Merchant Center,https://dorechi.ua/content/images/6/snood_pink-66330798150288_+6762b4cb86.jpg,"<h2>Стильний дитячий снуд створює затишок та надійно захищає шию дитинки від вітру.</h2> <p>Не спадає, тому не губится. Легко одягається та знімається. Одним словом - незамінний аксесуар для маленьких непосид.</p> <p>Виготовлений з еластичного кашкорсе з натуральної бавовни (95% бавовна, 5% еластан).</p> <p>Легко чиститься та довгий час зберігає свій колір.</p> <p>Доступний до замовлення у одному універсальному розмірі (15х20см) до 3х років.</p> <p>Ідеально поєднується з шапками ДоРечі.</p> <p>Поради по догляду</p> <p>Прати в пральній машині в режимах &ldquo;Бавовна&rdquo; чи &ldquo;Делікатне прання&rdquo; за температури 30&deg; з неагресивним пральним засобом, з речами подібними по тону, уникати сусідства з речами, які мають елементи, що можуть пошкодити тканину (металевий декор, гострі гудзики, застібки-блискавки).</p> <p>Для збереження природної ніжності бавовни бажано застосовувати пом&rsquo;якшуючі тканину ополіскувачі.</p> <p>Віджим 400 обертів. Сушіння у горизонтальному положенні, уникати пересушування та прямої дії сонячних променів.</p> <p>Прасувати праскою з відпарюванням.</p>"
DR-2024S,DR-2024S,Снуд демісезонний Зелений,Снуд демісезонний Зелений,Головні убори та аксесуари/Шарфи та манішки,,160,UAH,В наявності,Да,ДоРечі,Google Feed for Merchant Center,https://dorechi.ua/content/images/19/snood_green-61203857339187_+f7351e19a7.jpg,"<h2>Стильний дитячий снуд створює затишок та надійно захищає шию дитинки від вітру.</h2> <p>Не спадає, тому не губится. Легко одягається та знімається. Одним словом - незамінний аксесуар для маленьких непосид.</p> <p>Виготовлений з еластичного кашкорсе з натуральної бавовни (95% бавовна, 5% еластан).</p> <p>Легко чиститься та довгий час зберігає свій колір.</p> <p>Доступний до замовлення у одному універсальному розмірі (15х20см) до 3х років.</p> <p>Ідеально поєднується з шапками ДоРечі.</p> <p>Поради по догляду</p> <p>Прати в пральній машині в режимах &ldquo;Бавовна&rdquo; чи &ldquo;Делікатне прання&rdquo; за температури 30&deg; з неагресивним пральним засобом, з речами подібними по тону, уникати сусідства з речами, які мають елементи, що можуть пошкодити тканину (металевий декор, гострі гудзики, застібки-блискавки).</p> <p>Для збереження природної ніжності бавовни бажано застосовувати пом&rsquo;якшуючі тканину ополіскувачі.</p> <p>Віджим 400 обертів. Сушіння у горизонтальному положенні, уникати пересушування та прямої дії сонячних променів.</p> <p>Прасувати праскою з відпарюванням.</p>"
DR-2039S,DR-2039S,Снуд демісезонний Білий,Снуд демісезонний Білий,Головні убори та аксесуари/Шарфи та манішки,,160,UAH,Немає в наявності,Да,ДоРечі,Google Feed for Merchant Center,https://dorechi.ua/content/images/33/snood_white-19599870306909_+5fc9ace4e0.jpg,"<h2>Стильний дитячий снуд створює затишок та надійно захищає шию дитинки від вітру.</h2>

<p>Не спадає, тому не губится. Легко одягається та знімається. Одним словом - незамінний аксесуар для маленьких непосид.</p>

<p>Виготовлений з еластичного кашкорсе з натуральної бавовни (95% бавовна, 5% еластан).</p>

<p>Легко чиститься та довгий час зберігає свій колір.</p>

<p>Доступний до замовлення у одному універсальному розмірі (15х20см) до 3х років. </p>

<p>Ідеально поєднується з шапками ДоРечі.</p>

<p>Поради по догляду</p>

<p>Прати в пральній машині в режимах &ldquo;Бавовна&rdquo; чи &ldquo;Делікатне прання&rdquo; за температури 30&deg; з неагресивним пральним засобом, з речами подібними по тону, уникати сусідства з речами, які мають елементи, що можуть пошкодити тканину (металевий декор, гострі гудзики, застібки-блискавки).</p>

<p>Для збереження природної ніжності бавовни бажано застосовувати пом&rsquo;якшуючі тканину ополіскувачі.</p>

<p>Віджим 400 обертів. Сушіння у горизонтальному положенні, уникати пересушування та прямої дії сонячних променів.</p>

<p>Прасувати праскою з відпарюванням.</p>"
DR-2105,DR-2105,Рукавички Сині плямки,Рукавички Сині плямки,Головні убори та аксесуари/Рукавички,,150,UAH,В наявності,Да,ДоРечі,Google Feed for Merchant Center,"https://dorechi.ua/content/images/5/gloves_n_blue-84719486322938_+b34806f553.jpg;https://dorechi.ua/content/images/5/gloves_n_blue-48722613515097_+eefae6ca0d.jpg;https://dorechi.ua/content/images/5/gloves_n_blue-87663412694787_+9c7dafe614.jpg;https://dorechi.ua/content/images/5/gloves_n_blue-76930458339797_+38299cea07.jpg;https://dorechi.ua/content/images/5/gloves_n_blue-74736515352967_+9fdde7f4c8.jpg;https://dorechi.ua/content/images/5/gloves_n_blue-14196459602630_+3d7e741e77.jpg","<p>Рукавички ДоРечі зроблені для діток до 24 місяців.</p> <p>За допомогою еластичної тасьми вони легко одягаються та утримуються на ніжці.</p> <p>Верхній матеріал - мембранна тканина.</p> <p>Утеплювач Thinsulate, який чудово зберігає тепло.</p> <p>Всередині - м&#39;який фліс.</p> <p>Світловідбиваючі елементи допомагають малюкові бути помітним в темний час доби під час переходу дороги.</p>"
DR-2106,DR-2106,Рукавички Рожевий леопард,Рукавички Рожевий леопард,Головні убори та аксесуари/Рукавички,,150,UAH,В наявності,Да,ДоРечі,Google Feed for Merchant Center,"https://dorechi.ua/content/images/6/gloves_pink_leo-52314856327047_+cc240f060a.jpg;https://dorechi.ua/content/images/6/gloves_pink_leo-42771027722183_+a779f1882f.jpg;https://dorechi.ua/content/images/6/gloves_pink_leo-93592368203828_+073ab8b796.jpg;https://dorechi.ua/content/images/6/gloves_pink_leo-46262195171335_+7cbc2defa4.jpg","<p>Рукавички ДоРечі зроблені для діток до 24 місяців.</p> <p>За допомогою еластичної тасьми вони легко одягаються та утримуються на ніжці.</p> <p>Верхній матеріал - мембранна тканина.</p> <p>Утеплювач Thinsulate, який чудово зберігає тепло.</p> <p>Всередині - м&#39;який фліс.</p> <p>Світловідбиваючі елементи допомагають малюкові бути помітним в темний час доби під час переходу дороги.</p>"